     [0/3] 🔍  Analyzing all targets... 0.04s
     [1/3] 👀  Checking structure of 659 files...  1.64s
     [2/3] 🤔  Looking for duplication across 659 files...  1.91s
     [3/3] ✨  Reporting...  

.mimocode/export_code.py
    Found 33 lines of identical code in 2 locations (mass = 221)

           1  [48;2;0;0;0m[38;2;204;153;204mimport[48;2;0;0;0m[38;2;211;208;200m [48;2;0;0;0m[38;2;211;208;200mos[48;2;0;0;0m[38;2;211;208;200m
           2  [48;2;0;0;0m[38;2;211;208;200m
           3  [48;2;0;0;0m[38;2;204;153;204mdef[48;2;0;0;0m[38;2;211;208;200m [48;2;0;0;0m[38;2;102;153;204mexport_unity_codebase[48;2;0;0;0m[38;2;211;208;200m([48;2;0;0;0m[38;2;242;119;122massets_folder_path[48;2;0;0;0m[38;2;211;208;200m,[48;2;0;0;0m[38;2;211;208;200m [48;2;0;0;0m[38;2;242;119;122moutput_filename[48;2;0;0;0m[38;2;211;208;200m=[48;2;0;0;0m[38;2;211;208;200m"[48;2;0;0;0m[38;2;153;204;153munity_codebase.txt[48;2;0;0;0m[38;2;211;208;200m"[48;2;0;0;0m[38;2;211;208;200m)[48;2;0;0;0m[38;2;211;208;200m:[48;2;0;0;0m[38;2;211;208;200m
           4  [48;2;0;0;0m[38;2;211;208;200m    [48;2;0;0;0m[38;2;116;115;105m"""[48;2;0;0;0m[38;2;116;115;105m
           5  [48;2;0;0;0m[38;2;116;115;105m    Recursively scans your Unity Assets folder and concatenates all .cs files
           6  [48;2;0;0;0m[38;2;116;115;105m    into a single text file with clear file path headers.
              [hid 27 additional lines]
        also found at export_code.py


Assets/Tests/EditMode/AshesHostTests.cs
    Found 23 lines of similar code in 2 locations (mass = 163)

         100  [48;2;0;0;0m[38;2;242;240;236m        [48;2;0;0;0m[38;2;242;240;236m[[48;2;0;0;0m[38;2;242;119;122mTest[48;2;0;0;0m[38;2;242;240;236m][48;2;0;0;0m[38;2;242;240;236m
         101  [48;2;0;0;0m[38;2;242;240;236m        [48;2;0;0;0m[38;2;204;153;204mpublic[48;2;0;0;0m[38;2;242;240;236m [48;2;0;0;0m[38;2;204;153;204mvoid[48;2;0;0;0m[38;2;242;240;236m [48;2;0;0;0m[38;2;102;153;204mActionScorer_Gamer_FavorsCoopWorkAtNight[48;2;0;0;0m[38;2;242;240;236m([48;2;0;0;0m[38;2;242;240;236m)[48;2;0;0;0m[38;2;242;240;236m
         102  [48;2;0;0;0m[38;2;242;240;236m        [48;2;0;0;0m[38;2;242;240;236m{[48;2;0;0;0m[38;2;242;240;236m
         103  [48;2;0;0;0m[38;2;242;240;236m            [48;2;0;0;0m[38;2;204;153;204mvar[48;2;0;0;0m[38;2;242;240;236m [48;2;0;0;0m[38;2;242;119;122mg[48;2;0;0;0m[38;2;242;240;236m [48;2;0;0;0m[38;2;211;208;200m=[48;2;0;0;0m[38;2;242;240;236m [48;2;0;0;0m[38;2;102;153;204mMakeArchetype[48;2;0;0;0m[38;2;242;240;236m([48;2;0;0;0m[38;2;242;119;122mPersonalQuestSystem[48;2;0;0;0m[38;2;242;240;236m.[48;2;0;0;0m[38;2;242;119;122mGamerId[48;2;0;0;0m[38;2;242;240;236m,[48;2;0;0;0m[38;2;242;240;236m [48;2;0;0;0m[38;2;211;208;200m"[48;2;0;0;0m[38;2;153;204;153mgamer[48;2;0;0;0m[38;2;211;208;200m"[48;2;0;0;0m[38;2;242;240;236m)[48;2;0;0;0m[38;2;242;240;236m;[48;2;0;0;0m[38;2;242;240;236m
         104  [48;2;0;0;0m[38;2;242;240;236m            [48;2;0;0;0m[38;2;242;119;122mg[48;2;0;0;0m[38;2;242;240;236m.[48;2;0;0;0m[38;2;242;119;122mNeeds[48;2;0;0;0m[38;2;242;240;236m.[48;2;0;0;0m[38;2;242;119;122mFatigue[48;2;0;0;0m[38;2;242;240;236m [48;2;0;0;0m[38;2;211;208;200m=[48;2;0;0;0m[38;2;242;240;236m [48;2;0;0;0m[38;2;249;145;87m90[48;2;0;0;0m[38;2;204;153;204mf[48;2;0;0;0m[38;2;242;240;236m;[48;2;0;0;0m[38;2;242;240;236m
         105  [48;2;0;0;0m[38;2;242;240;236m            [48;2;0;0;0m[38;2;204;153;204mvar[48;2;0;0;0m[38;2;242;240;236m [48;2;0;0;0m[38;2;242;119;122msleep[48;2;0;0;0m[38;2;242;240;236m [48;2;0;0;0m[38;2;211;208;200m=[48;2;0;0;0m[38;2;242;240;236m [48;2;0;0;0m[38;2;102;153;204mTrack[48;2;0;0;0m[38;2;242;240;236m([48;2;0;0;0m[38;2;242;119;122mScriptableObject[48;2;0;0;0m[38;2;242;240;236m.[48;2;0;0;0m[38;2;102;153;204mCreateInstance[48;2;0;0;0m[38;2;242;240;236m<[48;2;0;0;0m[38;2;242;240;236mSleepActionSO[48;2;0;0;0m[38;2;242;240;236m>[48;2;0;0;0m[38;2;242;240;236m([48;2;0;0;0m[38;2;242;240;236m)[48;2;0;0;0m[38;2;242;240;236m)[48;2;0;0;0m[38;2;242;240;236m;[48;2;0;0;0m[38;2;242;240;236m
              [hid 17 additional lines]
        also found at Assets/Tests/EditMode/RebuildersHostTests.cs


Assets/Tests/EditMode/DayTickGcProfileTests.cs
    Function with many parameters (count = 11): TickOneDay

         160  [48;2;0;0;0m[38;2;242;240;236m        [48;2;0;0;0m[38;2;204;153;204mprivate[48;2;0;0;0m[38;2;242;240;236m [48;2;0;0;0m[38;2;204;153;204mstatic[48;2;0;0;0m[38;2;242;240;236m [48;2;0;0;0m[38;2;204;153;204mvoid[48;2;0;0;0m[38;2;242;240;236m [48;2;0;0;0m[38;2;102;153;204mTickOneDay[48;2;0;0;0m[38;2;242;240;236m([48;2;0;0;0m[38;2;242;240;236m
         161  [48;2;0;0;0m[38;2;242;240;236m            [48;2;0;0;0m[38;2;204;153;204mint[48;2;0;0;0m[38;2;242;240;236m [48;2;0;0;0m[38;2;242;119;122mday[48;2;0;0;0m[38;2;242;240;236m,[48;2;0;0;0m[38;2;242;240;236m
         162  [48;2;0;0;0m[38;2;242;240;236m            [48;2;0;0;0m[38;2;242;240;236mList[48;2;0;0;0m[38;2;242;240;236m<[48;2;0;0;0m[38;2;242;240;236mSurvivor[48;2;0;0;0m[38;2;242;240;236m>[48;2;0;0;0m[38;2;242;240;236m [48;2;0;0;0m[38;2;242;119;122msurvivors[48;2;0;0;0m[38;2;242;240;236m,[48;2;0;0;0m[38;2;242;240;236m
         163  [48;2;0;0;0m[38;2;242;240;236m            [48;2;0;0;0m[38;2;242;240;236mMentalBreakSystem[48;2;0;0;0m[38;2;242;240;236m [48;2;0;0;0m[38;2;242;119;122mmental[48;2;0;0;0m[38;2;242;240;236m,[48;2;0;0;0m[38;2;242;240;236m
         164  [48;2;0;0;0m[38;2;242;240;236m            [48;2;0;0;0m[38;2;242;240;236mPhantomIntruderSystem[48;2;0;0;0m[38;2;242;240;236m [48;2;0;0;0m[38;2;242;119;122mphantom[48;2;0;0;0m[38;2;242;240;236m,[48;2;0;0;0m[38;2;242;240;236m
         165  [48;2;0;0;0m[38;2;242;240;236m            [48;2;0;0;0m[38;2;242;240;236mAddictionSystem[48;2;0;0;0m[38;2;242;240;236m [48;2;0;0;0m[38;2;242;119;122maddiction[48;2;0;0;0m[38;2;242;240;236m,[48;2;0;0;0m[38;2;242;240;236m
              [hid 6 additional lines]


Assets/Tests/EditMode/FlashpointChoreographerTests.cs
    Found 21 lines of similar code in 2 locations (mass = 173)

         246  [48;2;0;0;0m[38;2;242;240;236m        [48;2;0;0;0m[38;2;242;240;236m[[48;2;0;0;0m[38;2;242;119;122mTest[48;2;0;0;0m[38;2;242;240;236m][48;2;0;0;0m[38;2;242;240;236m
         247  [48;2;0;0;0m[38;2;242;240;236m        [48;2;0;0;0m[38;2;204;153;204mpublic[48;2;0;0;0m[38;2;242;240;236m [48;2;0;0;0m[38;2;204;153;204mvoid[48;2;0;0;0m[38;2;242;240;236m [48;2;0;0;0m[38;2;102;153;204mChoreography_FlashStep_UsesSafeDuration_WhenAccessibilityEnabled[48;2;0;0;0m[38;2;242;240;236m([48;2;0;0;0m[38;2;242;240;236m)[48;2;0;0;0m[38;2;242;240;236m
         248  [48;2;0;0;0m[38;2;242;240;236m        [48;2;0;0;0m[38;2;242;240;236m{[48;2;0;0;0m[38;2;242;240;236m
         249  [48;2;0;0;0m[38;2;242;240;236m            [48;2;0;0;0m[38;2;204;153;204mvar[48;2;0;0;0m[38;2;242;240;236m [48;2;0;0;0m[38;2;242;119;122msequence[48;2;0;0;0m[38;2;242;240;236m [48;2;0;0;0m[38;2;211;208;200m=[48;2;0;0;0m[38;2;242;240;236m [48;2;0;0;0m[38;2;102;153;204mMakeSequence[48;2;0;0;0m[38;2;242;240;236m([48;2;0;0;0m[38;2;242;240;236m)[48;2;0;0;0m[38;2;242;240;236m;[48;2;0;0;0m[38;2;242;240;236m
         250  [48;2;0;0;0m[38;2;242;240;236m            [48;2;0;0;0m[38;2;242;119;122msequence[48;2;0;0;0m[38;2;242;240;236m.[48;2;0;0;0m[38;2;242;119;122maccessibility[48;2;0;0;0m[38;2;242;240;236m.[48;2;0;0;0m[38;2;242;119;122mdefaultFlashSeconds[48;2;0;0;0m[38;2;242;240;236m [48;2;0;0;0m[38;2;211;208;200m=[48;2;0;0;0m[38;2;242;240;236m [48;2;0;0;0m[38;2;249;145;87m4[48;2;0;0;0m[38;2;204;153;204mf[48;2;0;0;0m[38;2;242;240;236m;[48;2;0;0;0m[38;2;242;240;236m
         251  [48;2;0;0;0m[38;2;242;240;236m            [48;2;0;0;0m[38;2;242;119;122msequence[48;2;0;0;0m[38;2;242;240;236m.[48;2;0;0;0m[38;2;242;119;122maccessibility[48;2;0;0;0m[38;2;242;240;236m.[48;2;0;0;0m[38;2;242;119;122msafeFlashSeconds[48;2;0;0;0m[38;2;242;240;236m [48;2;0;0;0m[38;2;211;208;200m=[48;2;0;0;0m[38;2;242;240;236m [48;2;0;0;0m[38;2;249;145;87m1.5[48;2;0;0;0m[38;2;204;153;204mf[48;2;0;0;0m[38;2;242;240;236m;[48;2;0;0;0m[38;2;242;240;236m
              [hid 15 additional lines]
        also found at Assets/Tests/EditMode/FlashpointChoreographerTests.cs

    Found 21 lines of similar code in 2 locations (mass = 173)

         268  [48;2;0;0;0m[38;2;242;240;236m        [48;2;0;0;0m[38;2;242;240;236m[[48;2;0;0;0m[38;2;242;119;122mTest[48;2;0;0;0m[38;2;242;240;236m][48;2;0;0;0m[38;2;242;240;236m
         269  [48;2;0;0;0m[38;2;242;240;236m        [48;2;0;0;0m[38;2;204;153;204mpublic[48;2;0;0;0m[38;2;242;240;236m [48;2;0;0;0m[38;2;204;153;204mvoid[48;2;0;0;0m[38;2;242;240;236m [48;2;0;0;0m[38;2;102;153;204mChoreography_FlashStep_UsesDefaultDuration_WhenAccessibilityDisabled[48;2;0;0;0m[38;2;242;240;236m([48;2;0;0;0m[38;2;242;240;236m)[48;2;0;0;0m[38;2;242;240;236m
         270  [48;2;0;0;0m[38;2;242;240;236m        [48;2;0;0;0m[38;2;242;240;236m{[48;2;0;0;0m[38;2;242;240;236m
         271  [48;2;0;0;0m[38;2;242;240;236m            [48;2;0;0;0m[38;2;204;153;204mvar[48;2;0;0;0m[38;2;242;240;236m [48;2;0;0;0m[38;2;242;119;122msequence[48;2;0;0;0m[38;2;242;240;236m [48;2;0;0;0m[38;2;211;208;200m=[48;2;0;0;0m[38;2;242;240;236m [48;2;0;0;0m[38;2;102;153;204mMakeSequence[48;2;0;0;0m[38;2;242;240;236m([48;2;0;0;0m[38;2;242;240;236m)[48;2;0;0;0m[38;2;242;240;236m;[48;2;0;0;0m[38;2;242;240;236m
         272  [48;2;0;0;0m[38;2;242;240;236m            [48;2;0;0;0m[38;2;242;119;122msequence[48;2;0;0;0m[38;2;242;240;236m.[48;2;0;0;0m[38;2;242;119;122maccessibility[48;2;0;0;0m[38;2;242;240;236m.[48;2;0;0;0m[38;2;242;119;122mdefaultFlashSeconds[48;2;0;0;0m[38;2;242;240;236m [48;2;0;0;0m[38;2;211;208;200m=[48;2;0;0;0m[38;2;242;240;236m [48;2;0;0;0m[38;2;249;145;87m4[48;2;0;0;0m[38;2;204;153;204mf[48;2;0;0;0m[38;2;242;240;236m;[48;2;0;0;0m[38;2;242;240;236m
         273  [48;2;0;0;0m[38;2;242;240;236m            [48;2;0;0;0m[38;2;242;119;122msequence[48;2;0;0;0m[38;2;242;240;236m.[48;2;0;0;0m[38;2;242;119;122maccessibility[48;2;0;0;0m[38;2;242;240;236m.[48;2;0;0;0m[38;2;242;119;122msafeFlashSeconds[48;2;0;0;0m[38;2;242;240;236m [48;2;0;0;0m[38;2;211;208;200m=[48;2;0;0;0m[38;2;242;240;236m [48;2;0;0;0m[38;2;249;145;87m1.5[48;2;0;0;0m[38;2;204;153;204mf[48;2;0;0;0m[38;2;242;240;236m;[48;2;0;0;0m[38;2;242;240;236m
              [hid 15 additional lines]
        also found at Assets/Tests/EditMode/FlashpointChoreographerTests.cs


Assets/Tests/EditMode/MedicalPerkTests.cs
    Function with many returns (count = 6): Anatomist_EarnedByAmputation_SuppressesPhantomPain

         272  [48;2;0;0;0m[38;2;242;240;236m        [48;2;0;0;0m[38;2;242;240;236m[[48;2;0;0;0m[38;2;242;119;122mTest[48;2;0;0;0m[38;2;242;240;236m][48;2;0;0;0m[38;2;242;240;236m
         273  [48;2;0;0;0m[38;2;242;240;236m        [48;2;0;0;0m[38;2;204;153;204mpublic[48;2;0;0;0m[38;2;242;240;236m [48;2;0;0;0m[38;2;204;153;204mvoid[48;2;0;0;0m[38;2;242;240;236m [48;2;0;0;0m[38;2;102;153;204mAnatomist_EarnedByAmputation_SuppressesPhantomPain[48;2;0;0;0m[38;2;242;240;236m([48;2;0;0;0m[38;2;242;240;236m)[48;2;0;0;0m[38;2;242;240;236m
         274  [48;2;0;0;0m[38;2;242;240;236m        [48;2;0;0;0m[38;2;242;240;236m{[48;2;0;0;0m[38;2;242;240;236m
         275  [48;2;0;0;0m[38;2;242;240;236m            [48;2;0;0;0m[38;2;204;153;204mvar[48;2;0;0;0m[38;2;242;240;236m [48;2;0;0;0m[38;2;242;119;122mamp[48;2;0;0;0m[38;2;242;240;236m [48;2;0;0;0m[38;2;211;208;200m=[48;2;0;0;0m[38;2;242;240;236m [48;2;0;0;0m[38;2;211;208;200mnew[48;2;0;0;0m[38;2;242;240;236m [48;2;0;0;0m[38;2;242;240;236mAmputationSystem[48;2;0;0;0m[38;2;242;240;236m([48;2;0;0;0m[38;2;242;240;236m)[48;2;0;0;0m[38;2;242;240;236m;[48;2;0;0;0m[38;2;242;240;236m
         276  [48;2;0;0;0m[38;2;242;240;236m            [48;2;0;0;0m[38;2;242;119;122mamp[48;2;0;0;0m[38;2;242;240;236m.[48;2;0;0;0m[38;2;102;153;204mBind[48;2;0;0;0m[38;2;242;240;236m([48;2;0;0;0m[38;2;242;240;236m
         277  [48;2;0;0;0m[38;2;242;240;236m                [48;2;0;0;0m[38;2;242;119;122mfindSurvivor[48;2;0;0;0m[38;2;242;240;236m:[48;2;0;0;0m[38;2;242;240;236m [48;2;0;0;0m[38;2;242;119;122mid[48;2;0;0;0m[38;2;242;240;236m [48;2;0;0;0m[38;2;204;153;204m=>[48;2;0;0;0m[38;2;242;240;236m [48;2;0;0;0m[38;2;242;119;122mid[48;2;0;0;0m[38;2;242;240;236m [48;2;0;0;0m[38;2;211;208;200m==[48;2;0;0;0m[38;2;242;240;236m [48;2;0;0;0m[38;2;242;119;122m_patient[48;2;0;0;0m[38;2;242;240;236m.[48;2;0;0;0m[38;2;242;119;122mId[48;2;0;0;0m[38;2;242;240;236m [48;2;0;0;0m[38;2;211;208;200m?[48;2;0;0;0m[38;2;242;240;236m [48;2;0;0;0m[38;2;242;119;122m_patient[48;2;0;0;0m[38;2;242;240;236m [48;2;0;0;0m[38;2;211;208;200m:[48;2;0;0;0m[38;2;242;240;236m [48;2;0;0;0m[38;2;242;119;122mid[48;2;0;0;0m[38;2;242;240;236m [48;2;0;0;0m[38;2;211;208;200m==[48;2;0;0;0m[38;2;242;240;236m [48;2;0;0;0m[38;2;242;119;122m_medic[48;2;0;0;0m[38;2;242;240;236m.[48;2;0;0;0m[38;2;242;119;122mId[48;2;0;0;0m[38;2;242;240;236m [48;2;0;0;0m[38;2;211;208;200m?[48;2;0;0;0m[38;2;242;240;236m [48;2;0;0;0m[38;2;242;119;122m_medic[48;2;0;0;0m[38;2;242;240;236m [48;2;0;0;0m[38;2;211;208;200m:[48;2;0;0;0m[38;2;242;240;236m [48;2;0;0;0m[38;2;249;145;87mnull[48;2;0;0;0m[38;2;242;240;236m,[48;2;0;0;0m[38;2;242;240;236m
              [hid 38 additional lines]


Assets/Tests/EditMode/MentalBreakTests.cs
    Function with high complexity (count = 19): SetUp

          49  [48;2;0;0;0m[38;2;242;240;236m        [48;2;0;0;0m[38;2;242;240;236m[[48;2;0;0;0m[38;2;242;119;122mSetUp[48;2;0;0;0m[38;2;242;240;236m][48;2;0;0;0m[38;2;242;240;236m
          50  [48;2;0;0;0m[38;2;242;240;236m        [48;2;0;0;0m[38;2;204;153;204mpublic[48;2;0;0;0m[38;2;242;240;236m [48;2;0;0;0m[38;2;204;153;204mvoid[48;2;0;0;0m[38;2;242;240;236m [48;2;0;0;0m[38;2;102;153;204mSetUp[48;2;0;0;0m[38;2;242;240;236m([48;2;0;0;0m[38;2;242;240;236m)[48;2;0;0;0m[38;2;242;240;236m
          51  [48;2;0;0;0m[38;2;242;240;236m        [48;2;0;0;0m[38;2;242;240;236m{[48;2;0;0;0m[38;2;242;240;236m
          52  [48;2;0;0;0m[38;2;242;240;236m            [48;2;0;0;0m[38;2;242;119;122mEventBus[48;2;0;0;0m[38;2;242;240;236m.[48;2;0;0;0m[38;2;102;153;204mClear[48;2;0;0;0m[38;2;242;240;236m([48;2;0;0;0m[38;2;242;240;236m)[48;2;0;0;0m[38;2;242;240;236m;[48;2;0;0;0m[38;2;242;240;236m
          53  [48;2;0;0;0m[38;2;242;240;236m
          54  [48;2;0;0;0m[38;2;242;240;236m            [48;2;0;0;0m[38;2;242;119;122m_needsProfile[48;2;0;0;0m[38;2;242;240;236m [48;2;0;0;0m[38;2;211;208;200m=[48;2;0;0;0m[38;2;242;240;236m [48;2;0;0;0m[38;2;242;119;122mScriptableObject[48;2;0;0;0m[38;2;242;240;236m.[48;2;0;0;0m[38;2;102;153;204mCreateInstance[48;2;0;0;0m[38;2;242;240;236m<[48;2;0;0;0m[38;2;242;240;236mNeedsProfile[48;2;0;0;0m[38;2;242;240;236m>[48;2;0;0;0m[38;2;242;240;236m([48;2;0;0;0m[38;2;242;240;236m)[48;2;0;0;0m[38;2;242;240;236m;[48;2;0;0;0m[38;2;242;240;236m
              [hid 103 additional lines]


Assets/Tests/EditMode/RebuildersHostTests.cs
    Found 23 lines of similar code in 2 locations (mass = 163)

         293  [48;2;0;0;0m[38;2;242;240;236m        [48;2;0;0;0m[38;2;242;240;236m[[48;2;0;0;0m[38;2;242;119;122mTest[48;2;0;0;0m[38;2;242;240;236m][48;2;0;0;0m[38;2;242;240;236m
         294  [48;2;0;0;0m[38;2;242;240;236m        [48;2;0;0;0m[38;2;204;153;204mpublic[48;2;0;0;0m[38;2;242;240;236m [48;2;0;0;0m[38;2;204;153;204mvoid[48;2;0;0;0m[38;2;242;240;236m [48;2;0;0;0m[38;2;102;153;204mActionScorer_NightOwl_SlowsDaytimeUtility[48;2;0;0;0m[38;2;242;240;236m([48;2;0;0;0m[38;2;242;240;236m)[48;2;0;0;0m[38;2;242;240;236m
         295  [48;2;0;0;0m[38;2;242;240;236m        [48;2;0;0;0m[38;2;242;240;236m{[48;2;0;0;0m[38;2;242;240;236m
         296  [48;2;0;0;0m[38;2;242;240;236m            [48;2;0;0;0m[38;2;204;153;204mvar[48;2;0;0;0m[38;2;242;240;236m [48;2;0;0;0m[38;2;242;119;122ma[48;2;0;0;0m[38;2;242;240;236m [48;2;0;0;0m[38;2;211;208;200m=[48;2;0;0;0m[38;2;242;240;236m [48;2;0;0;0m[38;2;102;153;204mMakeArchetype[48;2;0;0;0m[38;2;242;240;236m([48;2;0;0;0m[38;2;242;119;122mPersonalQuestSystem[48;2;0;0;0m[38;2;242;240;236m.[48;2;0;0;0m[38;2;242;119;122mAstronomerId[48;2;0;0;0m[38;2;242;240;236m,[48;2;0;0;0m[38;2;242;240;236m [48;2;0;0;0m[38;2;211;208;200m"[48;2;0;0;0m[38;2;153;204;153mastro[48;2;0;0;0m[38;2;211;208;200m"[48;2;0;0;0m[38;2;242;240;236m)[48;2;0;0;0m[38;2;242;240;236m;[48;2;0;0;0m[38;2;242;240;236m
         297  [48;2;0;0;0m[38;2;242;240;236m            [48;2;0;0;0m[38;2;242;119;122ma[48;2;0;0;0m[38;2;242;240;236m.[48;2;0;0;0m[38;2;242;119;122mNeeds[48;2;0;0;0m[38;2;242;240;236m.[48;2;0;0;0m[38;2;242;119;122mFatigue[48;2;0;0;0m[38;2;242;240;236m [48;2;0;0;0m[38;2;211;208;200m=[48;2;0;0;0m[38;2;242;240;236m [48;2;0;0;0m[38;2;249;145;87m90[48;2;0;0;0m[38;2;204;153;204mf[48;2;0;0;0m[38;2;242;240;236m;[48;2;0;0;0m[38;2;242;240;236m
         298  [48;2;0;0;0m[38;2;242;240;236m            [48;2;0;0;0m[38;2;204;153;204mvar[48;2;0;0;0m[38;2;242;240;236m [48;2;0;0;0m[38;2;242;119;122msleep[48;2;0;0;0m[38;2;242;240;236m [48;2;0;0;0m[38;2;211;208;200m=[48;2;0;0;0m[38;2;242;240;236m [48;2;0;0;0m[38;2;102;153;204mTrack[48;2;0;0;0m[38;2;242;240;236m([48;2;0;0;0m[38;2;242;119;122mScriptableObject[48;2;0;0;0m[38;2;242;240;236m.[48;2;0;0;0m[38;2;102;153;204mCreateInstance[48;2;0;0;0m[38;2;242;240;236m<[48;2;0;0;0m[38;2;242;240;236mSleepActionSO[48;2;0;0;0m[38;2;242;240;236m>[48;2;0;0;0m[38;2;242;240;236m([48;2;0;0;0m[38;2;242;240;236m)[48;2;0;0;0m[38;2;242;240;236m)[48;2;0;0;0m[38;2;242;240;236m;[48;2;0;0;0m[38;2;242;240;236m
              [hid 17 additional lines]
        also found at Assets/Tests/EditMode/AshesHostTests.cs


Assets/Tests/EditMode/ShelterPerkTests.cs
    Function with many returns (count = 6): Scrapper_WorkbenchDisassemble_RecordsAndMayGrantRare

         301  [48;2;0;0;0m[38;2;242;240;236m        [48;2;0;0;0m[38;2;242;240;236m[[48;2;0;0;0m[38;2;242;119;122mTest[48;2;0;0;0m[38;2;242;240;236m][48;2;0;0;0m[38;2;242;240;236m
         302  [48;2;0;0;0m[38;2;242;240;236m        [48;2;0;0;0m[38;2;204;153;204mpublic[48;2;0;0;0m[38;2;242;240;236m [48;2;0;0;0m[38;2;204;153;204mvoid[48;2;0;0;0m[38;2;242;240;236m [48;2;0;0;0m[38;2;102;153;204mScrapper_WorkbenchDisassemble_RecordsAndMayGrantRare[48;2;0;0;0m[38;2;242;240;236m([48;2;0;0;0m[38;2;242;240;236m)[48;2;0;0;0m[38;2;242;240;236m
         303  [48;2;0;0;0m[38;2;242;240;236m        [48;2;0;0;0m[38;2;242;240;236m{[48;2;0;0;0m[38;2;242;240;236m
         304  [48;2;0;0;0m[38;2;242;240;236m            [48;2;0;0;0m[38;2;204;153;204mfor[48;2;0;0;0m[38;2;242;240;236m [48;2;0;0;0m[38;2;242;240;236m([48;2;0;0;0m[38;2;204;153;204mint[48;2;0;0;0m[38;2;242;240;236m [48;2;0;0;0m[38;2;242;119;122mi[48;2;0;0;0m[38;2;242;240;236m [48;2;0;0;0m[38;2;211;208;200m=[48;2;0;0;0m[38;2;242;240;236m [48;2;0;0;0m[38;2;249;145;87m0[48;2;0;0;0m[38;2;242;240;236m;[48;2;0;0;0m[38;2;242;240;236m [48;2;0;0;0m[38;2;242;119;122mi[48;2;0;0;0m[38;2;242;240;236m [48;2;0;0;0m[38;2;211;208;200m<[48;2;0;0;0m[38;2;242;240;236m [48;2;0;0;0m[38;2;242;119;122mShelterPerkSystem[48;2;0;0;0m[38;2;242;240;236m.[48;2;0;0;0m[38;2;242;119;122mDisassemblesForScrapper[48;2;0;0;0m[38;2;242;240;236m;[48;2;0;0;0m[38;2;242;240;236m [48;2;0;0;0m[38;2;242;119;122mi[48;2;0;0;0m[38;2;211;208;200m+[48;2;0;0;0m[38;2;211;208;200m+[48;2;0;0;0m[38;2;242;240;236m)[48;2;0;0;0m[38;2;242;240;236m
         305  [48;2;0;0;0m[38;2;242;240;236m                [48;2;0;0;0m[38;2;242;119;122m_perks[48;2;0;0;0m[38;2;242;240;236m.[48;2;0;0;0m[38;2;102;153;204mRecordDisassemble[48;2;0;0;0m[38;2;242;240;236m([48;2;0;0;0m[38;2;242;119;122m_sv[48;2;0;0;0m[38;2;242;240;236m,[48;2;0;0;0m[38;2;242;240;236m [48;2;0;0;0m[38;2;249;145;87m1[48;2;0;0;0m[38;2;242;240;236m,[48;2;0;0;0m[38;2;242;240;236m [48;2;0;0;0m[38;2;249;145;87m1[48;2;0;0;0m[38;2;242;240;236m)[48;2;0;0;0m[38;2;242;240;236m;[48;2;0;0;0m[38;2;242;240;236m
         306  [48;2;0;0;0m[38;2;242;240;236m
              [hid 31 additional lines]


Assets/Tests/PlayMode/EndgameEnginePlayModeTests.cs
    Found 32 lines of similar code in 2 locations (mass = 183)

          55  [48;2;0;0;0m[38;2;242;240;236m        [48;2;0;0;0m[38;2;242;240;236m[[48;2;0;0;0m[38;2;242;119;122mUnityTest[48;2;0;0;0m[38;2;242;240;236m][48;2;0;0;0m[38;2;242;240;236m
          56  [48;2;0;0;0m[38;2;242;240;236m        [48;2;0;0;0m[38;2;204;153;204mpublic[48;2;0;0;0m[38;2;242;240;236m [48;2;0;0;0m[38;2;242;240;236mIEnumerator[48;2;0;0;0m[38;2;242;240;236m [48;2;0;0;0m[38;2;102;153;204mRescueExtractionSuccess_Day60_TriggersVictoryCondition[48;2;0;0;0m[38;2;242;240;236m([48;2;0;0;0m[38;2;242;240;236m)[48;2;0;0;0m[38;2;242;240;236m
          57  [48;2;0;0;0m[38;2;242;240;236m        [48;2;0;0;0m[38;2;242;240;236m{[48;2;0;0;0m[38;2;242;240;236m
          58  [48;2;0;0;0m[38;2;242;240;236m            [48;2;0;0;0m[38;2;204;153;204mvar[48;2;0;0;0m[38;2;242;240;236m [48;2;0;0;0m[38;2;242;119;122mengine[48;2;0;0;0m[38;2;242;240;236m [48;2;0;0;0m[38;2;211;208;200m=[48;2;0;0;0m[38;2;242;240;236m [48;2;0;0;0m[38;2;211;208;200mnew[48;2;0;0;0m[38;2;242;240;236m [48;2;0;0;0m[38;2;242;240;236mEndgameEngine[48;2;0;0;0m[38;2;242;240;236m([48;2;0;0;0m[38;2;242;119;122mGameModeKind[48;2;0;0;0m[38;2;242;240;236m.[48;2;0;0;0m[38;2;242;119;122mStory[48;2;0;0;0m[38;2;242;240;236m,[48;2;0;0;0m[38;2;242;240;236m [48;2;0;0;0m[38;2;249;145;87m120[48;2;0;0;0m[38;2;242;240;236m)[48;2;0;0;0m[38;2;242;240;236m;[48;2;0;0;0m[38;2;242;240;236m
          59  [48;2;0;0;0m[38;2;242;240;236m            [48;2;0;0;0m[38;2;204;153;204mvar[48;2;0;0;0m[38;2;242;240;236m [48;2;0;0;0m[38;2;242;119;122msurvivors[48;2;0;0;0m[38;2;242;240;236m [48;2;0;0;0m[38;2;211;208;200m=[48;2;0;0;0m[38;2;242;240;236m [48;2;0;0;0m[38;2;211;208;200mnew[48;2;0;0;0m[38;2;242;240;236m [48;2;0;0;0m[38;2;242;240;236mList[48;2;0;0;0m[38;2;242;240;236m<[48;2;0;0;0m[38;2;242;240;236mSurvivor[48;2;0;0;0m[38;2;242;240;236m>[48;2;0;0;0m[38;2;242;240;236m
          60  [48;2;0;0;0m[38;2;242;240;236m            [48;2;0;0;0m[38;2;242;240;236m{[48;2;0;0;0m[38;2;242;240;236m
              [hid 26 additional lines]
        also found at Assets/Tests/PlayMode/EndgameEnginePlayModeTests.cs

    Found 32 lines of similar code in 2 locations (mass = 183)

         125  [48;2;0;0;0m[38;2;242;240;236m        [48;2;0;0;0m[38;2;242;240;236m[[48;2;0;0;0m[38;2;242;119;122mUnityTest[48;2;0;0;0m[38;2;242;240;236m][48;2;0;0;0m[38;2;242;240;236m
         126  [48;2;0;0;0m[38;2;242;240;236m        [48;2;0;0;0m[38;2;204;153;204mpublic[48;2;0;0;0m[38;2;242;240;236m [48;2;0;0;0m[38;2;242;240;236mIEnumerator[48;2;0;0;0m[38;2;242;240;236m [48;2;0;0;0m[38;2;102;153;204mLongTermSelfSufficiency_Day100ZeroDeathsHydroponics_TriggersVictoryCondition[48;2;0;0;0m[38;2;242;240;236m([48;2;0;0;0m[38;2;242;240;236m)[48;2;0;0;0m[38;2;242;240;236m
         127  [48;2;0;0;0m[38;2;242;240;236m        [48;2;0;0;0m[38;2;242;240;236m{[48;2;0;0;0m[38;2;242;240;236m
         128  [48;2;0;0;0m[38;2;242;240;236m            [48;2;0;0;0m[38;2;204;153;204mvar[48;2;0;0;0m[38;2;242;240;236m [48;2;0;0;0m[38;2;242;119;122mengine[48;2;0;0;0m[38;2;242;240;236m [48;2;0;0;0m[38;2;211;208;200m=[48;2;0;0;0m[38;2;242;240;236m [48;2;0;0;0m[38;2;211;208;200mnew[48;2;0;0;0m[38;2;242;240;236m [48;2;0;0;0m[38;2;242;240;236mEndgameEngine[48;2;0;0;0m[38;2;242;240;236m([48;2;0;0;0m[38;2;242;119;122mGameModeKind[48;2;0;0;0m[38;2;242;240;236m.[48;2;0;0;0m[38;2;242;119;122mStory[48;2;0;0;0m[38;2;242;240;236m,[48;2;0;0;0m[38;2;242;240;236m [48;2;0;0;0m[38;2;249;145;87m120[48;2;0;0;0m[38;2;242;240;236m)[48;2;0;0;0m[38;2;242;240;236m;[48;2;0;0;0m[38;2;242;240;236m
         129  [48;2;0;0;0m[38;2;242;240;236m            [48;2;0;0;0m[38;2;204;153;204mvar[48;2;0;0;0m[38;2;242;240;236m [48;2;0;0;0m[38;2;242;119;122msurvivors[48;2;0;0;0m[38;2;242;240;236m [48;2;0;0;0m[38;2;211;208;200m=[48;2;0;0;0m[38;2;242;240;236m [48;2;0;0;0m[38;2;211;208;200mnew[48;2;0;0;0m[38;2;242;240;236m [48;2;0;0;0m[38;2;242;240;236mList[48;2;0;0;0m[38;2;242;240;236m<[48;2;0;0;0m[38;2;242;240;236mSurvivor[48;2;0;0;0m[38;2;242;240;236m>[48;2;0;0;0m[38;2;242;240;236m
         130  [48;2;0;0;0m[38;2;242;240;236m            [48;2;0;0;0m[38;2;242;240;236m{[48;2;0;0;0m[38;2;242;240;236m
              [hid 26 additional lines]
        also found at Assets/Tests/PlayMode/EndgameEnginePlayModeTests.cs


Assets/Tests/PlayMode/FastForwardStabilityPlayModeTests.cs
    Function with high complexity (count = 33): HundredDays_AtThreeX_Stable_NoUiChurn_NoGcGrowth

          50  [48;2;0;0;0m[38;2;242;240;236m        [48;2;0;0;0m[38;2;242;240;236m[[48;2;0;0;0m[38;2;242;119;122mUnityTest[48;2;0;0;0m[38;2;242;240;236m][48;2;0;0;0m[38;2;242;240;236m
          51  [48;2;0;0;0m[38;2;242;240;236m        [48;2;0;0;0m[38;2;204;153;204mpublic[48;2;0;0;0m[38;2;242;240;236m [48;2;0;0;0m[38;2;242;240;236mIEnumerator[48;2;0;0;0m[38;2;242;240;236m [48;2;0;0;0m[38;2;102;153;204mHundredDays_AtThreeX_Stable_NoUiChurn_NoGcGrowth[48;2;0;0;0m[38;2;242;240;236m([48;2;0;0;0m[38;2;242;240;236m)[48;2;0;0;0m[38;2;242;240;236m
          52  [48;2;0;0;0m[38;2;242;240;236m        [48;2;0;0;0m[38;2;242;240;236m{[48;2;0;0;0m[38;2;242;240;236m
          53  [48;2;0;0;0m[38;2;242;240;236m            [48;2;0;0;0m[38;2;116;115;105m//[48;2;0;0;0m[38;2;116;115;105m ------------------------------------------------------------
          54  [48;2;0;0;0m[38;2;242;240;236m            [48;2;0;0;0m[38;2;116;115;105m//[48;2;0;0;0m[38;2;116;115;105m Build the simulation slice exactly as GameBootstrap wires it.
          55  [48;2;0;0;0m[38;2;242;240;236m            [48;2;0;0;0m[38;2;116;115;105m//[48;2;0;0;0m[38;2;116;115;105m ------------------------------------------------------------
              [hid 217 additional lines]


Assets/Tests/PlayMode/InventoryPlayModeTests.cs
    Function with many parameters (count = 10): NewItem

          23  [48;2;0;0;0m[38;2;242;240;236m        [48;2;0;0;0m[38;2;204;153;204mprivate[48;2;0;0;0m[38;2;242;240;236m [48;2;0;0;0m[38;2;204;153;204mstatic[48;2;0;0;0m[38;2;242;240;236m [48;2;0;0;0m[38;2;242;240;236mItemDefinition[48;2;0;0;0m[38;2;242;240;236m [48;2;0;0;0m[38;2;102;153;204mNewItem[48;2;0;0;0m[38;2;242;240;236m([48;2;0;0;0m[38;2;242;240;236m
          24  [48;2;0;0;0m[38;2;242;240;236m            [48;2;0;0;0m[38;2;204;153;204mstring[48;2;0;0;0m[38;2;242;240;236m [48;2;0;0;0m[38;2;242;119;122mid[48;2;0;0;0m[38;2;242;240;236m,[48;2;0;0;0m[38;2;242;240;236m
          25  [48;2;0;0;0m[38;2;242;240;236m            [48;2;0;0;0m[38;2;242;240;236mItemType[48;2;0;0;0m[38;2;242;240;236m [48;2;0;0;0m[38;2;242;119;122mtype[48;2;0;0;0m[38;2;242;240;236m,[48;2;0;0;0m[38;2;242;240;236m
          26  [48;2;0;0;0m[38;2;242;240;236m            [48;2;0;0;0m[38;2;204;153;204mfloat[48;2;0;0;0m[38;2;242;240;236m [48;2;0;0;0m[38;2;242;119;122mradProtection[48;2;0;0;0m[38;2;242;240;236m [48;2;0;0;0m[38;2;211;208;200m=[48;2;0;0;0m[38;2;242;240;236m [48;2;0;0;0m[38;2;249;145;87m0[48;2;0;0;0m[38;2;204;153;204mf[48;2;0;0;0m[38;2;242;240;236m,[48;2;0;0;0m[38;2;242;240;236m
          27  [48;2;0;0;0m[38;2;242;240;236m            [48;2;0;0;0m[38;2;204;153;204mfloat[48;2;0;0;0m[38;2;242;240;236m [48;2;0;0;0m[38;2;242;119;122mdurability[48;2;0;0;0m[38;2;242;240;236m [48;2;0;0;0m[38;2;211;208;200m=[48;2;0;0;0m[38;2;242;240;236m [48;2;0;0;0m[38;2;249;145;87m0[48;2;0;0;0m[38;2;204;153;204mf[48;2;0;0;0m[38;2;242;240;236m,[48;2;0;0;0m[38;2;242;240;236m
          28  [48;2;0;0;0m[38;2;242;240;236m            [48;2;0;0;0m[38;2;204;153;204mbool[48;2;0;0;0m[38;2;242;240;236m [48;2;0;0;0m[38;2;242;119;122mequipable[48;2;0;0;0m[38;2;242;240;236m [48;2;0;0;0m[38;2;211;208;200m=[48;2;0;0;0m[38;2;242;240;236m [48;2;0;0;0m[38;2;249;145;87mfalse[48;2;0;0;0m[38;2;242;240;236m,[48;2;0;0;0m[38;2;242;240;236m
              [hid 5 additional lines]


Assets/_Game/AI/ActionScorer.cs
    Function with many returns (count = 11): Score

          13  [48;2;0;0;0m[38;2;242;240;236m        [48;2;0;0;0m[38;2;204;153;204mpublic[48;2;0;0;0m[38;2;242;240;236m [48;2;0;0;0m[38;2;204;153;204mfloat[48;2;0;0;0m[38;2;242;240;236m [48;2;0;0;0m[38;2;102;153;204mScore[48;2;0;0;0m[38;2;242;240;236m([48;2;0;0;0m[38;2;242;240;236mSurvivorAction[48;2;0;0;0m[38;2;242;240;236m [48;2;0;0;0m[38;2;242;119;122maction[48;2;0;0;0m[38;2;242;240;236m,[48;2;0;0;0m[38;2;242;240;236m [48;2;0;0;0m[38;2;242;240;236mAIContext[48;2;0;0;0m[38;2;242;240;236m [48;2;0;0;0m[38;2;242;119;122mcontext[48;2;0;0;0m[38;2;242;240;236m)[48;2;0;0;0m[38;2;242;240;236m
          14  [48;2;0;0;0m[38;2;242;240;236m        [48;2;0;0;0m[38;2;242;240;236m{[48;2;0;0;0m[38;2;242;240;236m
          15  [48;2;0;0;0m[38;2;242;240;236m            [48;2;0;0;0m[38;2;204;153;204mif[48;2;0;0;0m[38;2;242;240;236m [48;2;0;0;0m[38;2;242;240;236m([48;2;0;0;0m[38;2;242;119;122maction[48;2;0;0;0m[38;2;242;240;236m [48;2;0;0;0m[38;2;211;208;200m==[48;2;0;0;0m[38;2;242;240;236m [48;2;0;0;0m[38;2;249;145;87mnull[48;2;0;0;0m[38;2;242;240;236m [48;2;0;0;0m[38;2;211;208;200m||[48;2;0;0;0m[38;2;242;240;236m [48;2;0;0;0m[38;2;242;119;122mcontext[48;2;0;0;0m[38;2;242;240;236m [48;2;0;0;0m[38;2;211;208;200m==[48;2;0;0;0m[38;2;242;240;236m [48;2;0;0;0m[38;2;249;145;87mnull[48;2;0;0;0m[38;2;242;240;236m)[48;2;0;0;0m[38;2;242;240;236m [48;2;0;0;0m[38;2;204;153;204mreturn[48;2;0;0;0m[38;2;242;240;236m [48;2;0;0;0m[38;2;249;145;87m0[48;2;0;0;0m[38;2;204;153;204mf[48;2;0;0;0m[38;2;242;240;236m;[48;2;0;0;0m[38;2;242;240;236m
          16  [48;2;0;0;0m[38;2;242;240;236m
          17  [48;2;0;0;0m[38;2;242;240;236m            [48;2;0;0;0m[38;2;116;115;105m//[48;2;0;0;0m[38;2;116;115;105m #259 Coward: refuses loud labor (build / generator / maintain).
          18  [48;2;0;0;0m[38;2;242;240;236m            [48;2;0;0;0m[38;2;116;115;105m//[48;2;0;0;0m[38;2;116;115;105m #266 God Complex: refuses menial labor (clean / dig / excavate).
              [hid 135 additional lines]

    Deeply nested control flow (level = 5)

          47  [48;2;0;0;0m[38;2;242;240;236m                            [48;2;0;0;0m[38;2;204;153;204mif[48;2;0;0;0m[38;2;242;240;236m [48;2;0;0;0m[38;2;242;240;236m([48;2;0;0;0m[38;2;242;119;122mgiver[48;2;0;0;0m[38;2;242;240;236m [48;2;0;0;0m[38;2;211;208;200m==[48;2;0;0;0m[38;2;242;240;236m [48;2;0;0;0m[38;2;249;145;87mnull[48;2;0;0;0m[38;2;242;240;236m [48;2;0;0;0m[38;2;211;208;200m||[48;2;0;0;0m[38;2;242;240;236m [48;2;0;0;0m[38;2;211;208;200m![48;2;0;0;0m[38;2;242;119;122mgiver[48;2;0;0;0m[38;2;242;240;236m.[48;2;0;0;0m[38;2;242;119;122mIsAlive[48;2;0;0;0m[38;2;242;240;236m)[48;2;0;0;0m[38;2;242;240;236m [48;2;0;0;0m[38;2;204;153;204mcontinue[48;2;0;0;0m[38;2;242;240;236m;[48;2;0;0;0m[38;2;242;240;236m

    Deeply nested control flow (level = 5)

          48  [48;2;0;0;0m[38;2;242;240;236m                            [48;2;0;0;0m[38;2;204;153;204mif[48;2;0;0;0m[38;2;242;240;236m [48;2;0;0;0m[38;2;242;240;236m([48;2;0;0;0m[38;2;242;119;122mcontext[48;2;0;0;0m[38;2;242;240;236m.[48;2;0;0;0m[38;2;242;119;122mPersonalQuests[48;2;0;0;0m[38;2;242;240;236m.[48;2;0;0;0m[38;2;102;153;204mRefusesOrdersFrom[48;2;0;0;0m[38;2;242;240;236m([48;2;0;0;0m[38;2;242;119;122mcontext[48;2;0;0;0m[38;2;242;240;236m.[48;2;0;0;0m[38;2;242;119;122mSurvivor[48;2;0;0;0m[38;2;242;240;236m,[48;2;0;0;0m[38;2;242;240;236m [48;2;0;0;0m[38;2;242;119;122mgiver[48;2;0;0;0m[38;2;242;240;236m)[48;2;0;0;0m[38;2;242;240;236m)[48;2;0;0;0m[38;2;242;240;236m
          49  [48;2;0;0;0m[38;2;242;240;236m                                [48;2;0;0;0m[38;2;204;153;204mreturn[48;2;0;0;0m[38;2;242;240;236m [48;2;0;0;0m[38;2;249;145;87m0[48;2;0;0;0m[38;2;204;153;204mf[48;2;0;0;0m[38;2;242;240;236m;[48;2;0;0;0m[38;2;242;240;236m

    Complex binary expression

         166  [48;2;0;0;0m[38;2;242;240;236m            [48;2;0;0;0m[38;2;204;153;204mreturn[48;2;0;0;0m[38;2;242;240;236m [48;2;0;0;0m[38;2;242;119;122mactionId[48;2;0;0;0m[38;2;242;240;236m.[48;2;0;0;0m[38;2;102;153;204mIndexOf[48;2;0;0;0m[38;2;242;240;236m([48;2;0;0;0m[38;2;211;208;200m"[48;2;0;0;0m[38;2;153;204;153mshoot[48;2;0;0;0m[38;2;211;208;200m"[48;2;0;0;0m[38;2;242;240;236m,[48;2;0;0;0m[38;2;242;240;236m [48;2;0;0;0m[38;2;242;119;122mSystem[48;2;0;0;0m[38;2;242;240;236m.[48;2;0;0;0m[38;2;242;119;122mStringComparison[48;2;0;0;0m[38;2;242;240;236m.[48;2;0;0;0m[38;2;242;119;122mOrdinalIgnoreCase[48;2;0;0;0m[38;2;242;240;236m)[48;2;0;0;0m[38;2;242;240;236m [48;2;0;0;0m[38;2;211;208;200m>=[48;2;0;0;0m[38;2;242;240;236m [48;2;0;0;0m[38;2;249;145;87m0[48;2;0;0;0m[38;2;242;240;236m
         167  [48;2;0;0;0m[38;2;242;240;236m                   [48;2;0;0;0m[38;2;211;208;200m||[48;2;0;0;0m[38;2;242;240;236m [48;2;0;0;0m[38;2;242;119;122mactionId[48;2;0;0;0m[38;2;242;240;236m.[48;2;0;0;0m[38;2;102;153;204mIndexOf[48;2;0;0;0m[38;2;242;240;236m([48;2;0;0;0m[38;2;211;208;200m"[48;2;0;0;0m[38;2;153;204;153mmelee[48;2;0;0;0m[38;2;211;208;200m"[48;2;0;0;0m[38;2;242;240;236m,[48;2;0;0;0m[38;2;242;240;236m [48;2;0;0;0m[38;2;242;119;122mSystem[48;2;0;0;0m[38;2;242;240;236m.[48;2;0;0;0m[38;2;242;119;122mStringComparison[48;2;0;0;0m[38;2;242;240;236m.[48;2;0;0;0m[38;2;242;119;122mOrdinalIgnoreCase[48;2;0;0;0m[38;2;242;240;236m)[48;2;0;0;0m[38;2;242;240;236m [48;2;0;0;0m[38;2;211;208;200m>=[48;2;0;0;0m[38;2;242;240;236m [48;2;0;0;0m[38;2;249;145;87m0[48;2;0;0;0m[38;2;242;240;236m
         168  [48;2;0;0;0m[38;2;242;240;236m                   [48;2;0;0;0m[38;2;211;208;200m||[48;2;0;0;0m[38;2;242;240;236m [48;2;0;0;0m[38;2;242;119;122mactionId[48;2;0;0;0m[38;2;242;240;236m.[48;2;0;0;0m[38;2;102;153;204mIndexOf[48;2;0;0;0m[38;2;242;240;236m([48;2;0;0;0m[38;2;211;208;200m"[48;2;0;0;0m[38;2;153;204;153mattack[48;2;0;0;0m[38;2;211;208;200m"[48;2;0;0;0m[38;2;242;240;236m,[48;2;0;0;0m[38;2;242;240;236m [48;2;0;0;0m[38;2;242;119;122mSystem[48;2;0;0;0m[38;2;242;240;236m.[48;2;0;0;0m[38;2;242;119;122mStringComparison[48;2;0;0;0m[38;2;242;240;236m.[48;2;0;0;0m[38;2;242;119;122mOrdinalIgnoreCase[48;2;0;0;0m[38;2;242;240;236m)[48;2;0;0;0m[38;2;242;240;236m [48;2;0;0;0m[38;2;211;208;200m>=[48;2;0;0;0m[38;2;242;240;236m [48;2;0;0;0m[38;2;249;145;87m0[48;2;0;0;0m[38;2;242;240;236m

    Complex binary expression

         195  [48;2;0;0;0m[38;2;242;240;236m            [48;2;0;0;0m[38;2;204;153;204mreturn[48;2;0;0;0m[38;2;242;240;236m [48;2;0;0;0m[38;2;242;119;122mactionId[48;2;0;0;0m[38;2;242;240;236m.[48;2;0;0;0m[38;2;102;153;204mIndexOf[48;2;0;0;0m[38;2;242;240;236m([48;2;0;0;0m[38;2;211;208;200m"[48;2;0;0;0m[38;2;153;204;153mdig[48;2;0;0;0m[38;2;211;208;200m"[48;2;0;0;0m[38;2;242;240;236m,[48;2;0;0;0m[38;2;242;240;236m [48;2;0;0;0m[38;2;242;119;122mSystem[48;2;0;0;0m[38;2;242;240;236m.[48;2;0;0;0m[38;2;242;119;122mStringComparison[48;2;0;0;0m[38;2;242;240;236m.[48;2;0;0;0m[38;2;242;119;122mOrdinalIgnoreCase[48;2;0;0;0m[38;2;242;240;236m)[48;2;0;0;0m[38;2;242;240;236m [48;2;0;0;0m[38;2;211;208;200m>=[48;2;0;0;0m[38;2;242;240;236m [48;2;0;0;0m[38;2;249;145;87m0[48;2;0;0;0m[38;2;242;240;236m
         196  [48;2;0;0;0m[38;2;242;240;236m                   [48;2;0;0;0m[38;2;211;208;200m||[48;2;0;0;0m[38;2;242;240;236m [48;2;0;0;0m[38;2;242;119;122mactionId[48;2;0;0;0m[38;2;242;240;236m.[48;2;0;0;0m[38;2;102;153;204mIndexOf[48;2;0;0;0m[38;2;242;240;236m([48;2;0;0;0m[38;2;211;208;200m"[48;2;0;0;0m[38;2;153;204;153mexcavat[48;2;0;0;0m[38;2;211;208;200m"[48;2;0;0;0m[38;2;242;240;236m,[48;2;0;0;0m[38;2;242;240;236m [48;2;0;0;0m[38;2;242;119;122mSystem[48;2;0;0;0m[38;2;242;240;236m.[48;2;0;0;0m[38;2;242;119;122mStringComparison[48;2;0;0;0m[38;2;242;240;236m.[48;2;0;0;0m[38;2;242;119;122mOrdinalIgnoreCase[48;2;0;0;0m[38;2;242;240;236m)[48;2;0;0;0m[38;2;242;240;236m [48;2;0;0;0m[38;2;211;208;200m>=[48;2;0;0;0m[38;2;242;240;236m [48;2;0;0;0m[38;2;249;145;87m0[48;2;0;0;0m[38;2;242;240;236m
         197  [48;2;0;0;0m[38;2;242;240;236m                   [48;2;0;0;0m[38;2;211;208;200m||[48;2;0;0;0m[38;2;242;240;236m [48;2;0;0;0m[38;2;242;119;122mactionId[48;2;0;0;0m[38;2;242;240;236m.[48;2;0;0;0m[38;2;102;153;204mIndexOf[48;2;0;0;0m[38;2;242;240;236m([48;2;0;0;0m[38;2;211;208;200m"[48;2;0;0;0m[38;2;153;204;153mhaul[48;2;0;0;0m[38;2;211;208;200m"[48;2;0;0;0m[38;2;242;240;236m,[48;2;0;0;0m[38;2;242;240;236m [48;2;0;0;0m[38;2;242;119;122mSystem[48;2;0;0;0m[38;2;242;240;236m.[48;2;0;0;0m[38;2;242;119;122mStringComparison[48;2;0;0;0m[38;2;242;240;236m.[48;2;0;0;0m[38;2;242;119;122mOrdinalIgnoreCase[48;2;0;0;0m[38;2;242;240;236m)[48;2;0;0;0m[38;2;242;240;236m [48;2;0;0;0m[38;2;211;208;200m>=[48;2;0;0;0m[38;2;242;240;236m [48;2;0;0;0m[38;2;249;145;87m0[48;2;0;0;0m[38;2;242;240;236m

    High total complexity (count = 74)

           1  [48;2;0;0;0m[38;2;204;153;204musing[48;2;0;0;0m[38;2;211;208;200m [48;2;0;0;0m[38;2;211;208;200mUnityEngine[48;2;0;0;0m[38;2;211;208;200m;[48;2;0;0;0m[38;2;211;208;200m
           2  [48;2;0;0;0m[38;2;204;153;204musing[48;2;0;0;0m[38;2;211;208;200m [48;2;0;0;0m[38;2;211;208;200mAtomicWar[48;2;0;0;0m[38;2;211;208;200m.[48;2;0;0;0m[38;2;211;208;200m_Game[48;2;0;0;0m[38;2;211;208;200m.[48;2;0;0;0m[38;2;211;208;200mSurvivors[48;2;0;0;0m[38;2;211;208;200m;[48;2;0;0;0m[38;2;211;208;200m
           3  [48;2;0;0;0m[38;2;211;208;200m
           4  [48;2;0;0;0m[38;2;204;153;204mnamespace[48;2;0;0;0m[38;2;211;208;200m [48;2;0;0;0m[38;2;211;208;200mAtomicWar[48;2;0;0;0m[38;2;211;208;200m.[48;2;0;0;0m[38;2;211;208;200m_Game[48;2;0;0;0m[38;2;211;208;200m.[48;2;0;0;0m[38;2;211;208;200mAI[48;2;0;0;0m[38;2;211;208;200m
           5  [48;2;0;0;0m[38;2;211;208;200m{[48;2;0;0;0m[38;2;211;208;200m
           6  [48;2;0;0;0m[38;2;211;208;200m    [48;2;0;0;0m[38;2;116;115;105m///[48;2;0;0;0m[38;2;116;115;105m [48;2;0;0;0m[38;2;116;115;105m<[48;2;0;0;0m[38;2;242;119;122msummary[48;2;0;0;0m[38;2;116;115;105m>[48;2;0;0;0m[38;2;116;115;105m
              [hid 215 additional lines]

    Function with high complexity (count = 66): Score

          13  [48;2;0;0;0m[38;2;242;240;236m        [48;2;0;0;0m[38;2;204;153;204mpublic[48;2;0;0;0m[38;2;242;240;236m [48;2;0;0;0m[38;2;204;153;204mfloat[48;2;0;0;0m[38;2;242;240;236m [48;2;0;0;0m[38;2;102;153;204mScore[48;2;0;0;0m[38;2;242;240;236m([48;2;0;0;0m[38;2;242;240;236mSurvivorAction[48;2;0;0;0m[38;2;242;240;236m [48;2;0;0;0m[38;2;242;119;122maction[48;2;0;0;0m[38;2;242;240;236m,[48;2;0;0;0m[38;2;242;240;236m [48;2;0;0;0m[38;2;242;240;236mAIContext[48;2;0;0;0m[38;2;242;240;236m [48;2;0;0;0m[38;2;242;119;122mcontext[48;2;0;0;0m[38;2;242;240;236m)[48;2;0;0;0m[38;2;242;240;236m
          14  [48;2;0;0;0m[38;2;242;240;236m        [48;2;0;0;0m[38;2;242;240;236m{[48;2;0;0;0m[38;2;242;240;236m
          15  [48;2;0;0;0m[38;2;242;240;236m            [48;2;0;0;0m[38;2;204;153;204mif[48;2;0;0;0m[38;2;242;240;236m [48;2;0;0;0m[38;2;242;240;236m([48;2;0;0;0m[38;2;242;119;122maction[48;2;0;0;0m[38;2;242;240;236m [48;2;0;0;0m[38;2;211;208;200m==[48;2;0;0;0m[38;2;242;240;236m [48;2;0;0;0m[38;2;249;145;87mnull[48;2;0;0;0m[38;2;242;240;236m [48;2;0;0;0m[38;2;211;208;200m||[48;2;0;0;0m[38;2;242;240;236m [48;2;0;0;0m[38;2;242;119;122mcontext[48;2;0;0;0m[38;2;242;240;236m [48;2;0;0;0m[38;2;211;208;200m==[48;2;0;0;0m[38;2;242;240;236m [48;2;0;0;0m[38;2;249;145;87mnull[48;2;0;0;0m[38;2;242;240;236m)[48;2;0;0;0m[38;2;242;240;236m [48;2;0;0;0m[38;2;204;153;204mreturn[48;2;0;0;0m[38;2;242;240;236m [48;2;0;0;0m[38;2;249;145;87m0[48;2;0;0;0m[38;2;204;153;204mf[48;2;0;0;0m[38;2;242;240;236m;[48;2;0;0;0m[38;2;242;240;236m
          16  [48;2;0;0;0m[38;2;242;240;236m
          17  [48;2;0;0;0m[38;2;242;240;236m            [48;2;0;0;0m[38;2;116;115;105m//[48;2;0;0;0m[38;2;116;115;105m #259 Coward: refuses loud labor (build / generator / maintain).
          18  [48;2;0;0;0m[38;2;242;240;236m            [48;2;0;0;0m[38;2;116;115;105m//[48;2;0;0;0m[38;2;116;115;105m #266 God Complex: refuses menial labor (clean / dig / excavate).
              [hid 135 additional lines]


Assets/_Game/AI/Actions/CaregiveActionSO.cs
    Function with many returns (count = 6): EvaluateRaw

          24  [48;2;0;0;0m[38;2;242;240;236m        [48;2;0;0;0m[38;2;204;153;204mpublic[48;2;0;0;0m[38;2;242;240;236m [48;2;0;0;0m[38;2;204;153;204moverride[48;2;0;0;0m[38;2;242;240;236m [48;2;0;0;0m[38;2;204;153;204mfloat[48;2;0;0;0m[38;2;242;240;236m [48;2;0;0;0m[38;2;102;153;204mEvaluateRaw[48;2;0;0;0m[38;2;242;240;236m([48;2;0;0;0m[38;2;242;240;236mAIContext[48;2;0;0;0m[38;2;242;240;236m [48;2;0;0;0m[38;2;242;119;122mcontext[48;2;0;0;0m[38;2;242;240;236m)[48;2;0;0;0m[38;2;242;240;236m
          25  [48;2;0;0;0m[38;2;242;240;236m        [48;2;0;0;0m[38;2;242;240;236m{[48;2;0;0;0m[38;2;242;240;236m
          26  [48;2;0;0;0m[38;2;242;240;236m            [48;2;0;0;0m[38;2;204;153;204mif[48;2;0;0;0m[38;2;242;240;236m [48;2;0;0;0m[38;2;242;240;236m([48;2;0;0;0m[38;2;242;119;122mcontext[48;2;0;0;0m[38;2;242;240;236m?.[48;2;0;0;0m[38;2;242;119;122mSurvivor[48;2;0;0;0m[38;2;242;240;236m [48;2;0;0;0m[38;2;211;208;200m==[48;2;0;0;0m[38;2;242;240;236m [48;2;0;0;0m[38;2;249;145;87mnull[48;2;0;0;0m[38;2;242;240;236m)[48;2;0;0;0m[38;2;242;240;236m [48;2;0;0;0m[38;2;204;153;204mreturn[48;2;0;0;0m[38;2;242;240;236m [48;2;0;0;0m[38;2;249;145;87m0[48;2;0;0;0m[38;2;204;153;204mf[48;2;0;0;0m[38;2;242;240;236m;[48;2;0;0;0m[38;2;242;240;236m
          27  [48;2;0;0;0m[38;2;242;240;236m            [48;2;0;0;0m[38;2;204;153;204mif[48;2;0;0;0m[38;2;242;240;236m [48;2;0;0;0m[38;2;242;240;236m([48;2;0;0;0m[38;2;242;119;122mcontext[48;2;0;0;0m[38;2;242;240;236m.[48;2;0;0;0m[38;2;242;119;122mMedicalSystem[48;2;0;0;0m[38;2;242;240;236m [48;2;0;0;0m[38;2;211;208;200m==[48;2;0;0;0m[38;2;242;240;236m [48;2;0;0;0m[38;2;249;145;87mnull[48;2;0;0;0m[38;2;242;240;236m [48;2;0;0;0m[38;2;211;208;200m||[48;2;0;0;0m[38;2;242;240;236m [48;2;0;0;0m[38;2;242;119;122mcontext[48;2;0;0;0m[38;2;242;240;236m.[48;2;0;0;0m[38;2;242;119;122mGetSurvivors[48;2;0;0;0m[38;2;242;240;236m [48;2;0;0;0m[38;2;211;208;200m==[48;2;0;0;0m[38;2;242;240;236m [48;2;0;0;0m[38;2;249;145;87mnull[48;2;0;0;0m[38;2;242;240;236m)[48;2;0;0;0m[38;2;242;240;236m [48;2;0;0;0m[38;2;204;153;204mreturn[48;2;0;0;0m[38;2;242;240;236m [48;2;0;0;0m[38;2;249;145;87m0[48;2;0;0;0m[38;2;204;153;204mf[48;2;0;0;0m[38;2;242;240;236m;[48;2;0;0;0m[38;2;242;240;236m
          28  [48;2;0;0;0m[38;2;242;240;236m
          29  [48;2;0;0;0m[38;2;242;240;236m            [48;2;0;0;0m[38;2;204;153;204mvar[48;2;0;0;0m[38;2;242;240;236m [48;2;0;0;0m[38;2;242;119;122mcaregiver[48;2;0;0;0m[38;2;242;240;236m [48;2;0;0;0m[38;2;211;208;200m=[48;2;0;0;0m[38;2;242;240;236m [48;2;0;0;0m[38;2;242;119;122mcontext[48;2;0;0;0m[38;2;242;240;236m.[48;2;0;0;0m[38;2;242;119;122mSurvivor[48;2;0;0;0m[38;2;242;240;236m;[48;2;0;0;0m[38;2;242;240;236m
              [hid 57 additional lines]

    Function with high complexity (count = 33): EvaluateRaw

          24  [48;2;0;0;0m[38;2;242;240;236m        [48;2;0;0;0m[38;2;204;153;204mpublic[48;2;0;0;0m[38;2;242;240;236m [48;2;0;0;0m[38;2;204;153;204moverride[48;2;0;0;0m[38;2;242;240;236m [48;2;0;0;0m[38;2;204;153;204mfloat[48;2;0;0;0m[38;2;242;240;236m [48;2;0;0;0m[38;2;102;153;204mEvaluateRaw[48;2;0;0;0m[38;2;242;240;236m([48;2;0;0;0m[38;2;242;240;236mAIContext[48;2;0;0;0m[38;2;242;240;236m [48;2;0;0;0m[38;2;242;119;122mcontext[48;2;0;0;0m[38;2;242;240;236m)[48;2;0;0;0m[38;2;242;240;236m
          25  [48;2;0;0;0m[38;2;242;240;236m        [48;2;0;0;0m[38;2;242;240;236m{[48;2;0;0;0m[38;2;242;240;236m
          26  [48;2;0;0;0m[38;2;242;240;236m            [48;2;0;0;0m[38;2;204;153;204mif[48;2;0;0;0m[38;2;242;240;236m [48;2;0;0;0m[38;2;242;240;236m([48;2;0;0;0m[38;2;242;119;122mcontext[48;2;0;0;0m[38;2;242;240;236m?.[48;2;0;0;0m[38;2;242;119;122mSurvivor[48;2;0;0;0m[38;2;242;240;236m [48;2;0;0;0m[38;2;211;208;200m==[48;2;0;0;0m[38;2;242;240;236m [48;2;0;0;0m[38;2;249;145;87mnull[48;2;0;0;0m[38;2;242;240;236m)[48;2;0;0;0m[38;2;242;240;236m [48;2;0;0;0m[38;2;204;153;204mreturn[48;2;0;0;0m[38;2;242;240;236m [48;2;0;0;0m[38;2;249;145;87m0[48;2;0;0;0m[38;2;204;153;204mf[48;2;0;0;0m[38;2;242;240;236m;[48;2;0;0;0m[38;2;242;240;236m
          27  [48;2;0;0;0m[38;2;242;240;236m            [48;2;0;0;0m[38;2;204;153;204mif[48;2;0;0;0m[38;2;242;240;236m [48;2;0;0;0m[38;2;242;240;236m([48;2;0;0;0m[38;2;242;119;122mcontext[48;2;0;0;0m[38;2;242;240;236m.[48;2;0;0;0m[38;2;242;119;122mMedicalSystem[48;2;0;0;0m[38;2;242;240;236m [48;2;0;0;0m[38;2;211;208;200m==[48;2;0;0;0m[38;2;242;240;236m [48;2;0;0;0m[38;2;249;145;87mnull[48;2;0;0;0m[38;2;242;240;236m [48;2;0;0;0m[38;2;211;208;200m||[48;2;0;0;0m[38;2;242;240;236m [48;2;0;0;0m[38;2;242;119;122mcontext[48;2;0;0;0m[38;2;242;240;236m.[48;2;0;0;0m[38;2;242;119;122mGetSurvivors[48;2;0;0;0m[38;2;242;240;236m [48;2;0;0;0m[38;2;211;208;200m==[48;2;0;0;0m[38;2;242;240;236m [48;2;0;0;0m[38;2;249;145;87mnull[48;2;0;0;0m[38;2;242;240;236m)[48;2;0;0;0m[38;2;242;240;236m [48;2;0;0;0m[38;2;204;153;204mreturn[48;2;0;0;0m[38;2;242;240;236m [48;2;0;0;0m[38;2;249;145;87m0[48;2;0;0;0m[38;2;204;153;204mf[48;2;0;0;0m[38;2;242;240;236m;[48;2;0;0;0m[38;2;242;240;236m
          28  [48;2;0;0;0m[38;2;242;240;236m
          29  [48;2;0;0;0m[38;2;242;240;236m            [48;2;0;0;0m[38;2;204;153;204mvar[48;2;0;0;0m[38;2;242;240;236m [48;2;0;0;0m[38;2;242;119;122mcaregiver[48;2;0;0;0m[38;2;242;240;236m [48;2;0;0;0m[38;2;211;208;200m=[48;2;0;0;0m[38;2;242;240;236m [48;2;0;0;0m[38;2;242;119;122mcontext[48;2;0;0;0m[38;2;242;240;236m.[48;2;0;0;0m[38;2;242;119;122mSurvivor[48;2;0;0;0m[38;2;242;240;236m;[48;2;0;0;0m[38;2;242;240;236m
              [hid 57 additional lines]


Assets/_Game/AI/Actions/ChartMapActionSO.cs
    Function with many returns (count = 6): EvaluateRaw

          22  [48;2;0;0;0m[38;2;242;240;236m        [48;2;0;0;0m[38;2;204;153;204mpublic[48;2;0;0;0m[38;2;242;240;236m [48;2;0;0;0m[38;2;204;153;204moverride[48;2;0;0;0m[38;2;242;240;236m [48;2;0;0;0m[38;2;204;153;204mfloat[48;2;0;0;0m[38;2;242;240;236m [48;2;0;0;0m[38;2;102;153;204mEvaluateRaw[48;2;0;0;0m[38;2;242;240;236m([48;2;0;0;0m[38;2;242;240;236mAIContext[48;2;0;0;0m[38;2;242;240;236m [48;2;0;0;0m[38;2;242;119;122mcontext[48;2;0;0;0m[38;2;242;240;236m)[48;2;0;0;0m[38;2;242;240;236m
          23  [48;2;0;0;0m[38;2;242;240;236m        [48;2;0;0;0m[38;2;242;240;236m{[48;2;0;0;0m[38;2;242;240;236m
          24  [48;2;0;0;0m[38;2;242;240;236m            [48;2;0;0;0m[38;2;204;153;204mif[48;2;0;0;0m[38;2;242;240;236m [48;2;0;0;0m[38;2;242;240;236m([48;2;0;0;0m[38;2;242;119;122mcontext[48;2;0;0;0m[38;2;242;240;236m?.[48;2;0;0;0m[38;2;242;119;122mSurvivor[48;2;0;0;0m[38;2;242;240;236m [48;2;0;0;0m[38;2;211;208;200m==[48;2;0;0;0m[38;2;242;240;236m [48;2;0;0;0m[38;2;249;145;87mnull[48;2;0;0;0m[38;2;242;240;236m [48;2;0;0;0m[38;2;211;208;200m||[48;2;0;0;0m[38;2;242;240;236m [48;2;0;0;0m[38;2;211;208;200m![48;2;0;0;0m[38;2;242;119;122mcontext[48;2;0;0;0m[38;2;242;240;236m.[48;2;0;0;0m[38;2;242;119;122mSurvivor[48;2;0;0;0m[38;2;242;240;236m.[48;2;0;0;0m[38;2;242;119;122mIsAlive[48;2;0;0;0m[38;2;242;240;236m)[48;2;0;0;0m[38;2;242;240;236m [48;2;0;0;0m[38;2;204;153;204mreturn[48;2;0;0;0m[38;2;242;240;236m [48;2;0;0;0m[38;2;249;145;87m0[48;2;0;0;0m[38;2;204;153;204mf[48;2;0;0;0m[38;2;242;240;236m;[48;2;0;0;0m[38;2;242;240;236m
          25  [48;2;0;0;0m[38;2;242;240;236m            [48;2;0;0;0m[38;2;204;153;204mif[48;2;0;0;0m[38;2;242;240;236m [48;2;0;0;0m[38;2;242;240;236m([48;2;0;0;0m[38;2;242;119;122mcontext[48;2;0;0;0m[38;2;242;240;236m.[48;2;0;0;0m[38;2;242;119;122mCartographySystem[48;2;0;0;0m[38;2;242;240;236m [48;2;0;0;0m[38;2;211;208;200m==[48;2;0;0;0m[38;2;242;240;236m [48;2;0;0;0m[38;2;249;145;87mnull[48;2;0;0;0m[38;2;242;240;236m)[48;2;0;0;0m[38;2;242;240;236m [48;2;0;0;0m[38;2;204;153;204mreturn[48;2;0;0;0m[38;2;242;240;236m [48;2;0;0;0m[38;2;249;145;87m0[48;2;0;0;0m[38;2;204;153;204mf[48;2;0;0;0m[38;2;242;240;236m;[48;2;0;0;0m[38;2;242;240;236m
          26  [48;2;0;0;0m[38;2;242;240;236m            [48;2;0;0;0m[38;2;204;153;204mif[48;2;0;0;0m[38;2;242;240;236m [48;2;0;0;0m[38;2;242;240;236m([48;2;0;0;0m[38;2;211;208;200m![48;2;0;0;0m[38;2;242;119;122mcontext[48;2;0;0;0m[38;2;242;240;236m.[48;2;0;0;0m[38;2;242;119;122mCartographySystem[48;2;0;0;0m[38;2;242;240;236m.[48;2;0;0;0m[38;2;242;119;122mHasModule[48;2;0;0;0m[38;2;242;240;236m)[48;2;0;0;0m[38;2;242;240;236m [48;2;0;0;0m[38;2;204;153;204mreturn[48;2;0;0;0m[38;2;242;240;236m [48;2;0;0;0m[38;2;249;145;87m0[48;2;0;0;0m[38;2;204;153;204mf[48;2;0;0;0m[38;2;242;240;236m;[48;2;0;0;0m[38;2;242;240;236m
          27  [48;2;0;0;0m[38;2;242;240;236m
              [hid 14 additional lines]


Assets/_Game/AI/Actions/DrinkContaminatedWaterActionSO.cs
    Function with many returns (count = 7): RiskWillingness

         106  [48;2;0;0;0m[38;2;242;240;236m        [48;2;0;0;0m[38;2;204;153;204mprivate[48;2;0;0;0m[38;2;242;240;236m [48;2;0;0;0m[38;2;204;153;204mstatic[48;2;0;0;0m[38;2;242;240;236m [48;2;0;0;0m[38;2;204;153;204mfloat[48;2;0;0;0m[38;2;242;240;236m [48;2;0;0;0m[38;2;102;153;204mRiskWillingness[48;2;0;0;0m[38;2;242;240;236m([48;2;0;0;0m[38;2;242;240;236mRiskBiasTrait[48;2;0;0;0m[38;2;242;240;236m [48;2;0;0;0m[38;2;242;119;122mtrait[48;2;0;0;0m[38;2;242;240;236m)[48;2;0;0;0m[38;2;242;240;236m
         107  [48;2;0;0;0m[38;2;242;240;236m        [48;2;0;0;0m[38;2;242;240;236m{[48;2;0;0;0m[38;2;242;240;236m
         108  [48;2;0;0;0m[38;2;242;240;236m            [48;2;0;0;0m[38;2;204;153;204mswitch[48;2;0;0;0m[38;2;242;240;236m [48;2;0;0;0m[38;2;242;240;236m([48;2;0;0;0m[38;2;242;119;122mtrait[48;2;0;0;0m[38;2;242;240;236m)[48;2;0;0;0m[38;2;242;240;236m
         109  [48;2;0;0;0m[38;2;242;240;236m            [48;2;0;0;0m[38;2;242;240;236m{[48;2;0;0;0m[38;2;242;240;236m
         110  [48;2;0;0;0m[38;2;242;240;236m                [48;2;0;0;0m[38;2;204;153;204mcase[48;2;0;0;0m[38;2;242;240;236m [48;2;0;0;0m[38;2;242;119;122mRiskBiasTrait[48;2;0;0;0m[38;2;242;240;236m.[48;2;0;0;0m[38;2;249;145;87mParanoid[48;2;0;0;0m[38;2;242;240;236m:[48;2;0;0;0m[38;2;242;240;236m [48;2;0;0;0m[38;2;204;153;204mreturn[48;2;0;0;0m[38;2;242;240;236m [48;2;0;0;0m[38;2;249;145;87m0.05[48;2;0;0;0m[38;2;204;153;204mf[48;2;0;0;0m[38;2;242;240;236m;[48;2;0;0;0m[38;2;242;240;236m
         111  [48;2;0;0;0m[38;2;242;240;236m                [48;2;0;0;0m[38;2;204;153;204mcase[48;2;0;0;0m[38;2;242;240;236m [48;2;0;0;0m[38;2;242;119;122mRiskBiasTrait[48;2;0;0;0m[38;2;242;240;236m.[48;2;0;0;0m[38;2;249;145;87mCautious[48;2;0;0;0m[38;2;242;240;236m:[48;2;0;0;0m[38;2;242;240;236m [48;2;0;0;0m[38;2;204;153;204mreturn[48;2;0;0;0m[38;2;242;240;236m [48;2;0;0;0m[38;2;249;145;87m0.2[48;2;0;0;0m[38;2;204;153;204mf[48;2;0;0;0m[38;2;242;240;236m;[48;2;0;0;0m[38;2;242;240;236m
              [hid 7 additional lines]


Assets/_Game/AI/Actions/EatActionSO.cs
    Function with many returns (count = 7): EvaluateRaw

          24  [48;2;0;0;0m[38;2;242;240;236m        [48;2;0;0;0m[38;2;204;153;204mpublic[48;2;0;0;0m[38;2;242;240;236m [48;2;0;0;0m[38;2;204;153;204moverride[48;2;0;0;0m[38;2;242;240;236m [48;2;0;0;0m[38;2;204;153;204mfloat[48;2;0;0;0m[38;2;242;240;236m [48;2;0;0;0m[38;2;102;153;204mEvaluateRaw[48;2;0;0;0m[38;2;242;240;236m([48;2;0;0;0m[38;2;242;240;236mAIContext[48;2;0;0;0m[38;2;242;240;236m [48;2;0;0;0m[38;2;242;119;122mcontext[48;2;0;0;0m[38;2;242;240;236m)[48;2;0;0;0m[38;2;242;240;236m
          25  [48;2;0;0;0m[38;2;242;240;236m        [48;2;0;0;0m[38;2;242;240;236m{[48;2;0;0;0m[38;2;242;240;236m
          26  [48;2;0;0;0m[38;2;242;240;236m            [48;2;0;0;0m[38;2;204;153;204mif[48;2;0;0;0m[38;2;242;240;236m [48;2;0;0;0m[38;2;242;240;236m([48;2;0;0;0m[38;2;242;119;122mcontext[48;2;0;0;0m[38;2;242;240;236m?.[48;2;0;0;0m[38;2;242;119;122mSurvivor[48;2;0;0;0m[38;2;242;240;236m [48;2;0;0;0m[38;2;211;208;200m==[48;2;0;0;0m[38;2;242;240;236m [48;2;0;0;0m[38;2;249;145;87mnull[48;2;0;0;0m[38;2;242;240;236m)[48;2;0;0;0m[38;2;242;240;236m [48;2;0;0;0m[38;2;204;153;204mreturn[48;2;0;0;0m[38;2;242;240;236m [48;2;0;0;0m[38;2;249;145;87m0[48;2;0;0;0m[38;2;204;153;204mf[48;2;0;0;0m[38;2;242;240;236m;[48;2;0;0;0m[38;2;242;240;236m
          27  [48;2;0;0;0m[38;2;242;240;236m            [48;2;0;0;0m[38;2;116;115;105m//[48;2;0;0;0m[38;2;116;115;105m Comatose survivors cannot self-feed
          28  [48;2;0;0;0m[38;2;242;240;236m            [48;2;0;0;0m[38;2;204;153;204mif[48;2;0;0;0m[38;2;242;240;236m [48;2;0;0;0m[38;2;242;240;236m([48;2;0;0;0m[38;2;242;119;122mcontext[48;2;0;0;0m[38;2;242;240;236m.[48;2;0;0;0m[38;2;242;119;122mMedicalSystem[48;2;0;0;0m[38;2;242;240;236m [48;2;0;0;0m[38;2;211;208;200m!=[48;2;0;0;0m[38;2;242;240;236m [48;2;0;0;0m[38;2;249;145;87mnull[48;2;0;0;0m[38;2;242;240;236m [48;2;0;0;0m[38;2;211;208;200m&&[48;2;0;0;0m[38;2;242;240;236m [48;2;0;0;0m[38;2;242;119;122mcontext[48;2;0;0;0m[38;2;242;240;236m.[48;2;0;0;0m[38;2;242;119;122mMedicalSystem[48;2;0;0;0m[38;2;242;240;236m.[48;2;0;0;0m[38;2;102;153;204mIsComatose[48;2;0;0;0m[38;2;242;240;236m([48;2;0;0;0m[38;2;242;119;122mcontext[48;2;0;0;0m[38;2;242;240;236m.[48;2;0;0;0m[38;2;242;119;122mSurvivor[48;2;0;0;0m[38;2;242;240;236m)[48;2;0;0;0m[38;2;242;240;236m)[48;2;0;0;0m[38;2;242;240;236m
          29  [48;2;0;0;0m[38;2;242;240;236m                [48;2;0;0;0m[38;2;204;153;204mreturn[48;2;0;0;0m[38;2;242;240;236m [48;2;0;0;0m[38;2;249;145;87m0[48;2;0;0;0m[38;2;204;153;204mf[48;2;0;0;0m[38;2;242;240;236m;[48;2;0;0;0m[38;2;242;240;236m
              [hid 42 additional lines]

    Function with many returns (count = 10): Execute

          73  [48;2;0;0;0m[38;2;242;240;236m        [48;2;0;0;0m[38;2;204;153;204mpublic[48;2;0;0;0m[38;2;242;240;236m [48;2;0;0;0m[38;2;204;153;204moverride[48;2;0;0;0m[38;2;242;240;236m [48;2;0;0;0m[38;2;204;153;204mvoid[48;2;0;0;0m[38;2;242;240;236m [48;2;0;0;0m[38;2;102;153;204mExecute[48;2;0;0;0m[38;2;242;240;236m([48;2;0;0;0m[38;2;242;240;236mAIContext[48;2;0;0;0m[38;2;242;240;236m [48;2;0;0;0m[38;2;242;119;122mcontext[48;2;0;0;0m[38;2;242;240;236m)[48;2;0;0;0m[38;2;242;240;236m
          74  [48;2;0;0;0m[38;2;242;240;236m        [48;2;0;0;0m[38;2;242;240;236m{[48;2;0;0;0m[38;2;242;240;236m
          75  [48;2;0;0;0m[38;2;242;240;236m            [48;2;0;0;0m[38;2;204;153;204mif[48;2;0;0;0m[38;2;242;240;236m [48;2;0;0;0m[38;2;242;240;236m([48;2;0;0;0m[38;2;242;119;122mcontext[48;2;0;0;0m[38;2;242;240;236m?.[48;2;0;0;0m[38;2;242;119;122mSurvivor[48;2;0;0;0m[38;2;242;240;236m [48;2;0;0;0m[38;2;211;208;200m==[48;2;0;0;0m[38;2;242;240;236m [48;2;0;0;0m[38;2;249;145;87mnull[48;2;0;0;0m[38;2;242;240;236m)[48;2;0;0;0m[38;2;242;240;236m [48;2;0;0;0m[38;2;204;153;204mreturn[48;2;0;0;0m[38;2;242;240;236m;[48;2;0;0;0m[38;2;242;240;236m
          76  [48;2;0;0;0m[38;2;242;240;236m            [48;2;0;0;0m[38;2;204;153;204mvar[48;2;0;0;0m[38;2;242;240;236m [48;2;0;0;0m[38;2;242;119;122msurvivor[48;2;0;0;0m[38;2;242;240;236m [48;2;0;0;0m[38;2;211;208;200m=[48;2;0;0;0m[38;2;242;240;236m [48;2;0;0;0m[38;2;242;119;122mcontext[48;2;0;0;0m[38;2;242;240;236m.[48;2;0;0;0m[38;2;242;119;122mSurvivor[48;2;0;0;0m[38;2;242;240;236m;[48;2;0;0;0m[38;2;242;240;236m
          77  [48;2;0;0;0m[38;2;242;240;236m            [48;2;0;0;0m[38;2;204;153;204mif[48;2;0;0;0m[38;2;242;240;236m [48;2;0;0;0m[38;2;242;240;236m([48;2;0;0;0m[38;2;242;119;122mcontext[48;2;0;0;0m[38;2;242;240;236m.[48;2;0;0;0m[38;2;242;119;122mMedicalSystem[48;2;0;0;0m[38;2;242;240;236m [48;2;0;0;0m[38;2;211;208;200m!=[48;2;0;0;0m[38;2;242;240;236m [48;2;0;0;0m[38;2;249;145;87mnull[48;2;0;0;0m[38;2;242;240;236m [48;2;0;0;0m[38;2;211;208;200m&&[48;2;0;0;0m[38;2;242;240;236m [48;2;0;0;0m[38;2;242;119;122mcontext[48;2;0;0;0m[38;2;242;240;236m.[48;2;0;0;0m[38;2;242;119;122mMedicalSystem[48;2;0;0;0m[38;2;242;240;236m.[48;2;0;0;0m[38;2;102;153;204mIsComatose[48;2;0;0;0m[38;2;242;240;236m([48;2;0;0;0m[38;2;242;119;122msurvivor[48;2;0;0;0m[38;2;242;240;236m)[48;2;0;0;0m[38;2;242;240;236m)[48;2;0;0;0m[38;2;242;240;236m
          78  [48;2;0;0;0m[38;2;242;240;236m                [48;2;0;0;0m[38;2;204;153;204mreturn[48;2;0;0;0m[38;2;242;240;236m;[48;2;0;0;0m[38;2;242;240;236m
              [hid 119 additional lines]

    Deeply nested control flow (level = 5)

         134  [48;2;0;0;0m[38;2;242;240;236m                            [48;2;0;0;0m[38;2;204;153;204mif[48;2;0;0;0m[38;2;242;240;236m [48;2;0;0;0m[38;2;242;240;236m([48;2;0;0;0m[38;2;242;119;122mhit[48;2;0;0;0m[38;2;242;240;236m [48;2;0;0;0m[38;2;211;208;200m>[48;2;0;0;0m[38;2;242;240;236m [48;2;0;0;0m[38;2;249;145;87m0[48;2;0;0;0m[38;2;204;153;204mf[48;2;0;0;0m[38;2;242;240;236m)[48;2;0;0;0m[38;2;242;240;236m
         135  [48;2;0;0;0m[38;2;242;240;236m                                [48;2;0;0;0m[38;2;242;119;122msurvivor[48;2;0;0;0m[38;2;242;240;236m.[48;2;0;0;0m[38;2;242;119;122mNeeds[48;2;0;0;0m[38;2;242;240;236m.[48;2;0;0;0m[38;2;242;119;122mMorale[48;2;0;0;0m[38;2;242;240;236m [48;2;0;0;0m[38;2;211;208;200m=[48;2;0;0;0m[38;2;242;240;236m [48;2;0;0;0m[38;2;242;119;122mMathf[48;2;0;0;0m[38;2;242;240;236m.[48;2;0;0;0m[38;2;102;153;204mMax[48;2;0;0;0m[38;2;242;240;236m([48;2;0;0;0m[38;2;249;145;87m0[48;2;0;0;0m[38;2;204;153;204mf[48;2;0;0;0m[38;2;242;240;236m,[48;2;0;0;0m[38;2;242;240;236m [48;2;0;0;0m[38;2;242;119;122msurvivor[48;2;0;0;0m[38;2;242;240;236m.[48;2;0;0;0m[38;2;242;119;122mNeeds[48;2;0;0;0m[38;2;242;240;236m.[48;2;0;0;0m[38;2;242;119;122mMorale[48;2;0;0;0m[38;2;242;240;236m [48;2;0;0;0m[38;2;211;208;200m-[48;2;0;0;0m[38;2;242;240;236m [48;2;0;0;0m[38;2;242;119;122mhit[48;2;0;0;0m[38;2;242;240;236m)[48;2;0;0;0m[38;2;242;240;236m;[48;2;0;0;0m[38;2;242;240;236m

    Deeply nested control flow (level = 5)

         169  [48;2;0;0;0m[38;2;242;240;236m                            [48;2;0;0;0m[38;2;204;153;204mif[48;2;0;0;0m[38;2;242;240;236m [48;2;0;0;0m[38;2;242;240;236m([48;2;0;0;0m[38;2;242;119;122mother[48;2;0;0;0m[38;2;242;240;236m [48;2;0;0;0m[38;2;211;208;200m==[48;2;0;0;0m[38;2;242;240;236m [48;2;0;0;0m[38;2;249;145;87mnull[48;2;0;0;0m[38;2;242;240;236m [48;2;0;0;0m[38;2;211;208;200m||[48;2;0;0;0m[38;2;242;240;236m [48;2;0;0;0m[38;2;211;208;200m![48;2;0;0;0m[38;2;242;119;122mother[48;2;0;0;0m[38;2;242;240;236m.[48;2;0;0;0m[38;2;242;119;122mIsAlive[48;2;0;0;0m[38;2;242;240;236m)[48;2;0;0;0m[38;2;242;240;236m [48;2;0;0;0m[38;2;204;153;204mcontinue[48;2;0;0;0m[38;2;242;240;236m;[48;2;0;0;0m[38;2;242;240;236m

    Complex binary expression

          58  [48;2;0;0;0m[38;2;242;240;236m                        [48;2;0;0;0m[38;2;211;208;200m&&[48;2;0;0;0m[38;2;242;240;236m [48;2;0;0;0m[38;2;242;240;236m([48;2;0;0;0m[38;2;242;119;122mslot[48;2;0;0;0m[38;2;242;240;236m.[48;2;0;0;0m[38;2;242;119;122mItem[48;2;0;0;0m[38;2;242;240;236m.[48;2;0;0;0m[38;2;242;119;122mid[48;2;0;0;0m[38;2;242;240;236m [48;2;0;0;0m[38;2;211;208;200m==[48;2;0;0;0m[38;2;242;240;236m [48;2;0;0;0m[38;2;242;119;122mFoodItemId[48;2;0;0;0m[38;2;242;240;236m
          59  [48;2;0;0;0m[38;2;242;240;236m                            [48;2;0;0;0m[38;2;211;208;200m||[48;2;0;0;0m[38;2;242;240;236m [48;2;0;0;0m[38;2;242;119;122mslot[48;2;0;0;0m[38;2;242;240;236m.[48;2;0;0;0m[38;2;242;119;122mItem[48;2;0;0;0m[38;2;242;240;236m.[48;2;0;0;0m[38;2;242;119;122mtype[48;2;0;0;0m[38;2;242;240;236m [48;2;0;0;0m[38;2;211;208;200m==[48;2;0;0;0m[38;2;242;240;236m [48;2;0;0;0m[38;2;242;119;122mItemType[48;2;0;0;0m[38;2;242;240;236m.[48;2;0;0;0m[38;2;242;119;122mFood[48;2;0;0;0m[38;2;242;240;236m

    Complex binary expression

         144  [48;2;0;0;0m[38;2;242;240;236m                [48;2;0;0;0m[38;2;204;153;204mif[48;2;0;0;0m[38;2;242;240;236m [48;2;0;0;0m[38;2;242;240;236m([48;2;0;0;0m[38;2;242;119;122mcontext[48;2;0;0;0m[38;2;242;240;236m.[48;2;0;0;0m[38;2;242;119;122mPersonalQuests[48;2;0;0;0m[38;2;242;240;236m [48;2;0;0;0m[38;2;211;208;200m!=[48;2;0;0;0m[38;2;242;240;236m [48;2;0;0;0m[38;2;249;145;87mnull[48;2;0;0;0m[38;2;242;240;236m
         145  [48;2;0;0;0m[38;2;242;240;236m                    [48;2;0;0;0m[38;2;211;208;200m&&[48;2;0;0;0m[38;2;242;240;236m [48;2;0;0;0m[38;2;242;119;122mcontext[48;2;0;0;0m[38;2;242;240;236m.[48;2;0;0;0m[38;2;242;119;122mPersonalQuests[48;2;0;0;0m[38;2;242;240;236m.[48;2;0;0;0m[38;2;102;153;204mEatsOnlyRawMeat[48;2;0;0;0m[38;2;242;240;236m([48;2;0;0;0m[38;2;242;119;122msurvivor[48;2;0;0;0m[38;2;242;240;236m)[48;2;0;0;0m[38;2;242;240;236m

    High total complexity (count = 95)

           1  [48;2;0;0;0m[38;2;204;153;204musing[48;2;0;0;0m[38;2;211;208;200m [48;2;0;0;0m[38;2;211;208;200mUnityEngine[48;2;0;0;0m[38;2;211;208;200m;[48;2;0;0;0m[38;2;211;208;200m
           2  [48;2;0;0;0m[38;2;204;153;204musing[48;2;0;0;0m[38;2;211;208;200m [48;2;0;0;0m[38;2;211;208;200mAtomicWar[48;2;0;0;0m[38;2;211;208;200m.[48;2;0;0;0m[38;2;211;208;200m_Game[48;2;0;0;0m[38;2;211;208;200m.[48;2;0;0;0m[38;2;211;208;200mInventory[48;2;0;0;0m[38;2;211;208;200m;[48;2;0;0;0m[38;2;211;208;200m
           3  [48;2;0;0;0m[38;2;204;153;204musing[48;2;0;0;0m[38;2;211;208;200m [48;2;0;0;0m[38;2;211;208;200mAtomicWar[48;2;0;0;0m[38;2;211;208;200m.[48;2;0;0;0m[38;2;211;208;200m_Game[48;2;0;0;0m[38;2;211;208;200m.[48;2;0;0;0m[38;2;211;208;200mMedical[48;2;0;0;0m[38;2;211;208;200m;[48;2;0;0;0m[38;2;211;208;200m
           4  [48;2;0;0;0m[38;2;204;153;204musing[48;2;0;0;0m[38;2;211;208;200m [48;2;0;0;0m[38;2;211;208;200mAtomicWar[48;2;0;0;0m[38;2;211;208;200m.[48;2;0;0;0m[38;2;211;208;200m_Game[48;2;0;0;0m[38;2;211;208;200m.[48;2;0;0;0m[38;2;211;208;200mSurvivors[48;2;0;0;0m[38;2;211;208;200m;[48;2;0;0;0m[38;2;211;208;200m
           5  [48;2;0;0;0m[38;2;211;208;200m
           6  [48;2;0;0;0m[38;2;204;153;204mnamespace[48;2;0;0;0m[38;2;211;208;200m [48;2;0;0;0m[38;2;211;208;200mAtomicWar[48;2;0;0;0m[38;2;211;208;200m.[48;2;0;0;0m[38;2;211;208;200m_Game[48;2;0;0;0m[38;2;211;208;200m.[48;2;0;0;0m[38;2;211;208;200mAI[48;2;0;0;0m[38;2;211;208;200m.[48;2;0;0;0m[38;2;211;208;200mActions[48;2;0;0;0m[38;2;211;208;200m
              [hid 218 additional lines]

    Function with high complexity (count = 67): Execute

          73  [48;2;0;0;0m[38;2;242;240;236m        [48;2;0;0;0m[38;2;204;153;204mpublic[48;2;0;0;0m[38;2;242;240;236m [48;2;0;0;0m[38;2;204;153;204moverride[48;2;0;0;0m[38;2;242;240;236m [48;2;0;0;0m[38;2;204;153;204mvoid[48;2;0;0;0m[38;2;242;240;236m [48;2;0;0;0m[38;2;102;153;204mExecute[48;2;0;0;0m[38;2;242;240;236m([48;2;0;0;0m[38;2;242;240;236mAIContext[48;2;0;0;0m[38;2;242;240;236m [48;2;0;0;0m[38;2;242;119;122mcontext[48;2;0;0;0m[38;2;242;240;236m)[48;2;0;0;0m[38;2;242;240;236m
          74  [48;2;0;0;0m[38;2;242;240;236m        [48;2;0;0;0m[38;2;242;240;236m{[48;2;0;0;0m[38;2;242;240;236m
          75  [48;2;0;0;0m[38;2;242;240;236m            [48;2;0;0;0m[38;2;204;153;204mif[48;2;0;0;0m[38;2;242;240;236m [48;2;0;0;0m[38;2;242;240;236m([48;2;0;0;0m[38;2;242;119;122mcontext[48;2;0;0;0m[38;2;242;240;236m?.[48;2;0;0;0m[38;2;242;119;122mSurvivor[48;2;0;0;0m[38;2;242;240;236m [48;2;0;0;0m[38;2;211;208;200m==[48;2;0;0;0m[38;2;242;240;236m [48;2;0;0;0m[38;2;249;145;87mnull[48;2;0;0;0m[38;2;242;240;236m)[48;2;0;0;0m[38;2;242;240;236m [48;2;0;0;0m[38;2;204;153;204mreturn[48;2;0;0;0m[38;2;242;240;236m;[48;2;0;0;0m[38;2;242;240;236m
          76  [48;2;0;0;0m[38;2;242;240;236m            [48;2;0;0;0m[38;2;204;153;204mvar[48;2;0;0;0m[38;2;242;240;236m [48;2;0;0;0m[38;2;242;119;122msurvivor[48;2;0;0;0m[38;2;242;240;236m [48;2;0;0;0m[38;2;211;208;200m=[48;2;0;0;0m[38;2;242;240;236m [48;2;0;0;0m[38;2;242;119;122mcontext[48;2;0;0;0m[38;2;242;240;236m.[48;2;0;0;0m[38;2;242;119;122mSurvivor[48;2;0;0;0m[38;2;242;240;236m;[48;2;0;0;0m[38;2;242;240;236m
          77  [48;2;0;0;0m[38;2;242;240;236m            [48;2;0;0;0m[38;2;204;153;204mif[48;2;0;0;0m[38;2;242;240;236m [48;2;0;0;0m[38;2;242;240;236m([48;2;0;0;0m[38;2;242;119;122mcontext[48;2;0;0;0m[38;2;242;240;236m.[48;2;0;0;0m[38;2;242;119;122mMedicalSystem[48;2;0;0;0m[38;2;242;240;236m [48;2;0;0;0m[38;2;211;208;200m!=[48;2;0;0;0m[38;2;242;240;236m [48;2;0;0;0m[38;2;249;145;87mnull[48;2;0;0;0m[38;2;242;240;236m [48;2;0;0;0m[38;2;211;208;200m&&[48;2;0;0;0m[38;2;242;240;236m [48;2;0;0;0m[38;2;242;119;122mcontext[48;2;0;0;0m[38;2;242;240;236m.[48;2;0;0;0m[38;2;242;119;122mMedicalSystem[48;2;0;0;0m[38;2;242;240;236m.[48;2;0;0;0m[38;2;102;153;204mIsComatose[48;2;0;0;0m[38;2;242;240;236m([48;2;0;0;0m[38;2;242;119;122msurvivor[48;2;0;0;0m[38;2;242;240;236m)[48;2;0;0;0m[38;2;242;240;236m)[48;2;0;0;0m[38;2;242;240;236m
          78  [48;2;0;0;0m[38;2;242;240;236m                [48;2;0;0;0m[38;2;204;153;204mreturn[48;2;0;0;0m[38;2;242;240;236m;[48;2;0;0;0m[38;2;242;240;236m
              [hid 119 additional lines]


Assets/_Game/AI/Actions/MentalBreakComfortActionSO.cs
    Function with many returns (count = 8): EvaluateRaw

          32  [48;2;0;0;0m[38;2;242;240;236m        [48;2;0;0;0m[38;2;204;153;204mpublic[48;2;0;0;0m[38;2;242;240;236m [48;2;0;0;0m[38;2;204;153;204moverride[48;2;0;0;0m[38;2;242;240;236m [48;2;0;0;0m[38;2;204;153;204mfloat[48;2;0;0;0m[38;2;242;240;236m [48;2;0;0;0m[38;2;102;153;204mEvaluateRaw[48;2;0;0;0m[38;2;242;240;236m([48;2;0;0;0m[38;2;242;240;236mAIContext[48;2;0;0;0m[38;2;242;240;236m [48;2;0;0;0m[38;2;242;119;122mcontext[48;2;0;0;0m[38;2;242;240;236m)[48;2;0;0;0m[38;2;242;240;236m
          33  [48;2;0;0;0m[38;2;242;240;236m        [48;2;0;0;0m[38;2;242;240;236m{[48;2;0;0;0m[38;2;242;240;236m
          34  [48;2;0;0;0m[38;2;242;240;236m            [48;2;0;0;0m[38;2;204;153;204mif[48;2;0;0;0m[38;2;242;240;236m [48;2;0;0;0m[38;2;242;240;236m([48;2;0;0;0m[38;2;242;119;122mcontext[48;2;0;0;0m[38;2;242;240;236m?.[48;2;0;0;0m[38;2;242;119;122mSurvivor[48;2;0;0;0m[38;2;242;240;236m [48;2;0;0;0m[38;2;211;208;200m==[48;2;0;0;0m[38;2;242;240;236m [48;2;0;0;0m[38;2;249;145;87mnull[48;2;0;0;0m[38;2;242;240;236m)[48;2;0;0;0m[38;2;242;240;236m [48;2;0;0;0m[38;2;204;153;204mreturn[48;2;0;0;0m[38;2;242;240;236m [48;2;0;0;0m[38;2;249;145;87m0[48;2;0;0;0m[38;2;204;153;204mf[48;2;0;0;0m[38;2;242;240;236m;[48;2;0;0;0m[38;2;242;240;236m
          35  [48;2;0;0;0m[38;2;242;240;236m            [48;2;0;0;0m[38;2;116;115;105m//[48;2;0;0;0m[38;2;116;115;105m #252 Hardened Daughter: refuses Comfort actions.
          36  [48;2;0;0;0m[38;2;242;240;236m            [48;2;0;0;0m[38;2;204;153;204mif[48;2;0;0;0m[38;2;242;240;236m [48;2;0;0;0m[38;2;242;240;236m([48;2;0;0;0m[38;2;242;119;122mcontext[48;2;0;0;0m[38;2;242;240;236m.[48;2;0;0;0m[38;2;242;119;122mPersonalQuests[48;2;0;0;0m[38;2;242;240;236m [48;2;0;0;0m[38;2;211;208;200m!=[48;2;0;0;0m[38;2;242;240;236m [48;2;0;0;0m[38;2;249;145;87mnull[48;2;0;0;0m[38;2;242;240;236m
          37  [48;2;0;0;0m[38;2;242;240;236m                [48;2;0;0;0m[38;2;211;208;200m&&[48;2;0;0;0m[38;2;242;240;236m [48;2;0;0;0m[38;2;242;119;122mcontext[48;2;0;0;0m[38;2;242;240;236m.[48;2;0;0;0m[38;2;242;119;122mPersonalQuests[48;2;0;0;0m[38;2;242;240;236m.[48;2;0;0;0m[38;2;102;153;204mRefusesPlayOrComfort[48;2;0;0;0m[38;2;242;240;236m([48;2;0;0;0m[38;2;242;119;122mcontext[48;2;0;0;0m[38;2;242;240;236m.[48;2;0;0;0m[38;2;242;119;122mSurvivor[48;2;0;0;0m[38;2;242;240;236m)[48;2;0;0;0m[38;2;242;240;236m)[48;2;0;0;0m[38;2;242;240;236m
              [hid 27 additional lines]

    Function with high complexity (count = 18): EvaluateRaw

          32  [48;2;0;0;0m[38;2;242;240;236m        [48;2;0;0;0m[38;2;204;153;204mpublic[48;2;0;0;0m[38;2;242;240;236m [48;2;0;0;0m[38;2;204;153;204moverride[48;2;0;0;0m[38;2;242;240;236m [48;2;0;0;0m[38;2;204;153;204mfloat[48;2;0;0;0m[38;2;242;240;236m [48;2;0;0;0m[38;2;102;153;204mEvaluateRaw[48;2;0;0;0m[38;2;242;240;236m([48;2;0;0;0m[38;2;242;240;236mAIContext[48;2;0;0;0m[38;2;242;240;236m [48;2;0;0;0m[38;2;242;119;122mcontext[48;2;0;0;0m[38;2;242;240;236m)[48;2;0;0;0m[38;2;242;240;236m
          33  [48;2;0;0;0m[38;2;242;240;236m        [48;2;0;0;0m[38;2;242;240;236m{[48;2;0;0;0m[38;2;242;240;236m
          34  [48;2;0;0;0m[38;2;242;240;236m            [48;2;0;0;0m[38;2;204;153;204mif[48;2;0;0;0m[38;2;242;240;236m [48;2;0;0;0m[38;2;242;240;236m([48;2;0;0;0m[38;2;242;119;122mcontext[48;2;0;0;0m[38;2;242;240;236m?.[48;2;0;0;0m[38;2;242;119;122mSurvivor[48;2;0;0;0m[38;2;242;240;236m [48;2;0;0;0m[38;2;211;208;200m==[48;2;0;0;0m[38;2;242;240;236m [48;2;0;0;0m[38;2;249;145;87mnull[48;2;0;0;0m[38;2;242;240;236m)[48;2;0;0;0m[38;2;242;240;236m [48;2;0;0;0m[38;2;204;153;204mreturn[48;2;0;0;0m[38;2;242;240;236m [48;2;0;0;0m[38;2;249;145;87m0[48;2;0;0;0m[38;2;204;153;204mf[48;2;0;0;0m[38;2;242;240;236m;[48;2;0;0;0m[38;2;242;240;236m
          35  [48;2;0;0;0m[38;2;242;240;236m            [48;2;0;0;0m[38;2;116;115;105m//[48;2;0;0;0m[38;2;116;115;105m #252 Hardened Daughter: refuses Comfort actions.
          36  [48;2;0;0;0m[38;2;242;240;236m            [48;2;0;0;0m[38;2;204;153;204mif[48;2;0;0;0m[38;2;242;240;236m [48;2;0;0;0m[38;2;242;240;236m([48;2;0;0;0m[38;2;242;119;122mcontext[48;2;0;0;0m[38;2;242;240;236m.[48;2;0;0;0m[38;2;242;119;122mPersonalQuests[48;2;0;0;0m[38;2;242;240;236m [48;2;0;0;0m[38;2;211;208;200m!=[48;2;0;0;0m[38;2;242;240;236m [48;2;0;0;0m[38;2;249;145;87mnull[48;2;0;0;0m[38;2;242;240;236m
          37  [48;2;0;0;0m[38;2;242;240;236m                [48;2;0;0;0m[38;2;211;208;200m&&[48;2;0;0;0m[38;2;242;240;236m [48;2;0;0;0m[38;2;242;119;122mcontext[48;2;0;0;0m[38;2;242;240;236m.[48;2;0;0;0m[38;2;242;119;122mPersonalQuests[48;2;0;0;0m[38;2;242;240;236m.[48;2;0;0;0m[38;2;102;153;204mRefusesPlayOrComfort[48;2;0;0;0m[38;2;242;240;236m([48;2;0;0;0m[38;2;242;119;122mcontext[48;2;0;0;0m[38;2;242;240;236m.[48;2;0;0;0m[38;2;242;119;122mSurvivor[48;2;0;0;0m[38;2;242;240;236m)[48;2;0;0;0m[38;2;242;240;236m)[48;2;0;0;0m[38;2;242;240;236m
              [hid 27 additional lines]

    Function with high complexity (count = 18): Execute

          83  [48;2;0;0;0m[38;2;242;240;236m        [48;2;0;0;0m[38;2;204;153;204mpublic[48;2;0;0;0m[38;2;242;240;236m [48;2;0;0;0m[38;2;204;153;204moverride[48;2;0;0;0m[38;2;242;240;236m [48;2;0;0;0m[38;2;204;153;204mvoid[48;2;0;0;0m[38;2;242;240;236m [48;2;0;0;0m[38;2;102;153;204mExecute[48;2;0;0;0m[38;2;242;240;236m([48;2;0;0;0m[38;2;242;240;236mAIContext[48;2;0;0;0m[38;2;242;240;236m [48;2;0;0;0m[38;2;242;119;122mcontext[48;2;0;0;0m[38;2;242;240;236m)[48;2;0;0;0m[38;2;242;240;236m
          84  [48;2;0;0;0m[38;2;242;240;236m        [48;2;0;0;0m[38;2;242;240;236m{[48;2;0;0;0m[38;2;242;240;236m
          85  [48;2;0;0;0m[38;2;242;240;236m            [48;2;0;0;0m[38;2;204;153;204mif[48;2;0;0;0m[38;2;242;240;236m [48;2;0;0;0m[38;2;242;240;236m([48;2;0;0;0m[38;2;242;119;122mcontext[48;2;0;0;0m[38;2;242;240;236m?.[48;2;0;0;0m[38;2;242;119;122mSurvivor[48;2;0;0;0m[38;2;242;240;236m [48;2;0;0;0m[38;2;211;208;200m==[48;2;0;0;0m[38;2;242;240;236m [48;2;0;0;0m[38;2;249;145;87mnull[48;2;0;0;0m[38;2;242;240;236m [48;2;0;0;0m[38;2;211;208;200m||[48;2;0;0;0m[38;2;242;240;236m [48;2;0;0;0m[38;2;242;119;122mcontext[48;2;0;0;0m[38;2;242;240;236m.[48;2;0;0;0m[38;2;242;119;122mMentalBreak[48;2;0;0;0m[38;2;242;240;236m [48;2;0;0;0m[38;2;211;208;200m==[48;2;0;0;0m[38;2;242;240;236m [48;2;0;0;0m[38;2;249;145;87mnull[48;2;0;0;0m[38;2;242;240;236m)[48;2;0;0;0m[38;2;242;240;236m [48;2;0;0;0m[38;2;204;153;204mreturn[48;2;0;0;0m[38;2;242;240;236m;[48;2;0;0;0m[38;2;242;240;236m
          86  [48;2;0;0;0m[38;2;242;240;236m            [48;2;0;0;0m[38;2;204;153;204mif[48;2;0;0;0m[38;2;242;240;236m [48;2;0;0;0m[38;2;242;240;236m([48;2;0;0;0m[38;2;242;119;122mcontext[48;2;0;0;0m[38;2;242;240;236m.[48;2;0;0;0m[38;2;242;119;122mGetSurvivors[48;2;0;0;0m[38;2;242;240;236m [48;2;0;0;0m[38;2;211;208;200m==[48;2;0;0;0m[38;2;242;240;236m [48;2;0;0;0m[38;2;249;145;87mnull[48;2;0;0;0m[38;2;242;240;236m)[48;2;0;0;0m[38;2;242;240;236m [48;2;0;0;0m[38;2;204;153;204mreturn[48;2;0;0;0m[38;2;242;240;236m;[48;2;0;0;0m[38;2;242;240;236m
          87  [48;2;0;0;0m[38;2;242;240;236m
          88  [48;2;0;0;0m[38;2;242;240;236m            [48;2;0;0;0m[38;2;204;153;204mvar[48;2;0;0;0m[38;2;242;240;236m [48;2;0;0;0m[38;2;242;119;122mall[48;2;0;0;0m[38;2;242;240;236m [48;2;0;0;0m[38;2;211;208;200m=[48;2;0;0;0m[38;2;242;240;236m [48;2;0;0;0m[38;2;242;119;122mcontext[48;2;0;0;0m[38;2;242;240;236m.[48;2;0;0;0m[38;2;102;153;204mGetSurvivors[48;2;0;0;0m[38;2;242;240;236m([48;2;0;0;0m[38;2;242;240;236m)[48;2;0;0;0m[38;2;242;240;236m;[48;2;0;0;0m[38;2;242;240;236m
              [hid 41 additional lines]


Assets/_Game/AI/Actions/MercyKillActionSO.cs
    Function with many returns (count = 6): IsMercyCandidate

         142  [48;2;0;0;0m[38;2;242;240;236m        [48;2;0;0;0m[38;2;204;153;204mpublic[48;2;0;0;0m[38;2;242;240;236m [48;2;0;0;0m[38;2;204;153;204mstatic[48;2;0;0;0m[38;2;242;240;236m [48;2;0;0;0m[38;2;204;153;204mbool[48;2;0;0;0m[38;2;242;240;236m [48;2;0;0;0m[38;2;102;153;204mIsMercyCandidate[48;2;0;0;0m[38;2;242;240;236m([48;2;0;0;0m[38;2;242;240;236mSurvivors[48;2;0;0;0m[38;2;242;240;236m.[48;2;0;0;0m[38;2;242;240;236mSurvivor[48;2;0;0;0m[38;2;242;240;236m [48;2;0;0;0m[38;2;242;119;122msv[48;2;0;0;0m[38;2;242;240;236m,[48;2;0;0;0m[38;2;242;240;236m [48;2;0;0;0m[38;2;242;240;236mMedicalSystem[48;2;0;0;0m[38;2;242;240;236m [48;2;0;0;0m[38;2;242;119;122mmedical[48;2;0;0;0m[38;2;242;240;236m)[48;2;0;0;0m[38;2;242;240;236m
         143  [48;2;0;0;0m[38;2;242;240;236m        [48;2;0;0;0m[38;2;242;240;236m{[48;2;0;0;0m[38;2;242;240;236m
         144  [48;2;0;0;0m[38;2;242;240;236m            [48;2;0;0;0m[38;2;204;153;204mif[48;2;0;0;0m[38;2;242;240;236m [48;2;0;0;0m[38;2;242;240;236m([48;2;0;0;0m[38;2;242;119;122msv[48;2;0;0;0m[38;2;242;240;236m [48;2;0;0;0m[38;2;211;208;200m==[48;2;0;0;0m[38;2;242;240;236m [48;2;0;0;0m[38;2;249;145;87mnull[48;2;0;0;0m[38;2;242;240;236m [48;2;0;0;0m[38;2;211;208;200m||[48;2;0;0;0m[38;2;242;240;236m [48;2;0;0;0m[38;2;211;208;200m![48;2;0;0;0m[38;2;242;119;122msv[48;2;0;0;0m[38;2;242;240;236m.[48;2;0;0;0m[38;2;242;119;122mIsAlive[48;2;0;0;0m[38;2;242;240;236m)[48;2;0;0;0m[38;2;242;240;236m [48;2;0;0;0m[38;2;204;153;204mreturn[48;2;0;0;0m[38;2;242;240;236m [48;2;0;0;0m[38;2;249;145;87mfalse[48;2;0;0;0m[38;2;242;240;236m;[48;2;0;0;0m[38;2;242;240;236m
         145  [48;2;0;0;0m[38;2;242;240;236m            [48;2;0;0;0m[38;2;204;153;204mif[48;2;0;0;0m[38;2;242;240;236m [48;2;0;0;0m[38;2;242;240;236m([48;2;0;0;0m[38;2;242;119;122mmedical[48;2;0;0;0m[38;2;242;240;236m [48;2;0;0;0m[38;2;211;208;200m==[48;2;0;0;0m[38;2;242;240;236m [48;2;0;0;0m[38;2;249;145;87mnull[48;2;0;0;0m[38;2;242;240;236m)[48;2;0;0;0m[38;2;242;240;236m [48;2;0;0;0m[38;2;204;153;204mreturn[48;2;0;0;0m[38;2;242;240;236m [48;2;0;0;0m[38;2;249;145;87mfalse[48;2;0;0;0m[38;2;242;240;236m;[48;2;0;0;0m[38;2;242;240;236m
         146  [48;2;0;0;0m[38;2;242;240;236m
         147  [48;2;0;0;0m[38;2;242;240;236m            [48;2;0;0;0m[38;2;116;115;105m//[48;2;0;0;0m[38;2;116;115;105m Coma patients.
              [hid 13 additional lines]

    Function with high complexity (count = 29): Execute

          72  [48;2;0;0;0m[38;2;242;240;236m        [48;2;0;0;0m[38;2;204;153;204mpublic[48;2;0;0;0m[38;2;242;240;236m [48;2;0;0;0m[38;2;204;153;204moverride[48;2;0;0;0m[38;2;242;240;236m [48;2;0;0;0m[38;2;204;153;204mvoid[48;2;0;0;0m[38;2;242;240;236m [48;2;0;0;0m[38;2;102;153;204mExecute[48;2;0;0;0m[38;2;242;240;236m([48;2;0;0;0m[38;2;242;240;236mAIContext[48;2;0;0;0m[38;2;242;240;236m [48;2;0;0;0m[38;2;242;119;122mcontext[48;2;0;0;0m[38;2;242;240;236m)[48;2;0;0;0m[38;2;242;240;236m
          73  [48;2;0;0;0m[38;2;242;240;236m        [48;2;0;0;0m[38;2;242;240;236m{[48;2;0;0;0m[38;2;242;240;236m
          74  [48;2;0;0;0m[38;2;242;240;236m            [48;2;0;0;0m[38;2;204;153;204mif[48;2;0;0;0m[38;2;242;240;236m [48;2;0;0;0m[38;2;242;240;236m([48;2;0;0;0m[38;2;242;119;122mcontext[48;2;0;0;0m[38;2;242;240;236m?.[48;2;0;0;0m[38;2;242;119;122mSurvivor[48;2;0;0;0m[38;2;242;240;236m [48;2;0;0;0m[38;2;211;208;200m==[48;2;0;0;0m[38;2;242;240;236m [48;2;0;0;0m[38;2;249;145;87mnull[48;2;0;0;0m[38;2;242;240;236m [48;2;0;0;0m[38;2;211;208;200m||[48;2;0;0;0m[38;2;242;240;236m [48;2;0;0;0m[38;2;242;119;122mPerformMercyKill[48;2;0;0;0m[38;2;242;240;236m [48;2;0;0;0m[38;2;211;208;200m==[48;2;0;0;0m[38;2;242;240;236m [48;2;0;0;0m[38;2;249;145;87mnull[48;2;0;0;0m[38;2;242;240;236m)[48;2;0;0;0m[38;2;242;240;236m [48;2;0;0;0m[38;2;204;153;204mreturn[48;2;0;0;0m[38;2;242;240;236m;[48;2;0;0;0m[38;2;242;240;236m
          75  [48;2;0;0;0m[38;2;242;240;236m
          76  [48;2;0;0;0m[38;2;242;240;236m            [48;2;0;0;0m[38;2;204;153;204mvar[48;2;0;0;0m[38;2;242;240;236m [48;2;0;0;0m[38;2;242;119;122msurvivors[48;2;0;0;0m[38;2;242;240;236m [48;2;0;0;0m[38;2;211;208;200m=[48;2;0;0;0m[38;2;242;240;236m [48;2;0;0;0m[38;2;242;119;122mcontext[48;2;0;0;0m[38;2;242;240;236m.[48;2;0;0;0m[38;2;242;119;122mGetSurvivors[48;2;0;0;0m[38;2;242;240;236m?.[48;2;0;0;0m[38;2;102;153;204mInvoke[48;2;0;0;0m[38;2;242;240;236m([48;2;0;0;0m[38;2;242;240;236m)[48;2;0;0;0m[38;2;242;240;236m;[48;2;0;0;0m[38;2;242;240;236m
          77  [48;2;0;0;0m[38;2;242;240;236m            [48;2;0;0;0m[38;2;204;153;204mif[48;2;0;0;0m[38;2;242;240;236m [48;2;0;0;0m[38;2;242;240;236m([48;2;0;0;0m[38;2;242;119;122msurvivors[48;2;0;0;0m[38;2;242;240;236m [48;2;0;0;0m[38;2;211;208;200m==[48;2;0;0;0m[38;2;242;240;236m [48;2;0;0;0m[38;2;249;145;87mnull[48;2;0;0;0m[38;2;242;240;236m)[48;2;0;0;0m[38;2;242;240;236m [48;2;0;0;0m[38;2;204;153;204mreturn[48;2;0;0;0m[38;2;242;240;236m;[48;2;0;0;0m[38;2;242;240;236m
              [hid 63 additional lines]


Assets/_Game/AI/Actions/PedalGeneratorActionSO.cs
    Function with many returns (count = 7): EvaluateRaw

          23  [48;2;0;0;0m[38;2;242;240;236m        [48;2;0;0;0m[38;2;204;153;204mpublic[48;2;0;0;0m[38;2;242;240;236m [48;2;0;0;0m[38;2;204;153;204moverride[48;2;0;0;0m[38;2;242;240;236m [48;2;0;0;0m[38;2;204;153;204mfloat[48;2;0;0;0m[38;2;242;240;236m [48;2;0;0;0m[38;2;102;153;204mEvaluateRaw[48;2;0;0;0m[38;2;242;240;236m([48;2;0;0;0m[38;2;242;240;236mAIContext[48;2;0;0;0m[38;2;242;240;236m [48;2;0;0;0m[38;2;242;119;122mcontext[48;2;0;0;0m[38;2;242;240;236m)[48;2;0;0;0m[38;2;242;240;236m
          24  [48;2;0;0;0m[38;2;242;240;236m        [48;2;0;0;0m[38;2;242;240;236m{[48;2;0;0;0m[38;2;242;240;236m
          25  [48;2;0;0;0m[38;2;242;240;236m            [48;2;0;0;0m[38;2;204;153;204mif[48;2;0;0;0m[38;2;242;240;236m [48;2;0;0;0m[38;2;242;240;236m([48;2;0;0;0m[38;2;242;119;122mcontext[48;2;0;0;0m[38;2;242;240;236m?.[48;2;0;0;0m[38;2;242;119;122mSurvivor[48;2;0;0;0m[38;2;242;240;236m [48;2;0;0;0m[38;2;211;208;200m==[48;2;0;0;0m[38;2;242;240;236m [48;2;0;0;0m[38;2;249;145;87mnull[48;2;0;0;0m[38;2;242;240;236m [48;2;0;0;0m[38;2;211;208;200m||[48;2;0;0;0m[38;2;242;240;236m [48;2;0;0;0m[38;2;211;208;200m![48;2;0;0;0m[38;2;242;119;122mcontext[48;2;0;0;0m[38;2;242;240;236m.[48;2;0;0;0m[38;2;242;119;122mSurvivor[48;2;0;0;0m[38;2;242;240;236m.[48;2;0;0;0m[38;2;242;119;122mIsAlive[48;2;0;0;0m[38;2;242;240;236m)[48;2;0;0;0m[38;2;242;240;236m [48;2;0;0;0m[38;2;204;153;204mreturn[48;2;0;0;0m[38;2;242;240;236m [48;2;0;0;0m[38;2;249;145;87m0[48;2;0;0;0m[38;2;204;153;204mf[48;2;0;0;0m[38;2;242;240;236m;[48;2;0;0;0m[38;2;242;240;236m
          26  [48;2;0;0;0m[38;2;242;240;236m            [48;2;0;0;0m[38;2;204;153;204mvar[48;2;0;0;0m[38;2;242;240;236m [48;2;0;0;0m[38;2;242;119;122mgrid[48;2;0;0;0m[38;2;242;240;236m [48;2;0;0;0m[38;2;211;208;200m=[48;2;0;0;0m[38;2;242;240;236m [48;2;0;0;0m[38;2;242;119;122mcontext[48;2;0;0;0m[38;2;242;240;236m.[48;2;0;0;0m[38;2;242;119;122mPowerNetwork[48;2;0;0;0m[38;2;242;240;236m;[48;2;0;0;0m[38;2;242;240;236m
          27  [48;2;0;0;0m[38;2;242;240;236m            [48;2;0;0;0m[38;2;204;153;204mif[48;2;0;0;0m[38;2;242;240;236m [48;2;0;0;0m[38;2;242;240;236m([48;2;0;0;0m[38;2;242;119;122mgrid[48;2;0;0;0m[38;2;242;240;236m [48;2;0;0;0m[38;2;211;208;200m==[48;2;0;0;0m[38;2;242;240;236m [48;2;0;0;0m[38;2;249;145;87mnull[48;2;0;0;0m[38;2;242;240;236m)[48;2;0;0;0m[38;2;242;240;236m [48;2;0;0;0m[38;2;204;153;204mreturn[48;2;0;0;0m[38;2;242;240;236m [48;2;0;0;0m[38;2;249;145;87m0[48;2;0;0;0m[38;2;204;153;204mf[48;2;0;0;0m[38;2;242;240;236m;[48;2;0;0;0m[38;2;242;240;236m
          28  [48;2;0;0;0m[38;2;242;240;236m
              [hid 34 additional lines]

    Function with high complexity (count = 18): EvaluateRaw

          23  [48;2;0;0;0m[38;2;242;240;236m        [48;2;0;0;0m[38;2;204;153;204mpublic[48;2;0;0;0m[38;2;242;240;236m [48;2;0;0;0m[38;2;204;153;204moverride[48;2;0;0;0m[38;2;242;240;236m [48;2;0;0;0m[38;2;204;153;204mfloat[48;2;0;0;0m[38;2;242;240;236m [48;2;0;0;0m[38;2;102;153;204mEvaluateRaw[48;2;0;0;0m[38;2;242;240;236m([48;2;0;0;0m[38;2;242;240;236mAIContext[48;2;0;0;0m[38;2;242;240;236m [48;2;0;0;0m[38;2;242;119;122mcontext[48;2;0;0;0m[38;2;242;240;236m)[48;2;0;0;0m[38;2;242;240;236m
          24  [48;2;0;0;0m[38;2;242;240;236m        [48;2;0;0;0m[38;2;242;240;236m{[48;2;0;0;0m[38;2;242;240;236m
          25  [48;2;0;0;0m[38;2;242;240;236m            [48;2;0;0;0m[38;2;204;153;204mif[48;2;0;0;0m[38;2;242;240;236m [48;2;0;0;0m[38;2;242;240;236m([48;2;0;0;0m[38;2;242;119;122mcontext[48;2;0;0;0m[38;2;242;240;236m?.[48;2;0;0;0m[38;2;242;119;122mSurvivor[48;2;0;0;0m[38;2;242;240;236m [48;2;0;0;0m[38;2;211;208;200m==[48;2;0;0;0m[38;2;242;240;236m [48;2;0;0;0m[38;2;249;145;87mnull[48;2;0;0;0m[38;2;242;240;236m [48;2;0;0;0m[38;2;211;208;200m||[48;2;0;0;0m[38;2;242;240;236m [48;2;0;0;0m[38;2;211;208;200m![48;2;0;0;0m[38;2;242;119;122mcontext[48;2;0;0;0m[38;2;242;240;236m.[48;2;0;0;0m[38;2;242;119;122mSurvivor[48;2;0;0;0m[38;2;242;240;236m.[48;2;0;0;0m[38;2;242;119;122mIsAlive[48;2;0;0;0m[38;2;242;240;236m)[48;2;0;0;0m[38;2;242;240;236m [48;2;0;0;0m[38;2;204;153;204mreturn[48;2;0;0;0m[38;2;242;240;236m [48;2;0;0;0m[38;2;249;145;87m0[48;2;0;0;0m[38;2;204;153;204mf[48;2;0;0;0m[38;2;242;240;236m;[48;2;0;0;0m[38;2;242;240;236m
          26  [48;2;0;0;0m[38;2;242;240;236m            [48;2;0;0;0m[38;2;204;153;204mvar[48;2;0;0;0m[38;2;242;240;236m [48;2;0;0;0m[38;2;242;119;122mgrid[48;2;0;0;0m[38;2;242;240;236m [48;2;0;0;0m[38;2;211;208;200m=[48;2;0;0;0m[38;2;242;240;236m [48;2;0;0;0m[38;2;242;119;122mcontext[48;2;0;0;0m[38;2;242;240;236m.[48;2;0;0;0m[38;2;242;119;122mPowerNetwork[48;2;0;0;0m[38;2;242;240;236m;[48;2;0;0;0m[38;2;242;240;236m
          27  [48;2;0;0;0m[38;2;242;240;236m            [48;2;0;0;0m[38;2;204;153;204mif[48;2;0;0;0m[38;2;242;240;236m [48;2;0;0;0m[38;2;242;240;236m([48;2;0;0;0m[38;2;242;119;122mgrid[48;2;0;0;0m[38;2;242;240;236m [48;2;0;0;0m[38;2;211;208;200m==[48;2;0;0;0m[38;2;242;240;236m [48;2;0;0;0m[38;2;249;145;87mnull[48;2;0;0;0m[38;2;242;240;236m)[48;2;0;0;0m[38;2;242;240;236m [48;2;0;0;0m[38;2;204;153;204mreturn[48;2;0;0;0m[38;2;242;240;236m [48;2;0;0;0m[38;2;249;145;87m0[48;2;0;0;0m[38;2;204;153;204mf[48;2;0;0;0m[38;2;242;240;236m;[48;2;0;0;0m[38;2;242;240;236m
          28  [48;2;0;0;0m[38;2;242;240;236m
              [hid 34 additional lines]


Assets/_Game/AI/Actions/SleepActionSO.cs
    High total complexity (count = 52)

           1  [48;2;0;0;0m[38;2;204;153;204musing[48;2;0;0;0m[38;2;211;208;200m [48;2;0;0;0m[38;2;211;208;200mUnityEngine[48;2;0;0;0m[38;2;211;208;200m;[48;2;0;0;0m[38;2;211;208;200m
           2  [48;2;0;0;0m[38;2;204;153;204musing[48;2;0;0;0m[38;2;211;208;200m [48;2;0;0;0m[38;2;211;208;200mAtomicWar[48;2;0;0;0m[38;2;211;208;200m.[48;2;0;0;0m[38;2;211;208;200m_Game[48;2;0;0;0m[38;2;211;208;200m.[48;2;0;0;0m[38;2;211;208;200mShelter[48;2;0;0;0m[38;2;211;208;200m;[48;2;0;0;0m[38;2;211;208;200m
           3  [48;2;0;0;0m[38;2;204;153;204musing[48;2;0;0;0m[38;2;211;208;200m [48;2;0;0;0m[38;2;211;208;200mAtomicWar[48;2;0;0;0m[38;2;211;208;200m.[48;2;0;0;0m[38;2;211;208;200m_Game[48;2;0;0;0m[38;2;211;208;200m.[48;2;0;0;0m[38;2;211;208;200mSurvivors[48;2;0;0;0m[38;2;211;208;200m;[48;2;0;0;0m[38;2;211;208;200m
           4  [48;2;0;0;0m[38;2;211;208;200m
           5  [48;2;0;0;0m[38;2;204;153;204mnamespace[48;2;0;0;0m[38;2;211;208;200m [48;2;0;0;0m[38;2;211;208;200mAtomicWar[48;2;0;0;0m[38;2;211;208;200m.[48;2;0;0;0m[38;2;211;208;200m_Game[48;2;0;0;0m[38;2;211;208;200m.[48;2;0;0;0m[38;2;211;208;200mAI[48;2;0;0;0m[38;2;211;208;200m.[48;2;0;0;0m[38;2;211;208;200mActions[48;2;0;0;0m[38;2;211;208;200m
           6  [48;2;0;0;0m[38;2;211;208;200m{[48;2;0;0;0m[38;2;211;208;200m
              [hid 170 additional lines]

    Function with high complexity (count = 25): Execute

          49  [48;2;0;0;0m[38;2;242;240;236m        [48;2;0;0;0m[38;2;204;153;204mpublic[48;2;0;0;0m[38;2;242;240;236m [48;2;0;0;0m[38;2;204;153;204moverride[48;2;0;0;0m[38;2;242;240;236m [48;2;0;0;0m[38;2;204;153;204mvoid[48;2;0;0;0m[38;2;242;240;236m [48;2;0;0;0m[38;2;102;153;204mExecute[48;2;0;0;0m[38;2;242;240;236m([48;2;0;0;0m[38;2;242;240;236mAIContext[48;2;0;0;0m[38;2;242;240;236m [48;2;0;0;0m[38;2;242;119;122mcontext[48;2;0;0;0m[38;2;242;240;236m)[48;2;0;0;0m[38;2;242;240;236m
          50  [48;2;0;0;0m[38;2;242;240;236m        [48;2;0;0;0m[38;2;242;240;236m{[48;2;0;0;0m[38;2;242;240;236m
          51  [48;2;0;0;0m[38;2;242;240;236m            [48;2;0;0;0m[38;2;204;153;204mif[48;2;0;0;0m[38;2;242;240;236m [48;2;0;0;0m[38;2;242;240;236m([48;2;0;0;0m[38;2;242;119;122mcontext[48;2;0;0;0m[38;2;242;240;236m?.[48;2;0;0;0m[38;2;242;119;122mSurvivor[48;2;0;0;0m[38;2;242;240;236m [48;2;0;0;0m[38;2;211;208;200m==[48;2;0;0;0m[38;2;242;240;236m [48;2;0;0;0m[38;2;249;145;87mnull[48;2;0;0;0m[38;2;242;240;236m [48;2;0;0;0m[38;2;211;208;200m||[48;2;0;0;0m[38;2;242;240;236m [48;2;0;0;0m[38;2;211;208;200m![48;2;0;0;0m[38;2;242;119;122mcontext[48;2;0;0;0m[38;2;242;240;236m.[48;2;0;0;0m[38;2;242;119;122mSurvivor[48;2;0;0;0m[38;2;242;240;236m.[48;2;0;0;0m[38;2;242;119;122mIsAlive[48;2;0;0;0m[38;2;242;240;236m)[48;2;0;0;0m[38;2;242;240;236m [48;2;0;0;0m[38;2;204;153;204mreturn[48;2;0;0;0m[38;2;242;240;236m;[48;2;0;0;0m[38;2;242;240;236m
          52  [48;2;0;0;0m[38;2;242;240;236m
          53  [48;2;0;0;0m[38;2;242;240;236m            [48;2;0;0;0m[38;2;204;153;204mif[48;2;0;0;0m[38;2;242;240;236m [48;2;0;0;0m[38;2;242;240;236m([48;2;0;0;0m[38;2;242;119;122mcontext[48;2;0;0;0m[38;2;242;240;236m.[48;2;0;0;0m[38;2;242;119;122mPersonalQuests[48;2;0;0;0m[38;2;242;240;236m [48;2;0;0;0m[38;2;211;208;200m!=[48;2;0;0;0m[38;2;242;240;236m [48;2;0;0;0m[38;2;249;145;87mnull[48;2;0;0;0m[38;2;242;240;236m [48;2;0;0;0m[38;2;211;208;200m&&[48;2;0;0;0m[38;2;242;240;236m [48;2;0;0;0m[38;2;242;119;122mcontext[48;2;0;0;0m[38;2;242;240;236m.[48;2;0;0;0m[38;2;242;119;122mGetSurvivors[48;2;0;0;0m[38;2;242;240;236m [48;2;0;0;0m[38;2;211;208;200m!=[48;2;0;0;0m[38;2;242;240;236m [48;2;0;0;0m[38;2;249;145;87mnull[48;2;0;0;0m[38;2;242;240;236m
          54  [48;2;0;0;0m[38;2;242;240;236m                [48;2;0;0;0m[38;2;211;208;200m&&[48;2;0;0;0m[38;2;242;240;236m [48;2;0;0;0m[38;2;242;119;122mcontext[48;2;0;0;0m[38;2;242;240;236m.[48;2;0;0;0m[38;2;242;119;122mPersonalQuests[48;2;0;0;0m[38;2;242;240;236m.[48;2;0;0;0m[38;2;102;153;204mShouldCancelEatOrSleepForChild[48;2;0;0;0m[38;2;242;240;236m([48;2;0;0;0m[38;2;242;240;236m
              [hid 53 additional lines]


Assets/_Game/AI/Actions/SuppressingFireActionSO.cs
    Function with many returns (count = 7): EvaluateRaw

          25  [48;2;0;0;0m[38;2;242;240;236m        [48;2;0;0;0m[38;2;204;153;204mpublic[48;2;0;0;0m[38;2;242;240;236m [48;2;0;0;0m[38;2;204;153;204moverride[48;2;0;0;0m[38;2;242;240;236m [48;2;0;0;0m[38;2;204;153;204mfloat[48;2;0;0;0m[38;2;242;240;236m [48;2;0;0;0m[38;2;102;153;204mEvaluateRaw[48;2;0;0;0m[38;2;242;240;236m([48;2;0;0;0m[38;2;242;240;236mAIContext[48;2;0;0;0m[38;2;242;240;236m [48;2;0;0;0m[38;2;242;119;122mcontext[48;2;0;0;0m[38;2;242;240;236m)[48;2;0;0;0m[38;2;242;240;236m
          26  [48;2;0;0;0m[38;2;242;240;236m        [48;2;0;0;0m[38;2;242;240;236m{[48;2;0;0;0m[38;2;242;240;236m
          27  [48;2;0;0;0m[38;2;242;240;236m            [48;2;0;0;0m[38;2;204;153;204mif[48;2;0;0;0m[38;2;242;240;236m [48;2;0;0;0m[38;2;242;240;236m([48;2;0;0;0m[38;2;242;119;122mcontext[48;2;0;0;0m[38;2;242;240;236m?.[48;2;0;0;0m[38;2;242;119;122mSurvivor[48;2;0;0;0m[38;2;242;240;236m [48;2;0;0;0m[38;2;211;208;200m==[48;2;0;0;0m[38;2;242;240;236m [48;2;0;0;0m[38;2;249;145;87mnull[48;2;0;0;0m[38;2;242;240;236m [48;2;0;0;0m[38;2;211;208;200m||[48;2;0;0;0m[38;2;242;240;236m [48;2;0;0;0m[38;2;211;208;200m![48;2;0;0;0m[38;2;242;119;122mcontext[48;2;0;0;0m[38;2;242;240;236m.[48;2;0;0;0m[38;2;242;119;122mSurvivor[48;2;0;0;0m[38;2;242;240;236m.[48;2;0;0;0m[38;2;242;119;122mIsAlive[48;2;0;0;0m[38;2;242;240;236m)[48;2;0;0;0m[38;2;242;240;236m [48;2;0;0;0m[38;2;204;153;204mreturn[48;2;0;0;0m[38;2;242;240;236m [48;2;0;0;0m[38;2;249;145;87m0[48;2;0;0;0m[38;2;204;153;204mf[48;2;0;0;0m[38;2;242;240;236m;[48;2;0;0;0m[38;2;242;240;236m
          28  [48;2;0;0;0m[38;2;242;240;236m            [48;2;0;0;0m[38;2;204;153;204mif[48;2;0;0;0m[38;2;242;240;236m [48;2;0;0;0m[38;2;242;240;236m([48;2;0;0;0m[38;2;242;119;122mcontext[48;2;0;0;0m[38;2;242;240;236m.[48;2;0;0;0m[38;2;242;119;122mSurvivor[48;2;0;0;0m[38;2;242;240;236m.[48;2;0;0;0m[38;2;242;119;122mCannotFight[48;2;0;0;0m[38;2;242;240;236m)[48;2;0;0;0m[38;2;242;240;236m [48;2;0;0;0m[38;2;204;153;204mreturn[48;2;0;0;0m[38;2;242;240;236m [48;2;0;0;0m[38;2;249;145;87m0[48;2;0;0;0m[38;2;204;153;204mf[48;2;0;0;0m[38;2;242;240;236m;[48;2;0;0;0m[38;2;242;240;236m
          29  [48;2;0;0;0m[38;2;242;240;236m            [48;2;0;0;0m[38;2;204;153;204mif[48;2;0;0;0m[38;2;242;240;236m [48;2;0;0;0m[38;2;242;240;236m([48;2;0;0;0m[38;2;242;119;122mcontext[48;2;0;0;0m[38;2;242;240;236m.[48;2;0;0;0m[38;2;242;119;122mCombatPerks[48;2;0;0;0m[38;2;242;240;236m [48;2;0;0;0m[38;2;211;208;200m==[48;2;0;0;0m[38;2;242;240;236m [48;2;0;0;0m[38;2;249;145;87mnull[48;2;0;0;0m[38;2;242;240;236m
          30  [48;2;0;0;0m[38;2;242;240;236m                [48;2;0;0;0m[38;2;211;208;200m||[48;2;0;0;0m[38;2;242;240;236m [48;2;0;0;0m[38;2;211;208;200m![48;2;0;0;0m[38;2;242;119;122mcontext[48;2;0;0;0m[38;2;242;240;236m.[48;2;0;0;0m[38;2;242;119;122mCombatPerks[48;2;0;0;0m[38;2;242;240;236m.[48;2;0;0;0m[38;2;102;153;204mCanUseSuppressingFire[48;2;0;0;0m[38;2;242;240;236m([48;2;0;0;0m[38;2;242;119;122mcontext[48;2;0;0;0m[38;2;242;240;236m.[48;2;0;0;0m[38;2;242;119;122mSurvivor[48;2;0;0;0m[38;2;242;240;236m)[48;2;0;0;0m[38;2;242;240;236m)[48;2;0;0;0m[38;2;242;240;236m
              [hid 22 additional lines]


Assets/_Game/AI/Actions/SurveyActionSO.cs
    Function with many returns (count = 6): EvaluateRaw

          22  [48;2;0;0;0m[38;2;242;240;236m        [48;2;0;0;0m[38;2;204;153;204mpublic[48;2;0;0;0m[38;2;242;240;236m [48;2;0;0;0m[38;2;204;153;204moverride[48;2;0;0;0m[38;2;242;240;236m [48;2;0;0;0m[38;2;204;153;204mfloat[48;2;0;0;0m[38;2;242;240;236m [48;2;0;0;0m[38;2;102;153;204mEvaluateRaw[48;2;0;0;0m[38;2;242;240;236m([48;2;0;0;0m[38;2;242;240;236mAIContext[48;2;0;0;0m[38;2;242;240;236m [48;2;0;0;0m[38;2;242;119;122mcontext[48;2;0;0;0m[38;2;242;240;236m)[48;2;0;0;0m[38;2;242;240;236m
          23  [48;2;0;0;0m[38;2;242;240;236m        [48;2;0;0;0m[38;2;242;240;236m{[48;2;0;0;0m[38;2;242;240;236m
          24  [48;2;0;0;0m[38;2;242;240;236m            [48;2;0;0;0m[38;2;204;153;204mif[48;2;0;0;0m[38;2;242;240;236m [48;2;0;0;0m[38;2;242;240;236m([48;2;0;0;0m[38;2;242;119;122mcontext[48;2;0;0;0m[38;2;242;240;236m?.[48;2;0;0;0m[38;2;242;119;122mSurvivor[48;2;0;0;0m[38;2;242;240;236m [48;2;0;0;0m[38;2;211;208;200m==[48;2;0;0;0m[38;2;242;240;236m [48;2;0;0;0m[38;2;249;145;87mnull[48;2;0;0;0m[38;2;242;240;236m)[48;2;0;0;0m[38;2;242;240;236m [48;2;0;0;0m[38;2;204;153;204mreturn[48;2;0;0;0m[38;2;242;240;236m [48;2;0;0;0m[38;2;249;145;87m0[48;2;0;0;0m[38;2;204;153;204mf[48;2;0;0;0m[38;2;242;240;236m;[48;2;0;0;0m[38;2;242;240;236m
          25  [48;2;0;0;0m[38;2;242;240;236m
          26  [48;2;0;0;0m[38;2;242;240;236m            [48;2;0;0;0m[38;2;116;115;105m//[48;2;0;0;0m[38;2;116;115;105m Cannot survey (child, etc.)
          27  [48;2;0;0;0m[38;2;242;240;236m            [48;2;0;0;0m[38;2;204;153;204mif[48;2;0;0;0m[38;2;242;240;236m [48;2;0;0;0m[38;2;242;240;236m([48;2;0;0;0m[38;2;242;119;122mcontext[48;2;0;0;0m[38;2;242;240;236m.[48;2;0;0;0m[38;2;242;119;122mSurvivor[48;2;0;0;0m[38;2;242;240;236m.[48;2;0;0;0m[38;2;242;119;122mCannotScavenge[48;2;0;0;0m[38;2;242;240;236m)[48;2;0;0;0m[38;2;242;240;236m [48;2;0;0;0m[38;2;204;153;204mreturn[48;2;0;0;0m[38;2;242;240;236m [48;2;0;0;0m[38;2;249;145;87m0[48;2;0;0;0m[38;2;204;153;204mf[48;2;0;0;0m[38;2;242;240;236m;[48;2;0;0;0m[38;2;242;240;236m
              [hid 14 additional lines]


Assets/_Game/AI/Actions/TalkDownActionSO.cs
    Function with many returns (count = 6): EvaluateRaw

          23  [48;2;0;0;0m[38;2;242;240;236m        [48;2;0;0;0m[38;2;204;153;204mpublic[48;2;0;0;0m[38;2;242;240;236m [48;2;0;0;0m[38;2;204;153;204moverride[48;2;0;0;0m[38;2;242;240;236m [48;2;0;0;0m[38;2;204;153;204mfloat[48;2;0;0;0m[38;2;242;240;236m [48;2;0;0;0m[38;2;102;153;204mEvaluateRaw[48;2;0;0;0m[38;2;242;240;236m([48;2;0;0;0m[38;2;242;240;236mAIContext[48;2;0;0;0m[38;2;242;240;236m [48;2;0;0;0m[38;2;242;119;122mcontext[48;2;0;0;0m[38;2;242;240;236m)[48;2;0;0;0m[38;2;242;240;236m
          24  [48;2;0;0;0m[38;2;242;240;236m        [48;2;0;0;0m[38;2;242;240;236m{[48;2;0;0;0m[38;2;242;240;236m
          25  [48;2;0;0;0m[38;2;242;240;236m            [48;2;0;0;0m[38;2;204;153;204mif[48;2;0;0;0m[38;2;242;240;236m [48;2;0;0;0m[38;2;242;240;236m([48;2;0;0;0m[38;2;242;119;122mcontext[48;2;0;0;0m[38;2;242;240;236m?.[48;2;0;0;0m[38;2;242;119;122mSurvivor[48;2;0;0;0m[38;2;242;240;236m [48;2;0;0;0m[38;2;211;208;200m==[48;2;0;0;0m[38;2;242;240;236m [48;2;0;0;0m[38;2;249;145;87mnull[48;2;0;0;0m[38;2;242;240;236m [48;2;0;0;0m[38;2;211;208;200m||[48;2;0;0;0m[38;2;242;240;236m [48;2;0;0;0m[38;2;211;208;200m![48;2;0;0;0m[38;2;242;119;122mcontext[48;2;0;0;0m[38;2;242;240;236m.[48;2;0;0;0m[38;2;242;119;122mSurvivor[48;2;0;0;0m[38;2;242;240;236m.[48;2;0;0;0m[38;2;242;119;122mIsAlive[48;2;0;0;0m[38;2;242;240;236m)[48;2;0;0;0m[38;2;242;240;236m [48;2;0;0;0m[38;2;204;153;204mreturn[48;2;0;0;0m[38;2;242;240;236m [48;2;0;0;0m[38;2;249;145;87m0[48;2;0;0;0m[38;2;204;153;204mf[48;2;0;0;0m[38;2;242;240;236m;[48;2;0;0;0m[38;2;242;240;236m
          26  [48;2;0;0;0m[38;2;242;240;236m            [48;2;0;0;0m[38;2;204;153;204mif[48;2;0;0;0m[38;2;242;240;236m [48;2;0;0;0m[38;2;242;240;236m([48;2;0;0;0m[38;2;242;119;122mcontext[48;2;0;0;0m[38;2;242;240;236m.[48;2;0;0;0m[38;2;242;119;122mSocialPerks[48;2;0;0;0m[38;2;242;240;236m [48;2;0;0;0m[38;2;211;208;200m==[48;2;0;0;0m[38;2;242;240;236m [48;2;0;0;0m[38;2;249;145;87mnull[48;2;0;0;0m[38;2;242;240;236m [48;2;0;0;0m[38;2;211;208;200m||[48;2;0;0;0m[38;2;242;240;236m [48;2;0;0;0m[38;2;211;208;200m![48;2;0;0;0m[38;2;242;119;122mcontext[48;2;0;0;0m[38;2;242;240;236m.[48;2;0;0;0m[38;2;242;119;122mSocialPerks[48;2;0;0;0m[38;2;242;240;236m.[48;2;0;0;0m[38;2;102;153;204mHasDeEscalator[48;2;0;0;0m[38;2;242;240;236m([48;2;0;0;0m[38;2;242;119;122mcontext[48;2;0;0;0m[38;2;242;240;236m.[48;2;0;0;0m[38;2;242;119;122mSurvivor[48;2;0;0;0m[38;2;242;240;236m)[48;2;0;0;0m[38;2;242;240;236m)[48;2;0;0;0m[38;2;242;240;236m
          27  [48;2;0;0;0m[38;2;242;240;236m                [48;2;0;0;0m[38;2;204;153;204mreturn[48;2;0;0;0m[38;2;242;240;236m [48;2;0;0;0m[38;2;249;145;87m0[48;2;0;0;0m[38;2;204;153;204mf[48;2;0;0;0m[38;2;242;240;236m;[48;2;0;0;0m[38;2;242;240;236m
          28  [48;2;0;0;0m[38;2;242;240;236m            [48;2;0;0;0m[38;2;204;153;204mif[48;2;0;0;0m[38;2;242;240;236m [48;2;0;0;0m[38;2;242;240;236m([48;2;0;0;0m[38;2;242;119;122mcontext[48;2;0;0;0m[38;2;242;240;236m.[48;2;0;0;0m[38;2;242;119;122mMentalBreak[48;2;0;0;0m[38;2;242;240;236m [48;2;0;0;0m[38;2;211;208;200m==[48;2;0;0;0m[38;2;242;240;236m [48;2;0;0;0m[38;2;249;145;87mnull[48;2;0;0;0m[38;2;242;240;236m [48;2;0;0;0m[38;2;211;208;200m||[48;2;0;0;0m[38;2;242;240;236m [48;2;0;0;0m[38;2;242;119;122mcontext[48;2;0;0;0m[38;2;242;240;236m.[48;2;0;0;0m[38;2;242;119;122mGetSurvivors[48;2;0;0;0m[38;2;242;240;236m [48;2;0;0;0m[38;2;211;208;200m==[48;2;0;0;0m[38;2;242;240;236m [48;2;0;0;0m[38;2;249;145;87mnull[48;2;0;0;0m[38;2;242;240;236m)[48;2;0;0;0m[38;2;242;240;236m [48;2;0;0;0m[38;2;204;153;204mreturn[48;2;0;0;0m[38;2;242;240;236m [48;2;0;0;0m[38;2;249;145;87m0[48;2;0;0;0m[38;2;204;153;204mf[48;2;0;0;0m[38;2;242;240;236m;[48;2;0;0;0m[38;2;242;240;236m
              [hid 13 additional lines]


Assets/_Game/AI/Actions/TreatPatientActionSO.cs
    Complex binary expression

         123  [48;2;0;0;0m[38;2;242;240;236m            [48;2;0;0;0m[38;2;204;153;204mif[48;2;0;0;0m[38;2;242;240;236m [48;2;0;0;0m[38;2;242;240;236m([48;2;0;0;0m[38;2;242;119;122mcontext[48;2;0;0;0m[38;2;242;240;236m.[48;2;0;0;0m[38;2;242;119;122mMentalBreak[48;2;0;0;0m[38;2;242;240;236m [48;2;0;0;0m[38;2;211;208;200m!=[48;2;0;0;0m[38;2;242;240;236m [48;2;0;0;0m[38;2;249;145;87mnull[48;2;0;0;0m[38;2;242;240;236m [48;2;0;0;0m[38;2;211;208;200m&&[48;2;0;0;0m[38;2;242;240;236m [48;2;0;0;0m[38;2;242;119;122mcontext[48;2;0;0;0m[38;2;242;240;236m.[48;2;0;0;0m[38;2;242;119;122mShelter[48;2;0;0;0m[38;2;242;240;236m [48;2;0;0;0m[38;2;211;208;200m!=[48;2;0;0;0m[38;2;242;240;236m [48;2;0;0;0m[38;2;249;145;87mnull[48;2;0;0;0m[38;2;242;240;236m

    High total complexity (count = 59)

           1  [48;2;0;0;0m[38;2;204;153;204musing[48;2;0;0;0m[38;2;211;208;200m [48;2;0;0;0m[38;2;211;208;200mUnityEngine[48;2;0;0;0m[38;2;211;208;200m;[48;2;0;0;0m[38;2;211;208;200m
           2  [48;2;0;0;0m[38;2;204;153;204musing[48;2;0;0;0m[38;2;211;208;200m [48;2;0;0;0m[38;2;211;208;200mAtomicWar[48;2;0;0;0m[38;2;211;208;200m.[48;2;0;0;0m[38;2;211;208;200m_Game[48;2;0;0;0m[38;2;211;208;200m.[48;2;0;0;0m[38;2;211;208;200mMedical[48;2;0;0;0m[38;2;211;208;200m;[48;2;0;0;0m[38;2;211;208;200m
           3  [48;2;0;0;0m[38;2;204;153;204musing[48;2;0;0;0m[38;2;211;208;200m [48;2;0;0;0m[38;2;211;208;200mAtomicWar[48;2;0;0;0m[38;2;211;208;200m.[48;2;0;0;0m[38;2;211;208;200m_Game[48;2;0;0;0m[38;2;211;208;200m.[48;2;0;0;0m[38;2;211;208;200mSurvivors[48;2;0;0;0m[38;2;211;208;200m;[48;2;0;0;0m[38;2;211;208;200m
           4  [48;2;0;0;0m[38;2;211;208;200m
           5  [48;2;0;0;0m[38;2;204;153;204mnamespace[48;2;0;0;0m[38;2;211;208;200m [48;2;0;0;0m[38;2;211;208;200mAtomicWar[48;2;0;0;0m[38;2;211;208;200m.[48;2;0;0;0m[38;2;211;208;200m_Game[48;2;0;0;0m[38;2;211;208;200m.[48;2;0;0;0m[38;2;211;208;200mAI[48;2;0;0;0m[38;2;211;208;200m.[48;2;0;0;0m[38;2;211;208;200mActions[48;2;0;0;0m[38;2;211;208;200m
           6  [48;2;0;0;0m[38;2;211;208;200m{[48;2;0;0;0m[38;2;211;208;200m
              [hid 152 additional lines]

    Function with high complexity (count = 28): EvaluateRaw

          22  [48;2;0;0;0m[38;2;242;240;236m        [48;2;0;0;0m[38;2;204;153;204mpublic[48;2;0;0;0m[38;2;242;240;236m [48;2;0;0;0m[38;2;204;153;204moverride[48;2;0;0;0m[38;2;242;240;236m [48;2;0;0;0m[38;2;204;153;204mfloat[48;2;0;0;0m[38;2;242;240;236m [48;2;0;0;0m[38;2;102;153;204mEvaluateRaw[48;2;0;0;0m[38;2;242;240;236m([48;2;0;0;0m[38;2;242;240;236mAIContext[48;2;0;0;0m[38;2;242;240;236m [48;2;0;0;0m[38;2;242;119;122mcontext[48;2;0;0;0m[38;2;242;240;236m)[48;2;0;0;0m[38;2;242;240;236m
          23  [48;2;0;0;0m[38;2;242;240;236m        [48;2;0;0;0m[38;2;242;240;236m{[48;2;0;0;0m[38;2;242;240;236m
          24  [48;2;0;0;0m[38;2;242;240;236m            [48;2;0;0;0m[38;2;204;153;204mif[48;2;0;0;0m[38;2;242;240;236m [48;2;0;0;0m[38;2;242;240;236m([48;2;0;0;0m[38;2;242;119;122mcontext[48;2;0;0;0m[38;2;242;240;236m?.[48;2;0;0;0m[38;2;242;119;122mSurvivor[48;2;0;0;0m[38;2;242;240;236m [48;2;0;0;0m[38;2;211;208;200m==[48;2;0;0;0m[38;2;242;240;236m [48;2;0;0;0m[38;2;249;145;87mnull[48;2;0;0;0m[38;2;242;240;236m)[48;2;0;0;0m[38;2;242;240;236m [48;2;0;0;0m[38;2;204;153;204mreturn[48;2;0;0;0m[38;2;242;240;236m [48;2;0;0;0m[38;2;249;145;87m0[48;2;0;0;0m[38;2;204;153;204mf[48;2;0;0;0m[38;2;242;240;236m;[48;2;0;0;0m[38;2;242;240;236m
          25  [48;2;0;0;0m[38;2;242;240;236m            [48;2;0;0;0m[38;2;204;153;204mif[48;2;0;0;0m[38;2;242;240;236m [48;2;0;0;0m[38;2;242;240;236m([48;2;0;0;0m[38;2;242;119;122mcontext[48;2;0;0;0m[38;2;242;240;236m.[48;2;0;0;0m[38;2;242;119;122mMedicalSystem[48;2;0;0;0m[38;2;242;240;236m [48;2;0;0;0m[38;2;211;208;200m==[48;2;0;0;0m[38;2;242;240;236m [48;2;0;0;0m[38;2;249;145;87mnull[48;2;0;0;0m[38;2;242;240;236m)[48;2;0;0;0m[38;2;242;240;236m [48;2;0;0;0m[38;2;204;153;204mreturn[48;2;0;0;0m[38;2;242;240;236m [48;2;0;0;0m[38;2;249;145;87m0[48;2;0;0;0m[38;2;204;153;204mf[48;2;0;0;0m[38;2;242;240;236m;[48;2;0;0;0m[38;2;242;240;236m
          26  [48;2;0;0;0m[38;2;242;240;236m            [48;2;0;0;0m[38;2;204;153;204mif[48;2;0;0;0m[38;2;242;240;236m [48;2;0;0;0m[38;2;242;240;236m([48;2;0;0;0m[38;2;242;119;122mcontext[48;2;0;0;0m[38;2;242;240;236m.[48;2;0;0;0m[38;2;242;119;122mGetSurvivors[48;2;0;0;0m[38;2;242;240;236m [48;2;0;0;0m[38;2;211;208;200m==[48;2;0;0;0m[38;2;242;240;236m [48;2;0;0;0m[38;2;249;145;87mnull[48;2;0;0;0m[38;2;242;240;236m)[48;2;0;0;0m[38;2;242;240;236m [48;2;0;0;0m[38;2;204;153;204mreturn[48;2;0;0;0m[38;2;242;240;236m [48;2;0;0;0m[38;2;249;145;87m0[48;2;0;0;0m[38;2;204;153;204mf[48;2;0;0;0m[38;2;242;240;236m;[48;2;0;0;0m[38;2;242;240;236m
          27  [48;2;0;0;0m[38;2;242;240;236m
              [hid 39 additional lines]

    Function with high complexity (count = 25): Execute

          68  [48;2;0;0;0m[38;2;242;240;236m        [48;2;0;0;0m[38;2;204;153;204mpublic[48;2;0;0;0m[38;2;242;240;236m [48;2;0;0;0m[38;2;204;153;204moverride[48;2;0;0;0m[38;2;242;240;236m [48;2;0;0;0m[38;2;204;153;204mvoid[48;2;0;0;0m[38;2;242;240;236m [48;2;0;0;0m[38;2;102;153;204mExecute[48;2;0;0;0m[38;2;242;240;236m([48;2;0;0;0m[38;2;242;240;236mAIContext[48;2;0;0;0m[38;2;242;240;236m [48;2;0;0;0m[38;2;242;119;122mcontext[48;2;0;0;0m[38;2;242;240;236m)[48;2;0;0;0m[38;2;242;240;236m
          69  [48;2;0;0;0m[38;2;242;240;236m        [48;2;0;0;0m[38;2;242;240;236m{[48;2;0;0;0m[38;2;242;240;236m
          70  [48;2;0;0;0m[38;2;242;240;236m            [48;2;0;0;0m[38;2;204;153;204mif[48;2;0;0;0m[38;2;242;240;236m [48;2;0;0;0m[38;2;242;240;236m([48;2;0;0;0m[38;2;242;119;122mcontext[48;2;0;0;0m[38;2;242;240;236m?.[48;2;0;0;0m[38;2;242;119;122mSurvivor[48;2;0;0;0m[38;2;242;240;236m [48;2;0;0;0m[38;2;211;208;200m==[48;2;0;0;0m[38;2;242;240;236m [48;2;0;0;0m[38;2;249;145;87mnull[48;2;0;0;0m[38;2;242;240;236m [48;2;0;0;0m[38;2;211;208;200m||[48;2;0;0;0m[38;2;242;240;236m [48;2;0;0;0m[38;2;242;119;122mcontext[48;2;0;0;0m[38;2;242;240;236m.[48;2;0;0;0m[38;2;242;119;122mMedicalSystem[48;2;0;0;0m[38;2;242;240;236m [48;2;0;0;0m[38;2;211;208;200m==[48;2;0;0;0m[38;2;242;240;236m [48;2;0;0;0m[38;2;249;145;87mnull[48;2;0;0;0m[38;2;242;240;236m [48;2;0;0;0m[38;2;211;208;200m||[48;2;0;0;0m[38;2;242;240;236m [48;2;0;0;0m[38;2;242;119;122mcontext[48;2;0;0;0m[38;2;242;240;236m.[48;2;0;0;0m[38;2;242;119;122mGetSurvivors[48;2;0;0;0m[38;2;242;240;236m [48;2;0;0;0m[38;2;211;208;200m==[48;2;0;0;0m[38;2;242;240;236m [48;2;0;0;0m[38;2;249;145;87mnull[48;2;0;0;0m[38;2;242;240;236m)[48;2;0;0;0m[38;2;242;240;236m
          71  [48;2;0;0;0m[38;2;242;240;236m                [48;2;0;0;0m[38;2;204;153;204mreturn[48;2;0;0;0m[38;2;242;240;236m;[48;2;0;0;0m[38;2;242;240;236m
          72  [48;2;0;0;0m[38;2;242;240;236m
          73  [48;2;0;0;0m[38;2;242;240;236m            [48;2;0;0;0m[38;2;204;153;204mvar[48;2;0;0;0m[38;2;242;240;236m [48;2;0;0;0m[38;2;242;119;122mmedic[48;2;0;0;0m[38;2;242;240;236m [48;2;0;0;0m[38;2;211;208;200m=[48;2;0;0;0m[38;2;242;240;236m [48;2;0;0;0m[38;2;242;119;122mcontext[48;2;0;0;0m[38;2;242;240;236m.[48;2;0;0;0m[38;2;242;119;122mSurvivor[48;2;0;0;0m[38;2;242;240;236m;[48;2;0;0;0m[38;2;242;240;236m
              [hid 62 additional lines]


Assets/_Game/Core/CorpseManagementSystem.cs
    High total complexity (count = 82)

           1  [48;2;0;0;0m[38;2;204;153;204musing[48;2;0;0;0m[38;2;211;208;200m [48;2;0;0;0m[38;2;211;208;200mSystem[48;2;0;0;0m[38;2;211;208;200m;[48;2;0;0;0m[38;2;211;208;200m
           2  [48;2;0;0;0m[38;2;204;153;204musing[48;2;0;0;0m[38;2;211;208;200m [48;2;0;0;0m[38;2;211;208;200mSystem[48;2;0;0;0m[38;2;211;208;200m.[48;2;0;0;0m[38;2;211;208;200mCollections[48;2;0;0;0m[38;2;211;208;200m.[48;2;0;0;0m[38;2;211;208;200mGeneric[48;2;0;0;0m[38;2;211;208;200m;[48;2;0;0;0m[38;2;211;208;200m
           3  [48;2;0;0;0m[38;2;204;153;204musing[48;2;0;0;0m[38;2;211;208;200m [48;2;0;0;0m[38;2;211;208;200mUnityEngine[48;2;0;0;0m[38;2;211;208;200m;[48;2;0;0;0m[38;2;211;208;200m
           4  [48;2;0;0;0m[38;2;204;153;204musing[48;2;0;0;0m[38;2;211;208;200m [48;2;0;0;0m[38;2;211;208;200mAtomicWar[48;2;0;0;0m[38;2;211;208;200m.[48;2;0;0;0m[38;2;211;208;200m_Game[48;2;0;0;0m[38;2;211;208;200m.[48;2;0;0;0m[38;2;211;208;200mInventory[48;2;0;0;0m[38;2;211;208;200m;[48;2;0;0;0m[38;2;211;208;200m
           5  [48;2;0;0;0m[38;2;204;153;204musing[48;2;0;0;0m[38;2;211;208;200m [48;2;0;0;0m[38;2;211;208;200mAtomicWar[48;2;0;0;0m[38;2;211;208;200m.[48;2;0;0;0m[38;2;211;208;200m_Game[48;2;0;0;0m[38;2;211;208;200m.[48;2;0;0;0m[38;2;211;208;200mMedical[48;2;0;0;0m[38;2;211;208;200m;[48;2;0;0;0m[38;2;211;208;200m
           6  [48;2;0;0;0m[38;2;204;153;204musing[48;2;0;0;0m[38;2;211;208;200m [48;2;0;0;0m[38;2;211;208;200mAtomicWar[48;2;0;0;0m[38;2;211;208;200m.[48;2;0;0;0m[38;2;211;208;200m_Game[48;2;0;0;0m[38;2;211;208;200m.[48;2;0;0;0m[38;2;211;208;200mRadiation[48;2;0;0;0m[38;2;211;208;200m;[48;2;0;0;0m[38;2;211;208;200m
              [hid 495 additional lines]

    Function with high complexity (count = 19): Tick

         203  [48;2;0;0;0m[38;2;242;240;236m        [48;2;0;0;0m[38;2;204;153;204mpublic[48;2;0;0;0m[38;2;242;240;236m [48;2;0;0;0m[38;2;204;153;204mvoid[48;2;0;0;0m[38;2;242;240;236m [48;2;0;0;0m[38;2;102;153;204mTick[48;2;0;0;0m[38;2;242;240;236m([48;2;0;0;0m[38;2;204;153;204mfloat[48;2;0;0;0m[38;2;242;240;236m [48;2;0;0;0m[38;2;242;119;122mgameHours[48;2;0;0;0m[38;2;242;240;236m,[48;2;0;0;0m[38;2;242;240;236m [48;2;0;0;0m[38;2;242;240;236mIReadOnlyList[48;2;0;0;0m[38;2;242;240;236m<[48;2;0;0;0m[38;2;242;240;236mSurvivor[48;2;0;0;0m[38;2;242;240;236m>[48;2;0;0;0m[38;2;242;240;236m [48;2;0;0;0m[38;2;242;119;122msurvivors[48;2;0;0;0m[38;2;242;240;236m [48;2;0;0;0m[38;2;211;208;200m=[48;2;0;0;0m[38;2;242;240;236m [48;2;0;0;0m[38;2;249;145;87mnull[48;2;0;0;0m[38;2;242;240;236m)[48;2;0;0;0m[38;2;242;240;236m
         204  [48;2;0;0;0m[38;2;242;240;236m        [48;2;0;0;0m[38;2;242;240;236m{[48;2;0;0;0m[38;2;242;240;236m
         205  [48;2;0;0;0m[38;2;242;240;236m            [48;2;0;0;0m[38;2;204;153;204mif[48;2;0;0;0m[38;2;242;240;236m [48;2;0;0;0m[38;2;242;240;236m([48;2;0;0;0m[38;2;242;119;122mgameHours[48;2;0;0;0m[38;2;242;240;236m [48;2;0;0;0m[38;2;211;208;200m<=[48;2;0;0;0m[38;2;242;240;236m [48;2;0;0;0m[38;2;249;145;87m0[48;2;0;0;0m[38;2;204;153;204mf[48;2;0;0;0m[38;2;242;240;236m)[48;2;0;0;0m[38;2;242;240;236m [48;2;0;0;0m[38;2;204;153;204mreturn[48;2;0;0;0m[38;2;242;240;236m;[48;2;0;0;0m[38;2;242;240;236m
         206  [48;2;0;0;0m[38;2;242;240;236m            [48;2;0;0;0m[38;2;204;153;204mint[48;2;0;0;0m[38;2;242;240;236m [48;2;0;0;0m[38;2;242;119;122mcorpses[48;2;0;0;0m[38;2;242;240;236m [48;2;0;0;0m[38;2;211;208;200m=[48;2;0;0;0m[38;2;242;240;236m [48;2;0;0;0m[38;2;242;119;122mCorpseCount[48;2;0;0;0m[38;2;242;240;236m;[48;2;0;0;0m[38;2;242;240;236m
         207  [48;2;0;0;0m[38;2;242;240;236m            [48;2;0;0;0m[38;2;204;153;204mif[48;2;0;0;0m[38;2;242;240;236m [48;2;0;0;0m[38;2;242;240;236m([48;2;0;0;0m[38;2;242;119;122mcorpses[48;2;0;0;0m[38;2;242;240;236m [48;2;0;0;0m[38;2;211;208;200m<=[48;2;0;0;0m[38;2;242;240;236m [48;2;0;0;0m[38;2;249;145;87m0[48;2;0;0;0m[38;2;242;240;236m)[48;2;0;0;0m[38;2;242;240;236m [48;2;0;0;0m[38;2;204;153;204mreturn[48;2;0;0;0m[38;2;242;240;236m;[48;2;0;0;0m[38;2;242;240;236m
         208  [48;2;0;0;0m[38;2;242;240;236m
              [hid 47 additional lines]


Assets/_Game/Core/DeadDropSystem.cs
    High total complexity (count = 55)

           1  [48;2;0;0;0m[38;2;204;153;204musing[48;2;0;0;0m[38;2;211;208;200m [48;2;0;0;0m[38;2;211;208;200mSystem[48;2;0;0;0m[38;2;211;208;200m;[48;2;0;0;0m[38;2;211;208;200m
           2  [48;2;0;0;0m[38;2;204;153;204musing[48;2;0;0;0m[38;2;211;208;200m [48;2;0;0;0m[38;2;211;208;200mSystem[48;2;0;0;0m[38;2;211;208;200m.[48;2;0;0;0m[38;2;211;208;200mCollections[48;2;0;0;0m[38;2;211;208;200m.[48;2;0;0;0m[38;2;211;208;200mGeneric[48;2;0;0;0m[38;2;211;208;200m;[48;2;0;0;0m[38;2;211;208;200m
           3  [48;2;0;0;0m[38;2;204;153;204musing[48;2;0;0;0m[38;2;211;208;200m [48;2;0;0;0m[38;2;211;208;200mUnityEngine[48;2;0;0;0m[38;2;211;208;200m;[48;2;0;0;0m[38;2;211;208;200m
           4  [48;2;0;0;0m[38;2;204;153;204musing[48;2;0;0;0m[38;2;211;208;200m [48;2;0;0;0m[38;2;211;208;200mAtomicWar[48;2;0;0;0m[38;2;211;208;200m.[48;2;0;0;0m[38;2;211;208;200m_Game[48;2;0;0;0m[38;2;211;208;200m.[48;2;0;0;0m[38;2;211;208;200mSurvivors[48;2;0;0;0m[38;2;211;208;200m;[48;2;0;0;0m[38;2;211;208;200m
           5  [48;2;0;0;0m[38;2;211;208;200m
           6  [48;2;0;0;0m[38;2;204;153;204mnamespace[48;2;0;0;0m[38;2;211;208;200m [48;2;0;0;0m[38;2;211;208;200mAtomicWar[48;2;0;0;0m[38;2;211;208;200m.[48;2;0;0;0m[38;2;211;208;200m_Game[48;2;0;0;0m[38;2;211;208;200m.[48;2;0;0;0m[38;2;211;208;200mCore[48;2;0;0;0m[38;2;211;208;200m
              [hid 284 additional lines]

    Function with high complexity (count = 19): RestoreState

         234  [48;2;0;0;0m[38;2;242;240;236m        [48;2;0;0;0m[38;2;204;153;204mpublic[48;2;0;0;0m[38;2;242;240;236m [48;2;0;0;0m[38;2;204;153;204mvoid[48;2;0;0;0m[38;2;242;240;236m [48;2;0;0;0m[38;2;102;153;204mRestoreState[48;2;0;0;0m[38;2;242;240;236m([48;2;0;0;0m[38;2;242;240;236mDeadDropSave[48;2;0;0;0m[38;2;242;240;236m [48;2;0;0;0m[38;2;242;119;122msave[48;2;0;0;0m[38;2;242;240;236m)[48;2;0;0;0m[38;2;242;240;236m
         235  [48;2;0;0;0m[38;2;242;240;236m        [48;2;0;0;0m[38;2;242;240;236m{[48;2;0;0;0m[38;2;242;240;236m
         236  [48;2;0;0;0m[38;2;242;240;236m            [48;2;0;0;0m[38;2;242;119;122m_activeDrops[48;2;0;0;0m[38;2;242;240;236m.[48;2;0;0;0m[38;2;102;153;204mClear[48;2;0;0;0m[38;2;242;240;236m([48;2;0;0;0m[38;2;242;240;236m)[48;2;0;0;0m[38;2;242;240;236m;[48;2;0;0;0m[38;2;242;240;236m
         237  [48;2;0;0;0m[38;2;242;240;236m            [48;2;0;0;0m[38;2;242;119;122m_deadDropNodeIds[48;2;0;0;0m[38;2;242;240;236m.[48;2;0;0;0m[38;2;102;153;204mClear[48;2;0;0;0m[38;2;242;240;236m([48;2;0;0;0m[38;2;242;240;236m)[48;2;0;0;0m[38;2;242;240;236m;[48;2;0;0;0m[38;2;242;240;236m
         238  [48;2;0;0;0m[38;2;242;240;236m            [48;2;0;0;0m[38;2;242;119;122m_dropSeq[48;2;0;0;0m[38;2;242;240;236m [48;2;0;0;0m[38;2;211;208;200m=[48;2;0;0;0m[38;2;242;240;236m [48;2;0;0;0m[38;2;249;145;87m0[48;2;0;0;0m[38;2;242;240;236m;[48;2;0;0;0m[38;2;242;240;236m
         239  [48;2;0;0;0m[38;2;242;240;236m            [48;2;0;0;0m[38;2;204;153;204mif[48;2;0;0;0m[38;2;242;240;236m [48;2;0;0;0m[38;2;242;240;236m([48;2;0;0;0m[38;2;242;119;122msave[48;2;0;0;0m[38;2;242;240;236m [48;2;0;0;0m[38;2;211;208;200m==[48;2;0;0;0m[38;2;242;240;236m [48;2;0;0;0m[38;2;249;145;87mnull[48;2;0;0;0m[38;2;242;240;236m)[48;2;0;0;0m[38;2;242;240;236m [48;2;0;0;0m[38;2;204;153;204mreturn[48;2;0;0;0m[38;2;242;240;236m;[48;2;0;0;0m[38;2;242;240;236m
              [hid 27 additional lines]


Assets/_Game/Core/DebtCollectorSystem.cs
    Function with many parameters (count = 7): Bind

          71  [48;2;0;0;0m[38;2;242;240;236m        [48;2;0;0;0m[38;2;204;153;204mpublic[48;2;0;0;0m[38;2;242;240;236m [48;2;0;0;0m[38;2;204;153;204mvoid[48;2;0;0;0m[38;2;242;240;236m [48;2;0;0;0m[38;2;102;153;204mBind[48;2;0;0;0m[38;2;242;240;236m([48;2;0;0;0m[38;2;242;240;236m
          72  [48;2;0;0;0m[38;2;242;240;236m            [48;2;0;0;0m[38;2;242;240;236mDynamicEconomySystem[48;2;0;0;0m[38;2;242;240;236m [48;2;0;0;0m[38;2;242;119;122meconomy[48;2;0;0;0m[38;2;242;240;236m [48;2;0;0;0m[38;2;211;208;200m=[48;2;0;0;0m[38;2;242;240;236m [48;2;0;0;0m[38;2;249;145;87mnull[48;2;0;0;0m[38;2;242;240;236m,[48;2;0;0;0m[38;2;242;240;236m
          73  [48;2;0;0;0m[38;2;242;240;236m            [48;2;0;0;0m[38;2;242;240;236mFactionRadioInterceptSystem[48;2;0;0;0m[38;2;242;240;236m [48;2;0;0;0m[38;2;242;119;122mintercepts[48;2;0;0;0m[38;2;242;240;236m [48;2;0;0;0m[38;2;211;208;200m=[48;2;0;0;0m[38;2;242;240;236m [48;2;0;0;0m[38;2;249;145;87mnull[48;2;0;0;0m[38;2;242;240;236m,[48;2;0;0;0m[38;2;242;240;236m
          74  [48;2;0;0;0m[38;2;242;240;236m            [48;2;0;0;0m[38;2;242;240;236mFunc[48;2;0;0;0m[38;2;242;240;236m<[48;2;0;0;0m[38;2;204;153;204mint[48;2;0;0;0m[38;2;242;240;236m>[48;2;0;0;0m[38;2;242;240;236m [48;2;0;0;0m[38;2;242;119;122mgetDay[48;2;0;0;0m[38;2;242;240;236m [48;2;0;0;0m[38;2;211;208;200m=[48;2;0;0;0m[38;2;242;240;236m [48;2;0;0;0m[38;2;249;145;87mnull[48;2;0;0;0m[38;2;242;240;236m,[48;2;0;0;0m[38;2;242;240;236m
          75  [48;2;0;0;0m[38;2;242;240;236m            [48;2;0;0;0m[38;2;242;240;236mShelter[48;2;0;0;0m[38;2;242;240;236m.[48;2;0;0;0m[38;2;242;240;236mShelter[48;2;0;0;0m[38;2;242;240;236m [48;2;0;0;0m[38;2;242;119;122mshelter[48;2;0;0;0m[38;2;242;240;236m [48;2;0;0;0m[38;2;211;208;200m=[48;2;0;0;0m[38;2;242;240;236m [48;2;0;0;0m[38;2;249;145;87mnull[48;2;0;0;0m[38;2;242;240;236m,[48;2;0;0;0m[38;2;242;240;236m
          76  [48;2;0;0;0m[38;2;242;240;236m            [48;2;0;0;0m[38;2;242;240;236mWaterStorage[48;2;0;0;0m[38;2;242;240;236m [48;2;0;0;0m[38;2;242;119;122mwater[48;2;0;0;0m[38;2;242;240;236m [48;2;0;0;0m[38;2;211;208;200m=[48;2;0;0;0m[38;2;242;240;236m [48;2;0;0;0m[38;2;249;145;87mnull[48;2;0;0;0m[38;2;242;240;236m,[48;2;0;0;0m[38;2;242;240;236m
              [hid 2 additional lines]

    High total complexity (count = 89)

           1  [48;2;0;0;0m[38;2;204;153;204musing[48;2;0;0;0m[38;2;211;208;200m [48;2;0;0;0m[38;2;211;208;200mSystem[48;2;0;0;0m[38;2;211;208;200m;[48;2;0;0;0m[38;2;211;208;200m
           2  [48;2;0;0;0m[38;2;204;153;204musing[48;2;0;0;0m[38;2;211;208;200m [48;2;0;0;0m[38;2;211;208;200mSystem[48;2;0;0;0m[38;2;211;208;200m.[48;2;0;0;0m[38;2;211;208;200mCollections[48;2;0;0;0m[38;2;211;208;200m.[48;2;0;0;0m[38;2;211;208;200mGeneric[48;2;0;0;0m[38;2;211;208;200m;[48;2;0;0;0m[38;2;211;208;200m
           3  [48;2;0;0;0m[38;2;204;153;204musing[48;2;0;0;0m[38;2;211;208;200m [48;2;0;0;0m[38;2;211;208;200mAtomicWar[48;2;0;0;0m[38;2;211;208;200m.[48;2;0;0;0m[38;2;211;208;200m_Game[48;2;0;0;0m[38;2;211;208;200m.[48;2;0;0;0m[38;2;211;208;200mEconomy[48;2;0;0;0m[38;2;211;208;200m;[48;2;0;0;0m[38;2;211;208;200m
           4  [48;2;0;0;0m[38;2;204;153;204musing[48;2;0;0;0m[38;2;211;208;200m [48;2;0;0;0m[38;2;211;208;200mAtomicWar[48;2;0;0;0m[38;2;211;208;200m.[48;2;0;0;0m[38;2;211;208;200m_Game[48;2;0;0;0m[38;2;211;208;200m.[48;2;0;0;0m[38;2;211;208;200mEvents[48;2;0;0;0m[38;2;211;208;200m;[48;2;0;0;0m[38;2;211;208;200m
           5  [48;2;0;0;0m[38;2;204;153;204musing[48;2;0;0;0m[38;2;211;208;200m [48;2;0;0;0m[38;2;211;208;200mAtomicWar[48;2;0;0;0m[38;2;211;208;200m.[48;2;0;0;0m[38;2;211;208;200m_Game[48;2;0;0;0m[38;2;211;208;200m.[48;2;0;0;0m[38;2;211;208;200mInventory[48;2;0;0;0m[38;2;211;208;200m;[48;2;0;0;0m[38;2;211;208;200m
           6  [48;2;0;0;0m[38;2;204;153;204musing[48;2;0;0;0m[38;2;211;208;200m [48;2;0;0;0m[38;2;211;208;200mAtomicWar[48;2;0;0;0m[38;2;211;208;200m.[48;2;0;0;0m[38;2;211;208;200m_Game[48;2;0;0;0m[38;2;211;208;200m.[48;2;0;0;0m[38;2;211;208;200mShelter[48;2;0;0;0m[38;2;211;208;200m;[48;2;0;0;0m[38;2;211;208;200m
              [hid 524 additional lines]


Assets/_Game/Core/EMPEvent.cs
    Function with high complexity (count = 20): ApplyGlobal

          47  [48;2;0;0;0m[38;2;242;240;236m        [48;2;0;0;0m[38;2;204;153;204mpublic[48;2;0;0;0m[38;2;242;240;236m [48;2;0;0;0m[38;2;204;153;204mstatic[48;2;0;0;0m[38;2;242;240;236m [48;2;0;0;0m[38;2;242;240;236mEmpResult[48;2;0;0;0m[38;2;242;240;236m [48;2;0;0;0m[38;2;102;153;204mApplyGlobal[48;2;0;0;0m[38;2;242;240;236m([48;2;0;0;0m[38;2;242;240;236mInventory[48;2;0;0;0m[38;2;242;240;236m.[48;2;0;0;0m[38;2;242;240;236mInventory[48;2;0;0;0m[38;2;242;240;236m [48;2;0;0;0m[38;2;242;119;122minventory[48;2;0;0;0m[38;2;242;240;236m,[48;2;0;0;0m[38;2;242;240;236m [48;2;0;0;0m[38;2;242;240;236mShelter[48;2;0;0;0m[38;2;242;240;236m.[48;2;0;0;0m[38;2;242;240;236mShelter[48;2;0;0;0m[38;2;242;240;236m [48;2;0;0;0m[38;2;242;119;122mshelter[48;2;0;0;0m[38;2;242;240;236m,[48;2;0;0;0m[38;2;242;240;236m [48;2;0;0;0m[38;2;242;240;236mRadioState[48;2;0;0;0m[38;2;242;240;236m [48;2;0;0;0m[38;2;242;119;122mradio[48;2;0;0;0m[38;2;242;240;236m)[48;2;0;0;0m[38;2;242;240;236m
          48  [48;2;0;0;0m[38;2;242;240;236m        [48;2;0;0;0m[38;2;242;240;236m{[48;2;0;0;0m[38;2;242;240;236m
          49  [48;2;0;0;0m[38;2;242;240;236m            [48;2;0;0;0m[38;2;204;153;204mvar[48;2;0;0;0m[38;2;242;240;236m [48;2;0;0;0m[38;2;242;119;122mresult[48;2;0;0;0m[38;2;242;240;236m [48;2;0;0;0m[38;2;211;208;200m=[48;2;0;0;0m[38;2;242;240;236m [48;2;0;0;0m[38;2;211;208;200mnew[48;2;0;0;0m[38;2;242;240;236m [48;2;0;0;0m[38;2;242;240;236mEmpResult[48;2;0;0;0m[38;2;242;240;236m([48;2;0;0;0m[38;2;242;240;236m)[48;2;0;0;0m[38;2;242;240;236m;[48;2;0;0;0m[38;2;242;240;236m
          50  [48;2;0;0;0m[38;2;242;240;236m
          51  [48;2;0;0;0m[38;2;242;240;236m            [48;2;0;0;0m[38;2;204;153;204mif[48;2;0;0;0m[38;2;242;240;236m [48;2;0;0;0m[38;2;242;240;236m([48;2;0;0;0m[38;2;242;119;122minventory[48;2;0;0;0m[38;2;242;240;236m [48;2;0;0;0m[38;2;211;208;200m!=[48;2;0;0;0m[38;2;242;240;236m [48;2;0;0;0m[38;2;249;145;87mnull[48;2;0;0;0m[38;2;242;240;236m)[48;2;0;0;0m[38;2;242;240;236m
          52  [48;2;0;0;0m[38;2;242;240;236m            [48;2;0;0;0m[38;2;242;240;236m{[48;2;0;0;0m[38;2;242;240;236m
              [hid 28 additional lines]


Assets/_Game/Core/EndgameEngine.cs
    Function with many parameters (count = 6): Evaluate

          43  [48;2;0;0;0m[38;2;242;240;236m        [48;2;0;0;0m[38;2;204;153;204mpublic[48;2;0;0;0m[38;2;242;240;236m [48;2;0;0;0m[38;2;204;153;204mbool[48;2;0;0;0m[38;2;242;240;236m [48;2;0;0;0m[38;2;102;153;204mEvaluate[48;2;0;0;0m[38;2;242;240;236m([48;2;0;0;0m[38;2;242;240;236m
          44  [48;2;0;0;0m[38;2;242;240;236m            [48;2;0;0;0m[38;2;204;153;204mint[48;2;0;0;0m[38;2;242;240;236m [48;2;0;0;0m[38;2;242;119;122mcurrentDay[48;2;0;0;0m[38;2;242;240;236m,[48;2;0;0;0m[38;2;242;240;236m
          45  [48;2;0;0;0m[38;2;242;240;236m            [48;2;0;0;0m[38;2;242;240;236mIReadOnlyList[48;2;0;0;0m[38;2;242;240;236m<[48;2;0;0;0m[38;2;242;240;236mSurvivor[48;2;0;0;0m[38;2;242;240;236m>[48;2;0;0;0m[38;2;242;240;236m [48;2;0;0;0m[38;2;242;119;122msurvivors[48;2;0;0;0m[38;2;242;240;236m,[48;2;0;0;0m[38;2;242;240;236m
          46  [48;2;0;0;0m[38;2;242;240;236m            [48;2;0;0;0m[38;2;242;240;236mShelter[48;2;0;0;0m[38;2;242;240;236m.[48;2;0;0;0m[38;2;242;240;236mShelter[48;2;0;0;0m[38;2;242;240;236m [48;2;0;0;0m[38;2;242;119;122mshelter[48;2;0;0;0m[38;2;242;240;236m,[48;2;0;0;0m[38;2;242;240;236m
          47  [48;2;0;0;0m[38;2;242;240;236m            [48;2;0;0;0m[38;2;204;153;204mbool[48;2;0;0;0m[38;2;242;240;236m [48;2;0;0;0m[38;2;242;119;122misExtractionUnlocked[48;2;0;0;0m[38;2;242;240;236m,[48;2;0;0;0m[38;2;242;240;236m
          48  [48;2;0;0;0m[38;2;242;240;236m            [48;2;0;0;0m[38;2;204;153;204mbool[48;2;0;0;0m[38;2;242;240;236m [48;2;0;0;0m[38;2;242;119;122misHydroponicsOperational[48;2;0;0;0m[38;2;242;240;236m,[48;2;0;0;0m[38;2;242;240;236m
              [hid 1 additional lines]

    Function with many returns (count = 6): Evaluate

          43  [48;2;0;0;0m[38;2;242;240;236m        [48;2;0;0;0m[38;2;204;153;204mpublic[48;2;0;0;0m[38;2;242;240;236m [48;2;0;0;0m[38;2;204;153;204mbool[48;2;0;0;0m[38;2;242;240;236m [48;2;0;0;0m[38;2;102;153;204mEvaluate[48;2;0;0;0m[38;2;242;240;236m([48;2;0;0;0m[38;2;242;240;236m
          44  [48;2;0;0;0m[38;2;242;240;236m            [48;2;0;0;0m[38;2;204;153;204mint[48;2;0;0;0m[38;2;242;240;236m [48;2;0;0;0m[38;2;242;119;122mcurrentDay[48;2;0;0;0m[38;2;242;240;236m,[48;2;0;0;0m[38;2;242;240;236m
          45  [48;2;0;0;0m[38;2;242;240;236m            [48;2;0;0;0m[38;2;242;240;236mIReadOnlyList[48;2;0;0;0m[38;2;242;240;236m<[48;2;0;0;0m[38;2;242;240;236mSurvivor[48;2;0;0;0m[38;2;242;240;236m>[48;2;0;0;0m[38;2;242;240;236m [48;2;0;0;0m[38;2;242;119;122msurvivors[48;2;0;0;0m[38;2;242;240;236m,[48;2;0;0;0m[38;2;242;240;236m
          46  [48;2;0;0;0m[38;2;242;240;236m            [48;2;0;0;0m[38;2;242;240;236mShelter[48;2;0;0;0m[38;2;242;240;236m.[48;2;0;0;0m[38;2;242;240;236mShelter[48;2;0;0;0m[38;2;242;240;236m [48;2;0;0;0m[38;2;242;119;122mshelter[48;2;0;0;0m[38;2;242;240;236m,[48;2;0;0;0m[38;2;242;240;236m
          47  [48;2;0;0;0m[38;2;242;240;236m            [48;2;0;0;0m[38;2;204;153;204mbool[48;2;0;0;0m[38;2;242;240;236m [48;2;0;0;0m[38;2;242;119;122misExtractionUnlocked[48;2;0;0;0m[38;2;242;240;236m,[48;2;0;0;0m[38;2;242;240;236m
          48  [48;2;0;0;0m[38;2;242;240;236m            [48;2;0;0;0m[38;2;204;153;204mbool[48;2;0;0;0m[38;2;242;240;236m [48;2;0;0;0m[38;2;242;119;122misHydroponicsOperational[48;2;0;0;0m[38;2;242;240;236m,[48;2;0;0;0m[38;2;242;240;236m
              [hid 45 additional lines]


Assets/_Game/Core/ExpeditionSystem.Encounters.cs
    Complex binary expression

          97  [48;2;0;0;0m[38;2;242;240;236m                [48;2;0;0;0m[38;2;211;208;200m||[48;2;0;0;0m[38;2;242;240;236m [48;2;0;0;0m[38;2;242;240;236m([48;2;0;0;0m[38;2;242;119;122mchosen[48;2;0;0;0m[38;2;242;240;236m [48;2;0;0;0m[38;2;211;208;200m!=[48;2;0;0;0m[38;2;242;240;236m [48;2;0;0;0m[38;2;249;145;87mnull[48;2;0;0;0m[38;2;242;240;236m [48;2;0;0;0m[38;2;211;208;200m&&[48;2;0;0;0m[38;2;242;240;236m [48;2;0;0;0m[38;2;211;208;200m![48;2;0;0;0m[38;2;204;153;204mstring[48;2;0;0;0m[38;2;242;240;236m.[48;2;0;0;0m[38;2;102;153;204mEquals[48;2;0;0;0m[38;2;242;240;236m([48;2;0;0;0m[38;2;242;119;122mchoiceId[48;2;0;0;0m[38;2;242;240;236m,[48;2;0;0;0m[38;2;242;240;236m [48;2;0;0;0m[38;2;211;208;200m"[48;2;0;0;0m[38;2;153;204;153mflee[48;2;0;0;0m[38;2;211;208;200m"[48;2;0;0;0m[38;2;242;240;236m,[48;2;0;0;0m[38;2;242;240;236m [48;2;0;0;0m[38;2;242;119;122mStringComparison[48;2;0;0;0m[38;2;242;240;236m.[48;2;0;0;0m[38;2;242;119;122mOrdinalIgnoreCase[48;2;0;0;0m[38;2;242;240;236m)[48;2;0;0;0m[38;2;242;240;236m
          98  [48;2;0;0;0m[38;2;242;240;236m                    [48;2;0;0;0m[38;2;211;208;200m&&[48;2;0;0;0m[38;2;242;240;236m [48;2;0;0;0m[38;2;211;208;200m![48;2;0;0;0m[38;2;204;153;204mstring[48;2;0;0;0m[38;2;242;240;236m.[48;2;0;0;0m[38;2;102;153;204mEquals[48;2;0;0;0m[38;2;242;240;236m([48;2;0;0;0m[38;2;242;119;122mchoiceId[48;2;0;0;0m[38;2;242;240;236m,[48;2;0;0;0m[38;2;242;240;236m [48;2;0;0;0m[38;2;211;208;200m"[48;2;0;0;0m[38;2;153;204;153msneak[48;2;0;0;0m[38;2;211;208;200m"[48;2;0;0;0m[38;2;242;240;236m,[48;2;0;0;0m[38;2;242;240;236m [48;2;0;0;0m[38;2;242;119;122mStringComparison[48;2;0;0;0m[38;2;242;240;236m.[48;2;0;0;0m[38;2;242;119;122mOrdinalIgnoreCase[48;2;0;0;0m[38;2;242;240;236m)[48;2;0;0;0m[38;2;242;240;236m
          99  [48;2;0;0;0m[38;2;242;240;236m                    [48;2;0;0;0m[38;2;211;208;200m&&[48;2;0;0;0m[38;2;242;240;236m [48;2;0;0;0m[38;2;211;208;200m![48;2;0;0;0m[38;2;204;153;204mstring[48;2;0;0;0m[38;2;242;240;236m.[48;2;0;0;0m[38;2;102;153;204mEquals[48;2;0;0;0m[38;2;242;240;236m([48;2;0;0;0m[38;2;242;119;122mchoiceId[48;2;0;0;0m[38;2;242;240;236m,[48;2;0;0;0m[38;2;242;240;236m [48;2;0;0;0m[38;2;211;208;200m"[48;2;0;0;0m[38;2;153;204;153mpay[48;2;0;0;0m[38;2;211;208;200m"[48;2;0;0;0m[38;2;242;240;236m,[48;2;0;0;0m[38;2;242;240;236m [48;2;0;0;0m[38;2;242;119;122mStringComparison[48;2;0;0;0m[38;2;242;240;236m.[48;2;0;0;0m[38;2;242;119;122mOrdinalIgnoreCase[48;2;0;0;0m[38;2;242;240;236m)[48;2;0;0;0m[38;2;242;240;236m

    Complex binary expression

         134  [48;2;0;0;0m[38;2;242;240;236m            [48;2;0;0;0m[38;2;204;153;204mreturn[48;2;0;0;0m[38;2;242;240;236m [48;2;0;0;0m[38;2;242;119;122mid[48;2;0;0;0m[38;2;242;240;236m.[48;2;0;0;0m[38;2;102;153;204mIndexOf[48;2;0;0;0m[38;2;242;240;236m([48;2;0;0;0m[38;2;211;208;200m"[48;2;0;0;0m[38;2;153;204;153mdeserter[48;2;0;0;0m[38;2;211;208;200m"[48;2;0;0;0m[38;2;242;240;236m,[48;2;0;0;0m[38;2;242;240;236m [48;2;0;0;0m[38;2;242;119;122mStringComparison[48;2;0;0;0m[38;2;242;240;236m.[48;2;0;0;0m[38;2;242;119;122mOrdinalIgnoreCase[48;2;0;0;0m[38;2;242;240;236m)[48;2;0;0;0m[38;2;242;240;236m [48;2;0;0;0m[38;2;211;208;200m>=[48;2;0;0;0m[38;2;242;240;236m [48;2;0;0;0m[38;2;249;145;87m0[48;2;0;0;0m[38;2;242;240;236m
         135  [48;2;0;0;0m[38;2;242;240;236m                   [48;2;0;0;0m[38;2;211;208;200m||[48;2;0;0;0m[38;2;242;240;236m [48;2;0;0;0m[38;2;242;119;122mid[48;2;0;0;0m[38;2;242;240;236m.[48;2;0;0;0m[38;2;102;153;204mIndexOf[48;2;0;0;0m[38;2;242;240;236m([48;2;0;0;0m[38;2;211;208;200m"[48;2;0;0;0m[38;2;153;204;153mlooter[48;2;0;0;0m[38;2;211;208;200m"[48;2;0;0;0m[38;2;242;240;236m,[48;2;0;0;0m[38;2;242;240;236m [48;2;0;0;0m[38;2;242;119;122mStringComparison[48;2;0;0;0m[38;2;242;240;236m.[48;2;0;0;0m[38;2;242;119;122mOrdinalIgnoreCase[48;2;0;0;0m[38;2;242;240;236m)[48;2;0;0;0m[38;2;242;240;236m [48;2;0;0;0m[38;2;211;208;200m>=[48;2;0;0;0m[38;2;242;240;236m [48;2;0;0;0m[38;2;249;145;87m0[48;2;0;0;0m[38;2;242;240;236m

    Complex binary expression

         201  [48;2;0;0;0m[38;2;242;240;236m                [48;2;0;0;0m[38;2;204;153;204mif[48;2;0;0;0m[38;2;242;240;236m [48;2;0;0;0m[38;2;242;240;236m([48;2;0;0;0m[38;2;242;119;122m_expeditionPerks[48;2;0;0;0m[38;2;242;240;236m [48;2;0;0;0m[38;2;211;208;200m!=[48;2;0;0;0m[38;2;242;240;236m [48;2;0;0;0m[38;2;249;145;87mnull[48;2;0;0;0m[38;2;242;240;236m [48;2;0;0;0m[38;2;211;208;200m&&[48;2;0;0;0m[38;2;242;240;236m [48;2;0;0;0m[38;2;242;119;122mexp[48;2;0;0;0m[38;2;242;240;236m [48;2;0;0;0m[38;2;211;208;200m!=[48;2;0;0;0m[38;2;242;240;236m [48;2;0;0;0m[38;2;249;145;87mnull[48;2;0;0;0m[38;2;242;240;236m [48;2;0;0;0m[38;2;211;208;200m&&[48;2;0;0;0m[38;2;242;240;236m [48;2;0;0;0m[38;2;242;119;122mexp[48;2;0;0;0m[38;2;242;240;236m.[48;2;0;0;0m[38;2;242;119;122mIsNightScavenge[48;2;0;0;0m[38;2;242;240;236m

    High total complexity (count = 74)

           1  [48;2;0;0;0m[38;2;204;153;204musing[48;2;0;0;0m[38;2;211;208;200m [48;2;0;0;0m[38;2;211;208;200mSystem[48;2;0;0;0m[38;2;211;208;200m;[48;2;0;0;0m[38;2;211;208;200m
           2  [48;2;0;0;0m[38;2;204;153;204musing[48;2;0;0;0m[38;2;211;208;200m [48;2;0;0;0m[38;2;211;208;200mSystem[48;2;0;0;0m[38;2;211;208;200m.[48;2;0;0;0m[38;2;211;208;200mCollections[48;2;0;0;0m[38;2;211;208;200m.[48;2;0;0;0m[38;2;211;208;200mGeneric[48;2;0;0;0m[38;2;211;208;200m;[48;2;0;0;0m[38;2;211;208;200m
           3  [48;2;0;0;0m[38;2;204;153;204musing[48;2;0;0;0m[38;2;211;208;200m [48;2;0;0;0m[38;2;211;208;200mUnityEngine[48;2;0;0;0m[38;2;211;208;200m;[48;2;0;0;0m[38;2;211;208;200m
           4  [48;2;0;0;0m[38;2;204;153;204musing[48;2;0;0;0m[38;2;211;208;200m [48;2;0;0;0m[38;2;211;208;200mAtomicWar[48;2;0;0;0m[38;2;211;208;200m.[48;2;0;0;0m[38;2;211;208;200m_Game[48;2;0;0;0m[38;2;211;208;200m.[48;2;0;0;0m[38;2;211;208;200mData[48;2;0;0;0m[38;2;211;208;200m;[48;2;0;0;0m[38;2;211;208;200m
           5  [48;2;0;0;0m[38;2;204;153;204musing[48;2;0;0;0m[38;2;211;208;200m [48;2;0;0;0m[38;2;211;208;200mAtomicWar[48;2;0;0;0m[38;2;211;208;200m.[48;2;0;0;0m[38;2;211;208;200m_Game[48;2;0;0;0m[38;2;211;208;200m.[48;2;0;0;0m[38;2;211;208;200mEnvironment[48;2;0;0;0m[38;2;211;208;200m;[48;2;0;0;0m[38;2;211;208;200m
           6  [48;2;0;0;0m[38;2;204;153;204musing[48;2;0;0;0m[38;2;211;208;200m [48;2;0;0;0m[38;2;211;208;200mAtomicWar[48;2;0;0;0m[38;2;211;208;200m.[48;2;0;0;0m[38;2;211;208;200m_Game[48;2;0;0;0m[38;2;211;208;200m.[48;2;0;0;0m[38;2;211;208;200mEvents[48;2;0;0;0m[38;2;211;208;200m;[48;2;0;0;0m[38;2;211;208;200m
              [hid 304 additional lines]


Assets/_Game/Core/ExpeditionSystem.Ops.cs
    Function with many returns (count = 9): RollAndResolveEncounter

         287  [48;2;0;0;0m[38;2;242;240;236m        [48;2;0;0;0m[38;2;204;153;204mprivate[48;2;0;0;0m[38;2;242;240;236m [48;2;0;0;0m[38;2;204;153;204mvoid[48;2;0;0;0m[38;2;242;240;236m [48;2;0;0;0m[38;2;102;153;204mRollAndResolveEncounter[48;2;0;0;0m[38;2;242;240;236m([48;2;0;0;0m[38;2;242;240;236mExpeditionState[48;2;0;0;0m[38;2;242;240;236m [48;2;0;0;0m[38;2;242;119;122mexp[48;2;0;0;0m[38;2;242;240;236m)[48;2;0;0;0m[38;2;242;240;236m
         288  [48;2;0;0;0m[38;2;242;240;236m        [48;2;0;0;0m[38;2;242;240;236m{[48;2;0;0;0m[38;2;242;240;236m
         289  [48;2;0;0;0m[38;2;242;240;236m            [48;2;0;0;0m[38;2;204;153;204mif[48;2;0;0;0m[38;2;242;240;236m [48;2;0;0;0m[38;2;242;240;236m([48;2;0;0;0m[38;2;242;119;122m_encounterPool[48;2;0;0;0m[38;2;242;240;236m.[48;2;0;0;0m[38;2;242;119;122mCount[48;2;0;0;0m[38;2;242;240;236m [48;2;0;0;0m[38;2;211;208;200m==[48;2;0;0;0m[38;2;242;240;236m [48;2;0;0;0m[38;2;249;145;87m0[48;2;0;0;0m[38;2;242;240;236m)[48;2;0;0;0m[38;2;242;240;236m [48;2;0;0;0m[38;2;204;153;204mreturn[48;2;0;0;0m[38;2;242;240;236m;[48;2;0;0;0m[38;2;242;240;236m
         290  [48;2;0;0;0m[38;2;242;240;236m
         291  [48;2;0;0;0m[38;2;242;240;236m            [48;2;0;0;0m[38;2;116;115;105m//[48;2;0;0;0m[38;2;116;115;105m Base encounter chance per tick: 30% modified by danger level and stance
         292  [48;2;0;0;0m[38;2;242;240;236m            [48;2;0;0;0m[38;2;204;153;204mfloat[48;2;0;0;0m[38;2;242;240;236m [48;2;0;0;0m[38;2;242;119;122mencounterChance[48;2;0;0;0m[38;2;242;240;236m [48;2;0;0;0m[38;2;211;208;200m=[48;2;0;0;0m[38;2;242;240;236m [48;2;0;0;0m[38;2;249;145;87m0.25[48;2;0;0;0m[38;2;204;153;204mf[48;2;0;0;0m[38;2;242;240;236m [48;2;0;0;0m[38;2;211;208;200m+[48;2;0;0;0m[38;2;242;240;236m [48;2;0;0;0m[38;2;242;240;236m([48;2;0;0;0m[38;2;242;119;122mexp[48;2;0;0;0m[38;2;242;240;236m.[48;2;0;0;0m[38;2;242;119;122mDangerLevel[48;2;0;0;0m[38;2;242;240;236m [48;2;0;0;0m[38;2;211;208;200m*[48;2;0;0;0m[38;2;242;240;236m [48;2;0;0;0m[38;2;249;145;87m0.05[48;2;0;0;0m[38;2;204;153;204mf[48;2;0;0;0m[38;2;242;240;236m)[48;2;0;0;0m[38;2;242;240;236m;[48;2;0;0;0m[38;2;242;240;236m
              [hid 84 additional lines]

    Complex binary expression

         383  [48;2;0;0;0m[38;2;242;240;236m            [48;2;0;0;0m[38;2;204;153;204mreturn[48;2;0;0;0m[38;2;242;240;236m [48;2;0;0;0m[38;2;242;119;122mid[48;2;0;0;0m[38;2;242;240;236m.[48;2;0;0;0m[38;2;102;153;204mIndexOf[48;2;0;0;0m[38;2;242;240;236m([48;2;0;0;0m[38;2;211;208;200m"[48;2;0;0;0m[38;2;153;204;153mtrap[48;2;0;0;0m[38;2;211;208;200m"[48;2;0;0;0m[38;2;242;240;236m,[48;2;0;0;0m[38;2;242;240;236m [48;2;0;0;0m[38;2;242;119;122mStringComparison[48;2;0;0;0m[38;2;242;240;236m.[48;2;0;0;0m[38;2;242;119;122mOrdinalIgnoreCase[48;2;0;0;0m[38;2;242;240;236m)[48;2;0;0;0m[38;2;242;240;236m [48;2;0;0;0m[38;2;211;208;200m>=[48;2;0;0;0m[38;2;242;240;236m [48;2;0;0;0m[38;2;249;145;87m0[48;2;0;0;0m[38;2;242;240;236m
         384  [48;2;0;0;0m[38;2;242;240;236m                [48;2;0;0;0m[38;2;211;208;200m||[48;2;0;0;0m[38;2;242;240;236m [48;2;0;0;0m[38;2;242;119;122mid[48;2;0;0;0m[38;2;242;240;236m.[48;2;0;0;0m[38;2;102;153;204mIndexOf[48;2;0;0;0m[38;2;242;240;236m([48;2;0;0;0m[38;2;211;208;200m"[48;2;0;0;0m[38;2;153;204;153mmine[48;2;0;0;0m[38;2;211;208;200m"[48;2;0;0;0m[38;2;242;240;236m,[48;2;0;0;0m[38;2;242;240;236m [48;2;0;0;0m[38;2;242;119;122mStringComparison[48;2;0;0;0m[38;2;242;240;236m.[48;2;0;0;0m[38;2;242;119;122mOrdinalIgnoreCase[48;2;0;0;0m[38;2;242;240;236m)[48;2;0;0;0m[38;2;242;240;236m [48;2;0;0;0m[38;2;211;208;200m>=[48;2;0;0;0m[38;2;242;240;236m [48;2;0;0;0m[38;2;249;145;87m0[48;2;0;0;0m[38;2;242;240;236m

    Complex binary expression

         396  [48;2;0;0;0m[38;2;242;240;236m            [48;2;0;0;0m[38;2;204;153;204mreturn[48;2;0;0;0m[38;2;242;240;236m [48;2;0;0;0m[38;2;242;119;122mid[48;2;0;0;0m[38;2;242;240;236m.[48;2;0;0;0m[38;2;102;153;204mIndexOf[48;2;0;0;0m[38;2;242;240;236m([48;2;0;0;0m[38;2;211;208;200m"[48;2;0;0;0m[38;2;153;204;153mhostile[48;2;0;0;0m[38;2;211;208;200m"[48;2;0;0;0m[38;2;242;240;236m,[48;2;0;0;0m[38;2;242;240;236m [48;2;0;0;0m[38;2;242;119;122mStringComparison[48;2;0;0;0m[38;2;242;240;236m.[48;2;0;0;0m[38;2;242;119;122mOrdinalIgnoreCase[48;2;0;0;0m[38;2;242;240;236m)[48;2;0;0;0m[38;2;242;240;236m [48;2;0;0;0m[38;2;211;208;200m>=[48;2;0;0;0m[38;2;242;240;236m [48;2;0;0;0m[38;2;249;145;87m0[48;2;0;0;0m[38;2;242;240;236m
         397  [48;2;0;0;0m[38;2;242;240;236m                [48;2;0;0;0m[38;2;211;208;200m||[48;2;0;0;0m[38;2;242;240;236m [48;2;0;0;0m[38;2;242;119;122mid[48;2;0;0;0m[38;2;242;240;236m.[48;2;0;0;0m[38;2;102;153;204mIndexOf[48;2;0;0;0m[38;2;242;240;236m([48;2;0;0;0m[38;2;211;208;200m"[48;2;0;0;0m[38;2;153;204;153mambush[48;2;0;0;0m[38;2;211;208;200m"[48;2;0;0;0m[38;2;242;240;236m,[48;2;0;0;0m[38;2;242;240;236m [48;2;0;0;0m[38;2;242;119;122mStringComparison[48;2;0;0;0m[38;2;242;240;236m.[48;2;0;0;0m[38;2;242;119;122mOrdinalIgnoreCase[48;2;0;0;0m[38;2;242;240;236m)[48;2;0;0;0m[38;2;242;240;236m [48;2;0;0;0m[38;2;211;208;200m>=[48;2;0;0;0m[38;2;242;240;236m [48;2;0;0;0m[38;2;249;145;87m0[48;2;0;0;0m[38;2;242;240;236m
         398  [48;2;0;0;0m[38;2;242;240;236m                [48;2;0;0;0m[38;2;211;208;200m||[48;2;0;0;0m[38;2;242;240;236m [48;2;0;0;0m[38;2;242;119;122mid[48;2;0;0;0m[38;2;242;240;236m.[48;2;0;0;0m[38;2;102;153;204mIndexOf[48;2;0;0;0m[38;2;242;240;236m([48;2;0;0;0m[38;2;211;208;200m"[48;2;0;0;0m[38;2;153;204;153mdog[48;2;0;0;0m[38;2;211;208;200m"[48;2;0;0;0m[38;2;242;240;236m,[48;2;0;0;0m[38;2;242;240;236m [48;2;0;0;0m[38;2;242;119;122mStringComparison[48;2;0;0;0m[38;2;242;240;236m.[48;2;0;0;0m[38;2;242;119;122mOrdinalIgnoreCase[48;2;0;0;0m[38;2;242;240;236m)[48;2;0;0;0m[38;2;242;240;236m [48;2;0;0;0m[38;2;211;208;200m>=[48;2;0;0;0m[38;2;242;240;236m [48;2;0;0;0m[38;2;249;145;87m0[48;2;0;0;0m[38;2;242;240;236m

    Complex binary expression

         437  [48;2;0;0;0m[38;2;242;240;236m            [48;2;0;0;0m[38;2;204;153;204mreturn[48;2;0;0;0m[38;2;242;240;236m [48;2;0;0;0m[38;2;242;119;122mid[48;2;0;0;0m[38;2;242;240;236m.[48;2;0;0;0m[38;2;102;153;204mIndexOf[48;2;0;0;0m[38;2;242;240;236m([48;2;0;0;0m[38;2;211;208;200m"[48;2;0;0;0m[38;2;153;204;153mrubble[48;2;0;0;0m[38;2;211;208;200m"[48;2;0;0;0m[38;2;242;240;236m,[48;2;0;0;0m[38;2;242;240;236m [48;2;0;0;0m[38;2;242;119;122mStringComparison[48;2;0;0;0m[38;2;242;240;236m.[48;2;0;0;0m[38;2;242;119;122mOrdinalIgnoreCase[48;2;0;0;0m[38;2;242;240;236m)[48;2;0;0;0m[38;2;242;240;236m [48;2;0;0;0m[38;2;211;208;200m>=[48;2;0;0;0m[38;2;242;240;236m [48;2;0;0;0m[38;2;249;145;87m0[48;2;0;0;0m[38;2;242;240;236m
         438  [48;2;0;0;0m[38;2;242;240;236m                [48;2;0;0;0m[38;2;211;208;200m||[48;2;0;0;0m[38;2;242;240;236m [48;2;0;0;0m[38;2;242;119;122mid[48;2;0;0;0m[38;2;242;240;236m.[48;2;0;0;0m[38;2;102;153;204mIndexOf[48;2;0;0;0m[38;2;242;240;236m([48;2;0;0;0m[38;2;211;208;200m"[48;2;0;0;0m[38;2;153;204;153mdebris[48;2;0;0;0m[38;2;211;208;200m"[48;2;0;0;0m[38;2;242;240;236m,[48;2;0;0;0m[38;2;242;240;236m [48;2;0;0;0m[38;2;242;119;122mStringComparison[48;2;0;0;0m[38;2;242;240;236m.[48;2;0;0;0m[38;2;242;119;122mOrdinalIgnoreCase[48;2;0;0;0m[38;2;242;240;236m)[48;2;0;0;0m[38;2;242;240;236m [48;2;0;0;0m[38;2;211;208;200m>=[48;2;0;0;0m[38;2;242;240;236m [48;2;0;0;0m[38;2;249;145;87m0[48;2;0;0;0m[38;2;242;240;236m
         439  [48;2;0;0;0m[38;2;242;240;236m                [48;2;0;0;0m[38;2;211;208;200m||[48;2;0;0;0m[38;2;242;240;236m [48;2;0;0;0m[38;2;242;119;122mid[48;2;0;0;0m[38;2;242;240;236m.[48;2;0;0;0m[38;2;102;153;204mIndexOf[48;2;0;0;0m[38;2;242;240;236m([48;2;0;0;0m[38;2;211;208;200m"[48;2;0;0;0m[38;2;153;204;153mcollapsed[48;2;0;0;0m[38;2;211;208;200m"[48;2;0;0;0m[38;2;242;240;236m,[48;2;0;0;0m[38;2;242;240;236m [48;2;0;0;0m[38;2;242;119;122mStringComparison[48;2;0;0;0m[38;2;242;240;236m.[48;2;0;0;0m[38;2;242;119;122mOrdinalIgnoreCase[48;2;0;0;0m[38;2;242;240;236m)[48;2;0;0;0m[38;2;242;240;236m [48;2;0;0;0m[38;2;211;208;200m>=[48;2;0;0;0m[38;2;242;240;236m [48;2;0;0;0m[38;2;249;145;87m0[48;2;0;0;0m[38;2;242;240;236m

    Complex binary expression

         450  [48;2;0;0;0m[38;2;242;240;236m            [48;2;0;0;0m[38;2;204;153;204mreturn[48;2;0;0;0m[38;2;242;240;236m [48;2;0;0;0m[38;2;242;119;122mid[48;2;0;0;0m[38;2;242;240;236m.[48;2;0;0;0m[38;2;102;153;204mIndexOf[48;2;0;0;0m[38;2;242;240;236m([48;2;0;0;0m[38;2;211;208;200m"[48;2;0;0;0m[38;2;153;204;153mlooter[48;2;0;0;0m[38;2;211;208;200m"[48;2;0;0;0m[38;2;242;240;236m,[48;2;0;0;0m[38;2;242;240;236m [48;2;0;0;0m[38;2;242;119;122mStringComparison[48;2;0;0;0m[38;2;242;240;236m.[48;2;0;0;0m[38;2;242;119;122mOrdinalIgnoreCase[48;2;0;0;0m[38;2;242;240;236m)[48;2;0;0;0m[38;2;242;240;236m [48;2;0;0;0m[38;2;211;208;200m>=[48;2;0;0;0m[38;2;242;240;236m [48;2;0;0;0m[38;2;249;145;87m0[48;2;0;0;0m[38;2;242;240;236m
         451  [48;2;0;0;0m[38;2;242;240;236m                [48;2;0;0;0m[38;2;211;208;200m||[48;2;0;0;0m[38;2;242;240;236m [48;2;0;0;0m[38;2;242;119;122mid[48;2;0;0;0m[38;2;242;240;236m.[48;2;0;0;0m[38;2;102;153;204mIndexOf[48;2;0;0;0m[38;2;242;240;236m([48;2;0;0;0m[38;2;211;208;200m"[48;2;0;0;0m[38;2;153;204;153mraider[48;2;0;0;0m[38;2;211;208;200m"[48;2;0;0;0m[38;2;242;240;236m,[48;2;0;0;0m[38;2;242;240;236m [48;2;0;0;0m[38;2;242;119;122mStringComparison[48;2;0;0;0m[38;2;242;240;236m.[48;2;0;0;0m[38;2;242;119;122mOrdinalIgnoreCase[48;2;0;0;0m[38;2;242;240;236m)[48;2;0;0;0m[38;2;242;240;236m [48;2;0;0;0m[38;2;211;208;200m>=[48;2;0;0;0m[38;2;242;240;236m [48;2;0;0;0m[38;2;249;145;87m0[48;2;0;0;0m[38;2;242;240;236m
         452  [48;2;0;0;0m[38;2;242;240;236m                [48;2;0;0;0m[38;2;211;208;200m||[48;2;0;0;0m[38;2;242;240;236m [48;2;0;0;0m[38;2;242;119;122mid[48;2;0;0;0m[38;2;242;240;236m.[48;2;0;0;0m[38;2;102;153;204mIndexOf[48;2;0;0;0m[38;2;242;240;236m([48;2;0;0;0m[38;2;211;208;200m"[48;2;0;0;0m[38;2;153;204;153mbandit[48;2;0;0;0m[38;2;211;208;200m"[48;2;0;0;0m[38;2;242;240;236m,[48;2;0;0;0m[38;2;242;240;236m [48;2;0;0;0m[38;2;242;119;122mStringComparison[48;2;0;0;0m[38;2;242;240;236m.[48;2;0;0;0m[38;2;242;119;122mOrdinalIgnoreCase[48;2;0;0;0m[38;2;242;240;236m)[48;2;0;0;0m[38;2;242;240;236m [48;2;0;0;0m[38;2;211;208;200m>=[48;2;0;0;0m[38;2;242;240;236m [48;2;0;0;0m[38;2;249;145;87m0[48;2;0;0;0m[38;2;242;240;236m
         453  [48;2;0;0;0m[38;2;242;240;236m                [48;2;0;0;0m[38;2;211;208;200m||[48;2;0;0;0m[38;2;242;240;236m [48;2;0;0;0m[38;2;242;119;122mid[48;2;0;0;0m[38;2;242;240;236m.[48;2;0;0;0m[38;2;102;153;204mIndexOf[48;2;0;0;0m[38;2;242;240;236m([48;2;0;0;0m[38;2;211;208;200m"[48;2;0;0;0m[38;2;153;204;153mhuman[48;2;0;0;0m[38;2;211;208;200m"[48;2;0;0;0m[38;2;242;240;236m,[48;2;0;0;0m[38;2;242;240;236m [48;2;0;0;0m[38;2;242;119;122mStringComparison[48;2;0;0;0m[38;2;242;240;236m.[48;2;0;0;0m[38;2;242;119;122mOrdinalIgnoreCase[48;2;0;0;0m[38;2;242;240;236m)[48;2;0;0;0m[38;2;242;240;236m [48;2;0;0;0m[38;2;211;208;200m>=[48;2;0;0;0m[38;2;242;240;236m [48;2;0;0;0m[38;2;249;145;87m0[48;2;0;0;0m[38;2;242;240;236m
         454  [48;2;0;0;0m[38;2;242;240;236m                [48;2;0;0;0m[38;2;211;208;200m||[48;2;0;0;0m[38;2;242;240;236m [48;2;0;0;0m[38;2;242;119;122mid[48;2;0;0;0m[38;2;242;240;236m.[48;2;0;0;0m[38;2;102;153;204mIndexOf[48;2;0;0;0m[38;2;242;240;236m([48;2;0;0;0m[38;2;211;208;200m"[48;2;0;0;0m[38;2;153;204;153mfaction[48;2;0;0;0m[38;2;211;208;200m"[48;2;0;0;0m[38;2;242;240;236m,[48;2;0;0;0m[38;2;242;240;236m [48;2;0;0;0m[38;2;242;119;122mStringComparison[48;2;0;0;0m[38;2;242;240;236m.[48;2;0;0;0m[38;2;242;119;122mOrdinalIgnoreCase[48;2;0;0;0m[38;2;242;240;236m)[48;2;0;0;0m[38;2;242;240;236m [48;2;0;0;0m[38;2;211;208;200m>=[48;2;0;0;0m[38;2;242;240;236m [48;2;0;0;0m[38;2;249;145;87m0[48;2;0;0;0m[38;2;242;240;236m

    High total complexity (count = 119)

           1  [48;2;0;0;0m[38;2;204;153;204musing[48;2;0;0;0m[38;2;211;208;200m [48;2;0;0;0m[38;2;211;208;200mSystem[48;2;0;0;0m[38;2;211;208;200m;[48;2;0;0;0m[38;2;211;208;200m
           2  [48;2;0;0;0m[38;2;204;153;204musing[48;2;0;0;0m[38;2;211;208;200m [48;2;0;0;0m[38;2;211;208;200mSystem[48;2;0;0;0m[38;2;211;208;200m.[48;2;0;0;0m[38;2;211;208;200mCollections[48;2;0;0;0m[38;2;211;208;200m.[48;2;0;0;0m[38;2;211;208;200mGeneric[48;2;0;0;0m[38;2;211;208;200m;[48;2;0;0;0m[38;2;211;208;200m
           3  [48;2;0;0;0m[38;2;204;153;204musing[48;2;0;0;0m[38;2;211;208;200m [48;2;0;0;0m[38;2;211;208;200mUnityEngine[48;2;0;0;0m[38;2;211;208;200m;[48;2;0;0;0m[38;2;211;208;200m
           4  [48;2;0;0;0m[38;2;204;153;204musing[48;2;0;0;0m[38;2;211;208;200m [48;2;0;0;0m[38;2;211;208;200mAtomicWar[48;2;0;0;0m[38;2;211;208;200m.[48;2;0;0;0m[38;2;211;208;200m_Game[48;2;0;0;0m[38;2;211;208;200m.[48;2;0;0;0m[38;2;211;208;200mData[48;2;0;0;0m[38;2;211;208;200m;[48;2;0;0;0m[38;2;211;208;200m
           5  [48;2;0;0;0m[38;2;204;153;204musing[48;2;0;0;0m[38;2;211;208;200m [48;2;0;0;0m[38;2;211;208;200mAtomicWar[48;2;0;0;0m[38;2;211;208;200m.[48;2;0;0;0m[38;2;211;208;200m_Game[48;2;0;0;0m[38;2;211;208;200m.[48;2;0;0;0m[38;2;211;208;200mEnvironment[48;2;0;0;0m[38;2;211;208;200m;[48;2;0;0;0m[38;2;211;208;200m
           6  [48;2;0;0;0m[38;2;204;153;204musing[48;2;0;0;0m[38;2;211;208;200m [48;2;0;0;0m[38;2;211;208;200mAtomicWar[48;2;0;0;0m[38;2;211;208;200m.[48;2;0;0;0m[38;2;211;208;200m_Game[48;2;0;0;0m[38;2;211;208;200m.[48;2;0;0;0m[38;2;211;208;200mEvents[48;2;0;0;0m[38;2;211;208;200m;[48;2;0;0;0m[38;2;211;208;200m
              [hid 505 additional lines]

    Function with high complexity (count = 19): CalculateStaminaDrain

          43  [48;2;0;0;0m[38;2;242;240;236m        [48;2;0;0;0m[38;2;204;153;204mprivate[48;2;0;0;0m[38;2;242;240;236m [48;2;0;0;0m[38;2;204;153;204mfloat[48;2;0;0;0m[38;2;242;240;236m [48;2;0;0;0m[38;2;102;153;204mCalculateStaminaDrain[48;2;0;0;0m[38;2;242;240;236m([48;2;0;0;0m[38;2;242;240;236mExpeditionState[48;2;0;0;0m[38;2;242;240;236m [48;2;0;0;0m[38;2;242;119;122mexp[48;2;0;0;0m[38;2;242;240;236m,[48;2;0;0;0m[38;2;242;240;236m [48;2;0;0;0m[38;2;204;153;204mfloat[48;2;0;0;0m[38;2;242;240;236m [48;2;0;0;0m[38;2;242;119;122mhours[48;2;0;0;0m[38;2;242;240;236m)[48;2;0;0;0m[38;2;242;240;236m
          44  [48;2;0;0;0m[38;2;242;240;236m        [48;2;0;0;0m[38;2;242;240;236m{[48;2;0;0;0m[38;2;242;240;236m
          45  [48;2;0;0;0m[38;2;242;240;236m            [48;2;0;0;0m[38;2;204;153;204mfloat[48;2;0;0;0m[38;2;242;240;236m [48;2;0;0;0m[38;2;242;119;122mdrain[48;2;0;0;0m[38;2;242;240;236m [48;2;0;0;0m[38;2;211;208;200m=[48;2;0;0;0m[38;2;242;240;236m [48;2;0;0;0m[38;2;242;119;122mBaseStaminaDrainPerHour[48;2;0;0;0m[38;2;242;240;236m [48;2;0;0;0m[38;2;211;208;200m*[48;2;0;0;0m[38;2;242;240;236m [48;2;0;0;0m[38;2;242;119;122mhours[48;2;0;0;0m[38;2;242;240;236m;[48;2;0;0;0m[38;2;242;240;236m
          46  [48;2;0;0;0m[38;2;242;240;236m
          47  [48;2;0;0;0m[38;2;242;240;236m            [48;2;0;0;0m[38;2;116;115;105m//[48;2;0;0;0m[38;2;116;115;105m Carry weight penalty: up to +15/hr at full capacity
          48  [48;2;0;0;0m[38;2;242;240;236m            [48;2;0;0;0m[38;2;116;115;105m//[48;2;0;0;0m[38;2;116;115;105m Prompt #206 — Pack Mule halves the over-encumbrance portion.
              [hid 53 additional lines]

    Function with high complexity (count = 20): TryApplyForagerLoot

         149  [48;2;0;0;0m[38;2;242;240;236m        [48;2;0;0;0m[38;2;204;153;204mprivate[48;2;0;0;0m[38;2;242;240;236m [48;2;0;0;0m[38;2;204;153;204mvoid[48;2;0;0;0m[38;2;242;240;236m [48;2;0;0;0m[38;2;102;153;204mTryApplyForagerLoot[48;2;0;0;0m[38;2;242;240;236m([48;2;0;0;0m[38;2;242;240;236mExpeditionState[48;2;0;0;0m[38;2;242;240;236m [48;2;0;0;0m[38;2;242;119;122mexp[48;2;0;0;0m[38;2;242;240;236m)[48;2;0;0;0m[38;2;242;240;236m
         150  [48;2;0;0;0m[38;2;242;240;236m        [48;2;0;0;0m[38;2;242;240;236m{[48;2;0;0;0m[38;2;242;240;236m
         151  [48;2;0;0;0m[38;2;242;240;236m            [48;2;0;0;0m[38;2;204;153;204mif[48;2;0;0;0m[38;2;242;240;236m [48;2;0;0;0m[38;2;242;240;236m([48;2;0;0;0m[38;2;242;119;122mexp[48;2;0;0;0m[38;2;242;240;236m?.[48;2;0;0;0m[38;2;242;119;122mSurvivor[48;2;0;0;0m[38;2;242;240;236m [48;2;0;0;0m[38;2;211;208;200m==[48;2;0;0;0m[38;2;242;240;236m [48;2;0;0;0m[38;2;249;145;87mnull[48;2;0;0;0m[38;2;242;240;236m)[48;2;0;0;0m[38;2;242;240;236m [48;2;0;0;0m[38;2;204;153;204mreturn[48;2;0;0;0m[38;2;242;240;236m;[48;2;0;0;0m[38;2;242;240;236m
         152  [48;2;0;0;0m[38;2;242;240;236m
         153  [48;2;0;0;0m[38;2;242;240;236m            [48;2;0;0;0m[38;2;116;115;105m//[48;2;0;0;0m[38;2;116;115;105m Prompt #223 — Apex Predator: 50 Meat on forest/swamp, no loot roll needed.
         154  [48;2;0;0;0m[38;2;242;240;236m            [48;2;0;0;0m[38;2;204;153;204mif[48;2;0;0;0m[38;2;242;240;236m [48;2;0;0;0m[38;2;242;240;236m([48;2;0;0;0m[38;2;242;119;122m_personalQuests[48;2;0;0;0m[38;2;242;240;236m [48;2;0;0;0m[38;2;211;208;200m!=[48;2;0;0;0m[38;2;242;240;236m [48;2;0;0;0m[38;2;249;145;87mnull[48;2;0;0;0m[38;2;242;240;236m)[48;2;0;0;0m[38;2;242;240;236m
              [hid 33 additional lines]

    Function with high complexity (count = 20): RollAndResolveEncounter

         287  [48;2;0;0;0m[38;2;242;240;236m        [48;2;0;0;0m[38;2;204;153;204mprivate[48;2;0;0;0m[38;2;242;240;236m [48;2;0;0;0m[38;2;204;153;204mvoid[48;2;0;0;0m[38;2;242;240;236m [48;2;0;0;0m[38;2;102;153;204mRollAndResolveEncounter[48;2;0;0;0m[38;2;242;240;236m([48;2;0;0;0m[38;2;242;240;236mExpeditionState[48;2;0;0;0m[38;2;242;240;236m [48;2;0;0;0m[38;2;242;119;122mexp[48;2;0;0;0m[38;2;242;240;236m)[48;2;0;0;0m[38;2;242;240;236m
         288  [48;2;0;0;0m[38;2;242;240;236m        [48;2;0;0;0m[38;2;242;240;236m{[48;2;0;0;0m[38;2;242;240;236m
         289  [48;2;0;0;0m[38;2;242;240;236m            [48;2;0;0;0m[38;2;204;153;204mif[48;2;0;0;0m[38;2;242;240;236m [48;2;0;0;0m[38;2;242;240;236m([48;2;0;0;0m[38;2;242;119;122m_encounterPool[48;2;0;0;0m[38;2;242;240;236m.[48;2;0;0;0m[38;2;242;119;122mCount[48;2;0;0;0m[38;2;242;240;236m [48;2;0;0;0m[38;2;211;208;200m==[48;2;0;0;0m[38;2;242;240;236m [48;2;0;0;0m[38;2;249;145;87m0[48;2;0;0;0m[38;2;242;240;236m)[48;2;0;0;0m[38;2;242;240;236m [48;2;0;0;0m[38;2;204;153;204mreturn[48;2;0;0;0m[38;2;242;240;236m;[48;2;0;0;0m[38;2;242;240;236m
         290  [48;2;0;0;0m[38;2;242;240;236m
         291  [48;2;0;0;0m[38;2;242;240;236m            [48;2;0;0;0m[38;2;116;115;105m//[48;2;0;0;0m[38;2;116;115;105m Base encounter chance per tick: 30% modified by danger level and stance
         292  [48;2;0;0;0m[38;2;242;240;236m            [48;2;0;0;0m[38;2;204;153;204mfloat[48;2;0;0;0m[38;2;242;240;236m [48;2;0;0;0m[38;2;242;119;122mencounterChance[48;2;0;0;0m[38;2;242;240;236m [48;2;0;0;0m[38;2;211;208;200m=[48;2;0;0;0m[38;2;242;240;236m [48;2;0;0;0m[38;2;249;145;87m0.25[48;2;0;0;0m[38;2;204;153;204mf[48;2;0;0;0m[38;2;242;240;236m [48;2;0;0;0m[38;2;211;208;200m+[48;2;0;0;0m[38;2;242;240;236m [48;2;0;0;0m[38;2;242;240;236m([48;2;0;0;0m[38;2;242;119;122mexp[48;2;0;0;0m[38;2;242;240;236m.[48;2;0;0;0m[38;2;242;119;122mDangerLevel[48;2;0;0;0m[38;2;242;240;236m [48;2;0;0;0m[38;2;211;208;200m*[48;2;0;0;0m[38;2;242;240;236m [48;2;0;0;0m[38;2;249;145;87m0.05[48;2;0;0;0m[38;2;204;153;204mf[48;2;0;0;0m[38;2;242;240;236m)[48;2;0;0;0m[38;2;242;240;236m;[48;2;0;0;0m[38;2;242;240;236m
              [hid 84 additional lines]


Assets/_Game/Core/FactionRaidPlanSystem.cs
    Function with many parameters (count = 6): TryClaimBattlefieldLoot

         289  [48;2;0;0;0m[38;2;242;240;236m        [48;2;0;0;0m[38;2;204;153;204mpublic[48;2;0;0;0m[38;2;242;240;236m [48;2;0;0;0m[38;2;204;153;204mbool[48;2;0;0;0m[38;2;242;240;236m [48;2;0;0;0m[38;2;102;153;204mTryClaimBattlefieldLoot[48;2;0;0;0m[38;2;242;240;236m([48;2;0;0;0m[38;2;242;240;236m
         290  [48;2;0;0;0m[38;2;242;240;236m            [48;2;0;0;0m[38;2;204;153;204mstring[48;2;0;0;0m[38;2;242;240;236m [48;2;0;0;0m[38;2;242;119;122mnodeId[48;2;0;0;0m[38;2;242;240;236m,[48;2;0;0;0m[38;2;242;240;236m
         291  [48;2;0;0;0m[38;2;242;240;236m            [48;2;0;0;0m[38;2;242;240;236mSurvivor[48;2;0;0;0m[38;2;242;240;236m [48;2;0;0;0m[38;2;242;119;122mscavenger[48;2;0;0;0m[38;2;242;240;236m,[48;2;0;0;0m[38;2;242;240;236m
         292  [48;2;0;0;0m[38;2;242;240;236m            [48;2;0;0;0m[38;2;242;240;236mInventory[48;2;0;0;0m[38;2;242;240;236m.[48;2;0;0;0m[38;2;242;240;236mInventory[48;2;0;0;0m[38;2;242;240;236m [48;2;0;0;0m[38;2;242;119;122minventory[48;2;0;0;0m[38;2;242;240;236m,[48;2;0;0;0m[38;2;242;240;236m
         293  [48;2;0;0;0m[38;2;242;240;236m            [48;2;0;0;0m[38;2;242;240;236mItemDefinition[48;2;0;0;0m[38;2;242;240;236m [48;2;0;0;0m[38;2;242;119;122mweaponDef[48;2;0;0;0m[38;2;242;240;236m [48;2;0;0;0m[38;2;211;208;200m=[48;2;0;0;0m[38;2;242;240;236m [48;2;0;0;0m[38;2;249;145;87mnull[48;2;0;0;0m[38;2;242;240;236m,[48;2;0;0;0m[38;2;242;240;236m
         294  [48;2;0;0;0m[38;2;242;240;236m            [48;2;0;0;0m[38;2;242;240;236mItemDefinition[48;2;0;0;0m[38;2;242;240;236m [48;2;0;0;0m[38;2;242;119;122mscrapDef[48;2;0;0;0m[38;2;242;240;236m [48;2;0;0;0m[38;2;211;208;200m=[48;2;0;0;0m[38;2;242;240;236m [48;2;0;0;0m[38;2;249;145;87mnull[48;2;0;0;0m[38;2;242;240;236m,[48;2;0;0;0m[38;2;242;240;236m
              [hid 1 additional lines]

    Function with many returns (count = 6): ApplyChoice

         213  [48;2;0;0;0m[38;2;242;240;236m        [48;2;0;0;0m[38;2;204;153;204mpublic[48;2;0;0;0m[38;2;242;240;236m [48;2;0;0;0m[38;2;204;153;204mbool[48;2;0;0;0m[38;2;242;240;236m [48;2;0;0;0m[38;2;102;153;204mApplyChoice[48;2;0;0;0m[38;2;242;240;236m([48;2;0;0;0m[38;2;204;153;204mstring[48;2;0;0;0m[38;2;242;240;236m [48;2;0;0;0m[38;2;242;119;122mplanId[48;2;0;0;0m[38;2;242;240;236m,[48;2;0;0;0m[38;2;242;240;236m [48;2;0;0;0m[38;2;204;153;204mstring[48;2;0;0;0m[38;2;242;240;236m [48;2;0;0;0m[38;2;242;119;122mchoiceId[48;2;0;0;0m[38;2;242;240;236m)[48;2;0;0;0m[38;2;242;240;236m
         214  [48;2;0;0;0m[38;2;242;240;236m        [48;2;0;0;0m[38;2;242;240;236m{[48;2;0;0;0m[38;2;242;240;236m
         215  [48;2;0;0;0m[38;2;242;240;236m            [48;2;0;0;0m[38;2;204;153;204mvar[48;2;0;0;0m[38;2;242;240;236m [48;2;0;0;0m[38;2;242;119;122mplan[48;2;0;0;0m[38;2;242;240;236m [48;2;0;0;0m[38;2;211;208;200m=[48;2;0;0;0m[38;2;242;240;236m [48;2;0;0;0m[38;2;102;153;204mFindPlan[48;2;0;0;0m[38;2;242;240;236m([48;2;0;0;0m[38;2;242;119;122mplanId[48;2;0;0;0m[38;2;242;240;236m)[48;2;0;0;0m[38;2;242;240;236m;[48;2;0;0;0m[38;2;242;240;236m
         216  [48;2;0;0;0m[38;2;242;240;236m            [48;2;0;0;0m[38;2;204;153;204mif[48;2;0;0;0m[38;2;242;240;236m [48;2;0;0;0m[38;2;242;240;236m([48;2;0;0;0m[38;2;242;119;122mplan[48;2;0;0;0m[38;2;242;240;236m [48;2;0;0;0m[38;2;211;208;200m==[48;2;0;0;0m[38;2;242;240;236m [48;2;0;0;0m[38;2;249;145;87mnull[48;2;0;0;0m[38;2;242;240;236m [48;2;0;0;0m[38;2;211;208;200m||[48;2;0;0;0m[38;2;242;240;236m [48;2;0;0;0m[38;2;242;119;122mplan[48;2;0;0;0m[38;2;242;240;236m.[48;2;0;0;0m[38;2;242;119;122mResolved[48;2;0;0;0m[38;2;242;240;236m)[48;2;0;0;0m[38;2;242;240;236m [48;2;0;0;0m[38;2;204;153;204mreturn[48;2;0;0;0m[38;2;242;240;236m [48;2;0;0;0m[38;2;249;145;87mfalse[48;2;0;0;0m[38;2;242;240;236m;[48;2;0;0;0m[38;2;242;240;236m
         217  [48;2;0;0;0m[38;2;242;240;236m            [48;2;0;0;0m[38;2;204;153;204mif[48;2;0;0;0m[38;2;242;240;236m [48;2;0;0;0m[38;2;242;240;236m([48;2;0;0;0m[38;2;204;153;204mstring[48;2;0;0;0m[38;2;242;240;236m.[48;2;0;0;0m[38;2;102;153;204mIsNullOrEmpty[48;2;0;0;0m[38;2;242;240;236m([48;2;0;0;0m[38;2;242;119;122mchoiceId[48;2;0;0;0m[38;2;242;240;236m)[48;2;0;0;0m[38;2;242;240;236m)[48;2;0;0;0m[38;2;242;240;236m [48;2;0;0;0m[38;2;204;153;204mreturn[48;2;0;0;0m[38;2;242;240;236m [48;2;0;0;0m[38;2;249;145;87mfalse[48;2;0;0;0m[38;2;242;240;236m;[48;2;0;0;0m[38;2;242;240;236m
         218  [48;2;0;0;0m[38;2;242;240;236m
              [hid 45 additional lines]

    High total complexity (count = 108)

           1  [48;2;0;0;0m[38;2;204;153;204musing[48;2;0;0;0m[38;2;211;208;200m [48;2;0;0;0m[38;2;211;208;200mSystem[48;2;0;0;0m[38;2;211;208;200m;[48;2;0;0;0m[38;2;211;208;200m
           2  [48;2;0;0;0m[38;2;204;153;204musing[48;2;0;0;0m[38;2;211;208;200m [48;2;0;0;0m[38;2;211;208;200mSystem[48;2;0;0;0m[38;2;211;208;200m.[48;2;0;0;0m[38;2;211;208;200mCollections[48;2;0;0;0m[38;2;211;208;200m.[48;2;0;0;0m[38;2;211;208;200mGeneric[48;2;0;0;0m[38;2;211;208;200m;[48;2;0;0;0m[38;2;211;208;200m
           3  [48;2;0;0;0m[38;2;204;153;204musing[48;2;0;0;0m[38;2;211;208;200m [48;2;0;0;0m[38;2;211;208;200mAtomicWar[48;2;0;0;0m[38;2;211;208;200m.[48;2;0;0;0m[38;2;211;208;200m_Game[48;2;0;0;0m[38;2;211;208;200m.[48;2;0;0;0m[38;2;211;208;200mEconomy[48;2;0;0;0m[38;2;211;208;200m;[48;2;0;0;0m[38;2;211;208;200m
           4  [48;2;0;0;0m[38;2;204;153;204musing[48;2;0;0;0m[38;2;211;208;200m [48;2;0;0;0m[38;2;211;208;200mAtomicWar[48;2;0;0;0m[38;2;211;208;200m.[48;2;0;0;0m[38;2;211;208;200m_Game[48;2;0;0;0m[38;2;211;208;200m.[48;2;0;0;0m[38;2;211;208;200mEnvironment[48;2;0;0;0m[38;2;211;208;200m;[48;2;0;0;0m[38;2;211;208;200m
           5  [48;2;0;0;0m[38;2;204;153;204musing[48;2;0;0;0m[38;2;211;208;200m [48;2;0;0;0m[38;2;211;208;200mAtomicWar[48;2;0;0;0m[38;2;211;208;200m.[48;2;0;0;0m[38;2;211;208;200m_Game[48;2;0;0;0m[38;2;211;208;200m.[48;2;0;0;0m[38;2;211;208;200mEvents[48;2;0;0;0m[38;2;211;208;200m;[48;2;0;0;0m[38;2;211;208;200m
           6  [48;2;0;0;0m[38;2;204;153;204musing[48;2;0;0;0m[38;2;211;208;200m [48;2;0;0;0m[38;2;211;208;200mAtomicWar[48;2;0;0;0m[38;2;211;208;200m.[48;2;0;0;0m[38;2;211;208;200m_Game[48;2;0;0;0m[38;2;211;208;200m.[48;2;0;0;0m[38;2;211;208;200mInventory[48;2;0;0;0m[38;2;211;208;200m;[48;2;0;0;0m[38;2;211;208;200m
              [hid 662 additional lines]

    Found 19 lines of similar code in 2 locations (mass = 97)

         621  [48;2;0;0;0m[38;2;211;208;200m    [48;2;0;0;0m[38;2;211;208;200m[[48;2;0;0;0m[38;2;242;119;122mSerializable[48;2;0;0;0m[38;2;211;208;200m][48;2;0;0;0m[38;2;211;208;200m
         622  [48;2;0;0;0m[38;2;211;208;200m    [48;2;0;0;0m[38;2;204;153;204mpublic[48;2;0;0;0m[38;2;211;208;200m [48;2;0;0;0m[38;2;204;153;204mclass[48;2;0;0;0m[38;2;242;240;236m [48;2;0;0;0m[38;2;255;204;102mFactionRaidPlan[48;2;0;0;0m[38;2;242;240;236m
         623  [48;2;0;0;0m[38;2;242;240;236m    [48;2;0;0;0m[38;2;242;240;236m{[48;2;0;0;0m[38;2;242;240;236m
         624  [48;2;0;0;0m[38;2;242;240;236m        [48;2;0;0;0m[38;2;204;153;204mpublic[48;2;0;0;0m[38;2;242;240;236m [48;2;0;0;0m[38;2;204;153;204mstring[48;2;0;0;0m[38;2;242;240;236m [48;2;0;0;0m[38;2;242;119;122mId[48;2;0;0;0m[38;2;242;240;236m;[48;2;0;0;0m[38;2;242;240;236m
         625  [48;2;0;0;0m[38;2;242;240;236m        [48;2;0;0;0m[38;2;204;153;204mpublic[48;2;0;0;0m[38;2;242;240;236m [48;2;0;0;0m[38;2;204;153;204mstring[48;2;0;0;0m[38;2;242;240;236m [48;2;0;0;0m[38;2;242;119;122mAttackerFactionId[48;2;0;0;0m[38;2;242;240;236m;[48;2;0;0;0m[38;2;242;240;236m
         626  [48;2;0;0;0m[38;2;242;240;236m        [48;2;0;0;0m[38;2;204;153;204mpublic[48;2;0;0;0m[38;2;242;240;236m [48;2;0;0;0m[38;2;204;153;204mstring[48;2;0;0;0m[38;2;242;240;236m [48;2;0;0;0m[38;2;242;119;122mTargetFactionId[48;2;0;0;0m[38;2;242;240;236m;[48;2;0;0;0m[38;2;242;240;236m
              [hid 13 additional lines]
        also found at Assets/_Game/Core/FactionRaidPlanSystem.cs

    Found 19 lines of similar code in 2 locations (mass = 97)

         648  [48;2;0;0;0m[38;2;211;208;200m    [48;2;0;0;0m[38;2;211;208;200m[[48;2;0;0;0m[38;2;242;119;122mSerializable[48;2;0;0;0m[38;2;211;208;200m][48;2;0;0;0m[38;2;211;208;200m
         649  [48;2;0;0;0m[38;2;211;208;200m    [48;2;0;0;0m[38;2;204;153;204mpublic[48;2;0;0;0m[38;2;211;208;200m [48;2;0;0;0m[38;2;204;153;204mclass[48;2;0;0;0m[38;2;242;240;236m [48;2;0;0;0m[38;2;255;204;102mFactionRaidPlanSaveEntry[48;2;0;0;0m[38;2;242;240;236m
         650  [48;2;0;0;0m[38;2;242;240;236m    [48;2;0;0;0m[38;2;242;240;236m{[48;2;0;0;0m[38;2;242;240;236m
         651  [48;2;0;0;0m[38;2;242;240;236m        [48;2;0;0;0m[38;2;204;153;204mpublic[48;2;0;0;0m[38;2;242;240;236m [48;2;0;0;0m[38;2;204;153;204mstring[48;2;0;0;0m[38;2;242;240;236m [48;2;0;0;0m[38;2;242;119;122mId[48;2;0;0;0m[38;2;242;240;236m;[48;2;0;0;0m[38;2;242;240;236m
         652  [48;2;0;0;0m[38;2;242;240;236m        [48;2;0;0;0m[38;2;204;153;204mpublic[48;2;0;0;0m[38;2;242;240;236m [48;2;0;0;0m[38;2;204;153;204mstring[48;2;0;0;0m[38;2;242;240;236m [48;2;0;0;0m[38;2;242;119;122mAttackerFactionId[48;2;0;0;0m[38;2;242;240;236m;[48;2;0;0;0m[38;2;242;240;236m
         653  [48;2;0;0;0m[38;2;242;240;236m        [48;2;0;0;0m[38;2;204;153;204mpublic[48;2;0;0;0m[38;2;242;240;236m [48;2;0;0;0m[38;2;204;153;204mstring[48;2;0;0;0m[38;2;242;240;236m [48;2;0;0;0m[38;2;242;119;122mTargetFactionId[48;2;0;0;0m[38;2;242;240;236m;[48;2;0;0;0m[38;2;242;240;236m
              [hid 13 additional lines]
        also found at Assets/_Game/Core/FactionRaidPlanSystem.cs


Assets/_Game/Core/FlashpointEvents.cs
    Found 15 lines of similar code in 2 locations (mass = 66)

          20  [48;2;0;0;0m[38;2;211;208;200m    [48;2;0;0;0m[38;2;204;153;204mpublic[48;2;0;0;0m[38;2;211;208;200m [48;2;0;0;0m[38;2;211;208;200mreadonly[48;2;0;0;0m[38;2;211;208;200m [48;2;0;0;0m[38;2;242;119;122mstruct[48;2;0;0;0m[38;2;211;208;200m [48;2;0;0;0m[38;2;242;119;122mFlashpointBuildupDayEntered[48;2;0;0;0m[38;2;211;208;200m
          21  [48;2;0;0;0m[38;2;211;208;200m    [48;2;0;0;0m[38;2;211;208;200m{[48;2;0;0;0m[38;2;211;208;200m
          22  [48;2;0;0;0m[38;2;211;208;200m        [48;2;0;0;0m[38;2;204;153;204mpublic[48;2;0;0;0m[38;2;211;208;200m [48;2;0;0;0m[38;2;211;208;200mreadonly[48;2;0;0;0m[38;2;211;208;200m [48;2;0;0;0m[38;2;242;119;122mint[48;2;0;0;0m[38;2;211;208;200m [48;2;0;0;0m[38;2;242;119;122mDay[48;2;0;0;0m[38;2;211;208;200m;[48;2;0;0;0m[38;2;211;208;200m
          23  [48;2;0;0;0m[38;2;211;208;200m        [48;2;0;0;0m[38;2;204;153;204mpublic[48;2;0;0;0m[38;2;211;208;200m [48;2;0;0;0m[38;2;211;208;200mreadonly[48;2;0;0;0m[38;2;211;208;200m [48;2;0;0;0m[38;2;242;119;122mstring[48;2;0;0;0m[38;2;211;208;200m [48;2;0;0;0m[38;2;242;119;122mAudioCueId[48;2;0;0;0m[38;2;211;208;200m;[48;2;0;0;0m[38;2;211;208;200m
          24  [48;2;0;0;0m[38;2;211;208;200m        [48;2;0;0;0m[38;2;204;153;204mpublic[48;2;0;0;0m[38;2;211;208;200m [48;2;0;0;0m[38;2;211;208;200mreadonly[48;2;0;0;0m[38;2;211;208;200m [48;2;0;0;0m[38;2;242;119;122mstring[48;2;0;0;0m[38;2;211;208;200m [48;2;0;0;0m[38;2;242;119;122mEconomyModifierId[48;2;0;0;0m[38;2;211;208;200m;[48;2;0;0;0m[38;2;211;208;200m
          25  [48;2;0;0;0m[38;2;211;208;200m        [48;2;0;0;0m[38;2;204;153;204mpublic[48;2;0;0;0m[38;2;211;208;200m [48;2;0;0;0m[38;2;211;208;200mreadonly[48;2;0;0;0m[38;2;211;208;200m [48;2;0;0;0m[38;2;242;119;122mstring[48;2;0;0;0m[38;2;211;208;200m [48;2;0;0;0m[38;2;242;119;122mWorldFlagKey[48;2;0;0;0m[38;2;211;208;200m;[48;2;0;0;0m[38;2;211;208;200m
              [hid 9 additional lines]
        also found at Assets/_Game/Core/FlashpointEvents.cs

    Found 15 lines of similar code in 2 locations (mass = 66)

          67  [48;2;0;0;0m[38;2;211;208;200m    [48;2;0;0;0m[38;2;204;153;204mpublic[48;2;0;0;0m[38;2;211;208;200m [48;2;0;0;0m[38;2;211;208;200mreadonly[48;2;0;0;0m[38;2;211;208;200m [48;2;0;0;0m[38;2;242;119;122mstruct[48;2;0;0;0m[38;2;211;208;200m [48;2;0;0;0m[38;2;242;119;122mFlashpointEmptiedDevices[48;2;0;0;0m[38;2;211;208;200m
          68  [48;2;0;0;0m[38;2;211;208;200m    [48;2;0;0;0m[38;2;211;208;200m{[48;2;0;0;0m[38;2;211;208;200m
          69  [48;2;0;0;0m[38;2;211;208;200m        [48;2;0;0;0m[38;2;204;153;204mpublic[48;2;0;0;0m[38;2;211;208;200m [48;2;0;0;0m[38;2;211;208;200mreadonly[48;2;0;0;0m[38;2;211;208;200m [48;2;0;0;0m[38;2;242;119;122mint[48;2;0;0;0m[38;2;211;208;200m [48;2;0;0;0m[38;2;242;119;122mDevicesBroken[48;2;0;0;0m[38;2;211;208;200m;[48;2;0;0;0m[38;2;211;208;200m
          70  [48;2;0;0;0m[38;2;211;208;200m        [48;2;0;0;0m[38;2;204;153;204mpublic[48;2;0;0;0m[38;2;211;208;200m [48;2;0;0;0m[38;2;211;208;200mreadonly[48;2;0;0;0m[38;2;211;208;200m [48;2;0;0;0m[38;2;242;119;122mint[48;2;0;0;0m[38;2;211;208;200m [48;2;0;0;0m[38;2;242;119;122mModulesDisabled[48;2;0;0;0m[38;2;211;208;200m;[48;2;0;0;0m[38;2;211;208;200m
          71  [48;2;0;0;0m[38;2;211;208;200m        [48;2;0;0;0m[38;2;204;153;204mpublic[48;2;0;0;0m[38;2;211;208;200m [48;2;0;0;0m[38;2;211;208;200mreadonly[48;2;0;0;0m[38;2;211;208;200m [48;2;0;0;0m[38;2;242;119;122mbool[48;2;0;0;0m[38;2;211;208;200m [48;2;0;0;0m[38;2;242;119;122mRadioDestroyed[48;2;0;0;0m[38;2;211;208;200m;[48;2;0;0;0m[38;2;211;208;200m
          72  [48;2;0;0;0m[38;2;211;208;200m        [48;2;0;0;0m[38;2;204;153;204mpublic[48;2;0;0;0m[38;2;211;208;200m [48;2;0;0;0m[38;2;211;208;200mreadonly[48;2;0;0;0m[38;2;211;208;200m [48;2;0;0;0m[38;2;242;119;122mfloat[48;2;0;0;0m[38;2;211;208;200m [48;2;0;0;0m[38;2;242;119;122mMoraleHitApplied[48;2;0;0;0m[38;2;211;208;200m;[48;2;0;0;0m[38;2;211;208;200m
              [hid 9 additional lines]
        also found at Assets/_Game/Core/FlashpointEvents.cs


Assets/_Game/Core/GameBootstrap.Diagnostics.cs
    Function with many returns (count = 6): IsPropertyRegisteredInRegistry

          57  [48;2;0;0;0m[38;2;242;240;236m        [48;2;0;0;0m[38;2;204;153;204mprivate[48;2;0;0;0m[38;2;242;240;236m [48;2;0;0;0m[38;2;204;153;204mbool[48;2;0;0;0m[38;2;242;240;236m [48;2;0;0;0m[38;2;102;153;204mIsPropertyRegisteredInRegistry[48;2;0;0;0m[38;2;242;240;236m([48;2;0;0;0m[38;2;204;153;204mstring[48;2;0;0;0m[38;2;242;240;236m [48;2;0;0;0m[38;2;242;119;122mpropertyName[48;2;0;0;0m[38;2;242;240;236m)[48;2;0;0;0m[38;2;242;240;236m
          58  [48;2;0;0;0m[38;2;242;240;236m        [48;2;0;0;0m[38;2;242;240;236m{[48;2;0;0;0m[38;2;242;240;236m
          59  [48;2;0;0;0m[38;2;242;240;236m            [48;2;0;0;0m[38;2;204;153;204mif[48;2;0;0;0m[38;2;242;240;236m [48;2;0;0;0m[38;2;242;240;236m([48;2;0;0;0m[38;2;204;153;204mstring[48;2;0;0;0m[38;2;242;240;236m.[48;2;0;0;0m[38;2;102;153;204mIsNullOrEmpty[48;2;0;0;0m[38;2;242;240;236m([48;2;0;0;0m[38;2;242;119;122mpropertyName[48;2;0;0;0m[38;2;242;240;236m)[48;2;0;0;0m[38;2;242;240;236m [48;2;0;0;0m[38;2;211;208;200m||[48;2;0;0;0m[38;2;242;240;236m [48;2;0;0;0m[38;2;242;119;122mRegistry[48;2;0;0;0m[38;2;242;240;236m [48;2;0;0;0m[38;2;211;208;200m==[48;2;0;0;0m[38;2;242;240;236m [48;2;0;0;0m[38;2;249;145;87mnull[48;2;0;0;0m[38;2;242;240;236m)[48;2;0;0;0m[38;2;242;240;236m [48;2;0;0;0m[38;2;204;153;204mreturn[48;2;0;0;0m[38;2;242;240;236m [48;2;0;0;0m[38;2;249;145;87mfalse[48;2;0;0;0m[38;2;242;240;236m;[48;2;0;0;0m[38;2;242;240;236m
          60  [48;2;0;0;0m[38;2;242;240;236m            [48;2;0;0;0m[38;2;204;153;204mif[48;2;0;0;0m[38;2;242;240;236m [48;2;0;0;0m[38;2;242;240;236m([48;2;0;0;0m[38;2;242;119;122mRegistry[48;2;0;0;0m[38;2;242;240;236m.[48;2;0;0;0m[38;2;102;153;204mIsSystemTicked[48;2;0;0;0m[38;2;242;240;236m([48;2;0;0;0m[38;2;242;119;122mpropertyName[48;2;0;0;0m[38;2;242;240;236m)[48;2;0;0;0m[38;2;242;240;236m)[48;2;0;0;0m[38;2;242;240;236m [48;2;0;0;0m[38;2;204;153;204mreturn[48;2;0;0;0m[38;2;242;240;236m [48;2;0;0;0m[38;2;249;145;87mtrue[48;2;0;0;0m[38;2;242;240;236m;[48;2;0;0;0m[38;2;242;240;236m
          61  [48;2;0;0;0m[38;2;242;240;236m
          62  [48;2;0;0;0m[38;2;242;240;236m            [48;2;0;0;0m[38;2;204;153;204mstring[48;2;0;0;0m[38;2;242;240;236m [48;2;0;0;0m[38;2;242;119;122msnake[48;2;0;0;0m[38;2;242;240;236m [48;2;0;0;0m[38;2;211;208;200m=[48;2;0;0;0m[38;2;242;240;236m [48;2;0;0;0m[38;2;242;119;122mSystem[48;2;0;0;0m[38;2;242;240;236m.[48;2;0;0;0m[38;2;242;119;122mText[48;2;0;0;0m[38;2;242;240;236m.[48;2;0;0;0m[38;2;242;119;122mRegularExpressions[48;2;0;0;0m[38;2;242;240;236m.[48;2;0;0;0m[38;2;242;119;122mRegex[48;2;0;0;0m[38;2;242;240;236m.[48;2;0;0;0m[38;2;102;153;204mReplace[48;2;0;0;0m[38;2;242;240;236m([48;2;0;0;0m[38;2;242;240;236m
              [hid 19 additional lines]

    Function with many returns (count = 46): TryGetRegistryAliases

          87  [48;2;0;0;0m[38;2;242;240;236m        [48;2;0;0;0m[38;2;204;153;204mprivate[48;2;0;0;0m[38;2;242;240;236m [48;2;0;0;0m[38;2;204;153;204mstatic[48;2;0;0;0m[38;2;242;240;236m [48;2;0;0;0m[38;2;204;153;204mbool[48;2;0;0;0m[38;2;242;240;236m [48;2;0;0;0m[38;2;102;153;204mTryGetRegistryAliases[48;2;0;0;0m[38;2;242;240;236m([48;2;0;0;0m[38;2;204;153;204mstring[48;2;0;0;0m[38;2;242;240;236m [48;2;0;0;0m[38;2;242;119;122mpropertyName[48;2;0;0;0m[38;2;242;240;236m,[48;2;0;0;0m[38;2;242;240;236m [48;2;0;0;0m[38;2;204;153;204mout[48;2;0;0;0m[38;2;242;240;236m [48;2;0;0;0m[38;2;204;153;204mstring[48;2;0;0;0m[38;2;242;240;236m[[48;2;0;0;0m[38;2;242;240;236m][48;2;0;0;0m[38;2;242;240;236m [48;2;0;0;0m[38;2;242;119;122maliases[48;2;0;0;0m[38;2;242;240;236m)[48;2;0;0;0m[38;2;242;240;236m
          88  [48;2;0;0;0m[38;2;242;240;236m        [48;2;0;0;0m[38;2;242;240;236m{[48;2;0;0;0m[38;2;242;240;236m
          89  [48;2;0;0;0m[38;2;242;240;236m            [48;2;0;0;0m[38;2;204;153;204mswitch[48;2;0;0;0m[38;2;242;240;236m [48;2;0;0;0m[38;2;242;240;236m([48;2;0;0;0m[38;2;242;119;122mpropertyName[48;2;0;0;0m[38;2;242;240;236m)[48;2;0;0;0m[38;2;242;240;236m
          90  [48;2;0;0;0m[38;2;242;240;236m            [48;2;0;0;0m[38;2;242;240;236m{[48;2;0;0;0m[38;2;242;240;236m
          91  [48;2;0;0;0m[38;2;242;240;236m                [48;2;0;0;0m[38;2;204;153;204mcase[48;2;0;0;0m[38;2;242;240;236m [48;2;0;0;0m[38;2;211;208;200m"[48;2;0;0;0m[38;2;153;204;153mExpeditionSystem[48;2;0;0;0m[38;2;211;208;200m"[48;2;0;0;0m[38;2;242;240;236m:[48;2;0;0;0m[38;2;242;240;236m
          92  [48;2;0;0;0m[38;2;242;240;236m                    [48;2;0;0;0m[38;2;242;119;122maliases[48;2;0;0;0m[38;2;242;240;236m [48;2;0;0;0m[38;2;211;208;200m=[48;2;0;0;0m[38;2;242;240;236m [48;2;0;0;0m[38;2;211;208;200mnew[48;2;0;0;0m[38;2;242;240;236m[[48;2;0;0;0m[38;2;242;240;236m][48;2;0;0;0m[38;2;242;240;236m [48;2;0;0;0m[38;2;242;240;236m{[48;2;0;0;0m[38;2;242;240;236m [48;2;0;0;0m[38;2;211;208;200m"[48;2;0;0;0m[38;2;153;204;153mexpeditions[48;2;0;0;0m[38;2;211;208;200m"[48;2;0;0;0m[38;2;242;240;236m [48;2;0;0;0m[38;2;242;240;236m}[48;2;0;0;0m[38;2;242;240;236m;[48;2;0;0;0m[38;2;242;240;236m [48;2;0;0;0m[38;2;204;153;204mreturn[48;2;0;0;0m[38;2;242;240;236m [48;2;0;0;0m[38;2;249;145;87mtrue[48;2;0;0;0m[38;2;242;240;236m;[48;2;0;0;0m[38;2;242;240;236m
              [hid 92 additional lines]


Assets/_Game/Core/GameBootstrap.InitLate.cs
    Function with many returns (count = 8): InitSaveAndExpeditions

          62  [48;2;0;0;0m[38;2;242;240;236m        [48;2;0;0;0m[38;2;204;153;204mprivate[48;2;0;0;0m[38;2;242;240;236m [48;2;0;0;0m[38;2;204;153;204mvoid[48;2;0;0;0m[38;2;242;240;236m [48;2;0;0;0m[38;2;102;153;204mInitSaveAndExpeditions[48;2;0;0;0m[38;2;242;240;236m([48;2;0;0;0m[38;2;242;240;236m)[48;2;0;0;0m[38;2;242;240;236m
          63  [48;2;0;0;0m[38;2;242;240;236m        [48;2;0;0;0m[38;2;242;240;236m{[48;2;0;0;0m[38;2;242;240;236m
          64  [48;2;0;0;0m[38;2;242;240;236m            [48;2;0;0;0m[38;2;116;115;105m//[48;2;0;0;0m[38;2;116;115;105m Save
          65  [48;2;0;0;0m[38;2;242;240;236m            [48;2;0;0;0m[38;2;242;119;122mSaveSystem[48;2;0;0;0m[38;2;242;240;236m [48;2;0;0;0m[38;2;211;208;200m=[48;2;0;0;0m[38;2;242;240;236m [48;2;0;0;0m[38;2;211;208;200mnew[48;2;0;0;0m[38;2;242;240;236m [48;2;0;0;0m[38;2;242;240;236mSaveSystem[48;2;0;0;0m[38;2;242;240;236m([48;2;0;0;0m[38;2;211;208;200mnew[48;2;0;0;0m[38;2;242;240;236m [48;2;0;0;0m[38;2;242;240;236mSaveSystem[48;2;0;0;0m[38;2;242;240;236m.[48;2;0;0;0m[38;2;242;240;236mCoreDeps[48;2;0;0;0m[38;2;242;240;236m
          66  [48;2;0;0;0m[38;2;242;240;236m            [48;2;0;0;0m[38;2;242;240;236m{[48;2;0;0;0m[38;2;242;240;236m
          67  [48;2;0;0;0m[38;2;242;240;236m                [48;2;0;0;0m[38;2;242;119;122mGameState[48;2;0;0;0m[38;2;242;240;236m [48;2;0;0;0m[38;2;211;208;200m=[48;2;0;0;0m[38;2;242;240;236m [48;2;0;0;0m[38;2;242;119;122mGameState[48;2;0;0;0m[38;2;242;240;236m,[48;2;0;0;0m[38;2;242;240;236m
              [hid 277 additional lines]

    High total complexity (count = 105)

           1  [48;2;0;0;0m[38;2;204;153;204musing[48;2;0;0;0m[38;2;211;208;200m [48;2;0;0;0m[38;2;211;208;200mSystem[48;2;0;0;0m[38;2;211;208;200m;[48;2;0;0;0m[38;2;211;208;200m
           2  [48;2;0;0;0m[38;2;204;153;204musing[48;2;0;0;0m[38;2;211;208;200m [48;2;0;0;0m[38;2;211;208;200mSystem[48;2;0;0;0m[38;2;211;208;200m.[48;2;0;0;0m[38;2;211;208;200mCollections[48;2;0;0;0m[38;2;211;208;200m.[48;2;0;0;0m[38;2;211;208;200mGeneric[48;2;0;0;0m[38;2;211;208;200m;[48;2;0;0;0m[38;2;211;208;200m
           3  [48;2;0;0;0m[38;2;204;153;204musing[48;2;0;0;0m[38;2;211;208;200m [48;2;0;0;0m[38;2;211;208;200mUnityEngine[48;2;0;0;0m[38;2;211;208;200m;[48;2;0;0;0m[38;2;211;208;200m
           4  [48;2;0;0;0m[38;2;204;153;204musing[48;2;0;0;0m[38;2;211;208;200m [48;2;0;0;0m[38;2;211;208;200mAtomicWar[48;2;0;0;0m[38;2;211;208;200m.[48;2;0;0;0m[38;2;211;208;200m_Game[48;2;0;0;0m[38;2;211;208;200m.[48;2;0;0;0m[38;2;211;208;200mAI[48;2;0;0;0m[38;2;211;208;200m;[48;2;0;0;0m[38;2;211;208;200m
           5  [48;2;0;0;0m[38;2;204;153;204musing[48;2;0;0;0m[38;2;211;208;200m [48;2;0;0;0m[38;2;211;208;200mAtomicWar[48;2;0;0;0m[38;2;211;208;200m.[48;2;0;0;0m[38;2;211;208;200m_Game[48;2;0;0;0m[38;2;211;208;200m.[48;2;0;0;0m[38;2;211;208;200mAI[48;2;0;0;0m[38;2;211;208;200m.[48;2;0;0;0m[38;2;211;208;200mActions[48;2;0;0;0m[38;2;211;208;200m;[48;2;0;0;0m[38;2;211;208;200m
           6  [48;2;0;0;0m[38;2;204;153;204musing[48;2;0;0;0m[38;2;211;208;200m [48;2;0;0;0m[38;2;211;208;200mAtomicWar[48;2;0;0;0m[38;2;211;208;200m.[48;2;0;0;0m[38;2;211;208;200m_Game[48;2;0;0;0m[38;2;211;208;200m.[48;2;0;0;0m[38;2;211;208;200mCrafting[48;2;0;0;0m[38;2;211;208;200m;[48;2;0;0;0m[38;2;211;208;200m
              [hid 623 additional lines]

    Function with high complexity (count = 31): InitSaveAndExpeditions

          62  [48;2;0;0;0m[38;2;242;240;236m        [48;2;0;0;0m[38;2;204;153;204mprivate[48;2;0;0;0m[38;2;242;240;236m [48;2;0;0;0m[38;2;204;153;204mvoid[48;2;0;0;0m[38;2;242;240;236m [48;2;0;0;0m[38;2;102;153;204mInitSaveAndExpeditions[48;2;0;0;0m[38;2;242;240;236m([48;2;0;0;0m[38;2;242;240;236m)[48;2;0;0;0m[38;2;242;240;236m
          63  [48;2;0;0;0m[38;2;242;240;236m        [48;2;0;0;0m[38;2;242;240;236m{[48;2;0;0;0m[38;2;242;240;236m
          64  [48;2;0;0;0m[38;2;242;240;236m            [48;2;0;0;0m[38;2;116;115;105m//[48;2;0;0;0m[38;2;116;115;105m Save
          65  [48;2;0;0;0m[38;2;242;240;236m            [48;2;0;0;0m[38;2;242;119;122mSaveSystem[48;2;0;0;0m[38;2;242;240;236m [48;2;0;0;0m[38;2;211;208;200m=[48;2;0;0;0m[38;2;242;240;236m [48;2;0;0;0m[38;2;211;208;200mnew[48;2;0;0;0m[38;2;242;240;236m [48;2;0;0;0m[38;2;242;240;236mSaveSystem[48;2;0;0;0m[38;2;242;240;236m([48;2;0;0;0m[38;2;211;208;200mnew[48;2;0;0;0m[38;2;242;240;236m [48;2;0;0;0m[38;2;242;240;236mSaveSystem[48;2;0;0;0m[38;2;242;240;236m.[48;2;0;0;0m[38;2;242;240;236mCoreDeps[48;2;0;0;0m[38;2;242;240;236m
          66  [48;2;0;0;0m[38;2;242;240;236m            [48;2;0;0;0m[38;2;242;240;236m{[48;2;0;0;0m[38;2;242;240;236m
          67  [48;2;0;0;0m[38;2;242;240;236m                [48;2;0;0;0m[38;2;242;119;122mGameState[48;2;0;0;0m[38;2;242;240;236m [48;2;0;0;0m[38;2;211;208;200m=[48;2;0;0;0m[38;2;242;240;236m [48;2;0;0;0m[38;2;242;119;122mGameState[48;2;0;0;0m[38;2;242;240;236m,[48;2;0;0;0m[38;2;242;240;236m
              [hid 277 additional lines]


Assets/_Game/Core/GameBootstrap.Registry.cs
    High total complexity (count = 84)

           1  [48;2;0;0;0m[38;2;204;153;204musing[48;2;0;0;0m[38;2;211;208;200m [48;2;0;0;0m[38;2;211;208;200mSystem[48;2;0;0;0m[38;2;211;208;200m;[48;2;0;0;0m[38;2;211;208;200m
           2  [48;2;0;0;0m[38;2;204;153;204musing[48;2;0;0;0m[38;2;211;208;200m [48;2;0;0;0m[38;2;211;208;200mSystem[48;2;0;0;0m[38;2;211;208;200m.[48;2;0;0;0m[38;2;211;208;200mCollections[48;2;0;0;0m[38;2;211;208;200m.[48;2;0;0;0m[38;2;211;208;200mGeneric[48;2;0;0;0m[38;2;211;208;200m;[48;2;0;0;0m[38;2;211;208;200m
           3  [48;2;0;0;0m[38;2;204;153;204musing[48;2;0;0;0m[38;2;211;208;200m [48;2;0;0;0m[38;2;211;208;200mUnityEngine[48;2;0;0;0m[38;2;211;208;200m;[48;2;0;0;0m[38;2;211;208;200m
           4  [48;2;0;0;0m[38;2;204;153;204musing[48;2;0;0;0m[38;2;211;208;200m [48;2;0;0;0m[38;2;211;208;200mAtomicWar[48;2;0;0;0m[38;2;211;208;200m.[48;2;0;0;0m[38;2;211;208;200m_Game[48;2;0;0;0m[38;2;211;208;200m.[48;2;0;0;0m[38;2;211;208;200mAI[48;2;0;0;0m[38;2;211;208;200m;[48;2;0;0;0m[38;2;211;208;200m
           5  [48;2;0;0;0m[38;2;204;153;204musing[48;2;0;0;0m[38;2;211;208;200m [48;2;0;0;0m[38;2;211;208;200mAtomicWar[48;2;0;0;0m[38;2;211;208;200m.[48;2;0;0;0m[38;2;211;208;200m_Game[48;2;0;0;0m[38;2;211;208;200m.[48;2;0;0;0m[38;2;211;208;200mAI[48;2;0;0;0m[38;2;211;208;200m.[48;2;0;0;0m[38;2;211;208;200mActions[48;2;0;0;0m[38;2;211;208;200m;[48;2;0;0;0m[38;2;211;208;200m
           6  [48;2;0;0;0m[38;2;204;153;204musing[48;2;0;0;0m[38;2;211;208;200m [48;2;0;0;0m[38;2;211;208;200mAtomicWar[48;2;0;0;0m[38;2;211;208;200m.[48;2;0;0;0m[38;2;211;208;200m_Game[48;2;0;0;0m[38;2;211;208;200m.[48;2;0;0;0m[38;2;211;208;200mCrafting[48;2;0;0;0m[38;2;211;208;200m;[48;2;0;0;0m[38;2;211;208;200m
              [hid 345 additional lines]

    Function with high complexity (count = 41): RegisterNeedsPsycheSubsteps

         131  [48;2;0;0;0m[38;2;242;240;236m        [48;2;0;0;0m[38;2;204;153;204mprivate[48;2;0;0;0m[38;2;242;240;236m [48;2;0;0;0m[38;2;204;153;204mvoid[48;2;0;0;0m[38;2;242;240;236m [48;2;0;0;0m[38;2;102;153;204mRegisterNeedsPsycheSubsteps[48;2;0;0;0m[38;2;242;240;236m([48;2;0;0;0m[38;2;242;240;236m)[48;2;0;0;0m[38;2;242;240;236m
         132  [48;2;0;0;0m[38;2;242;240;236m        [48;2;0;0;0m[38;2;242;240;236m{[48;2;0;0;0m[38;2;242;240;236m
         133  [48;2;0;0;0m[38;2;242;240;236m            [48;2;0;0;0m[38;2;242;119;122m_registry[48;2;0;0;0m[38;2;242;240;236m.[48;2;0;0;0m[38;2;102;153;204mRegisterPerSubstep[48;2;0;0;0m[38;2;242;240;236m([48;2;0;0;0m[38;2;211;208;200m"[48;2;0;0;0m[38;2;153;204;153mneeds[48;2;0;0;0m[38;2;211;208;200m"[48;2;0;0;0m[38;2;242;240;236m,[48;2;0;0;0m[38;2;242;240;236m [48;2;0;0;0m[38;2;242;119;122mh[48;2;0;0;0m[38;2;242;240;236m [48;2;0;0;0m[38;2;211;208;200m=[48;2;0;0;0m[38;2;211;208;200m>[48;2;0;0;0m[38;2;242;240;236m [48;2;0;0;0m[38;2;242;119;122mNeedsSystem[48;2;0;0;0m[38;2;242;240;236m?.[48;2;0;0;0m[38;2;102;153;204mTick[48;2;0;0;0m[38;2;242;240;236m([48;2;0;0;0m[38;2;242;119;122mh[48;2;0;0;0m[38;2;242;240;236m)[48;2;0;0;0m[38;2;242;240;236m)[48;2;0;0;0m[38;2;242;240;236m;[48;2;0;0;0m[38;2;242;240;236m
         134  [48;2;0;0;0m[38;2;242;240;236m            [48;2;0;0;0m[38;2;242;119;122m_registry[48;2;0;0;0m[38;2;242;240;236m.[48;2;0;0;0m[38;2;102;153;204mRegisterPerSubstep[48;2;0;0;0m[38;2;242;240;236m([48;2;0;0;0m[38;2;211;208;200m"[48;2;0;0;0m[38;2;153;204;153mmedical[48;2;0;0;0m[38;2;211;208;200m"[48;2;0;0;0m[38;2;242;240;236m,[48;2;0;0;0m[38;2;242;240;236m [48;2;0;0;0m[38;2;242;119;122mh[48;2;0;0;0m[38;2;242;240;236m [48;2;0;0;0m[38;2;211;208;200m=[48;2;0;0;0m[38;2;211;208;200m>[48;2;0;0;0m[38;2;242;240;236m [48;2;0;0;0m[38;2;242;119;122mMedicalSystem[48;2;0;0;0m[38;2;242;240;236m?.[48;2;0;0;0m[38;2;102;153;204mTick[48;2;0;0;0m[38;2;242;240;236m([48;2;0;0;0m[38;2;242;119;122mSurvivors[48;2;0;0;0m[38;2;242;240;236m,[48;2;0;0;0m[38;2;242;240;236m [48;2;0;0;0m[38;2;242;119;122mh[48;2;0;0;0m[38;2;242;240;236m)[48;2;0;0;0m[38;2;242;240;236m)[48;2;0;0;0m[38;2;242;240;236m;[48;2;0;0;0m[38;2;242;240;236m
         135  [48;2;0;0;0m[38;2;242;240;236m            [48;2;0;0;0m[38;2;242;119;122m_registry[48;2;0;0;0m[38;2;242;240;236m.[48;2;0;0;0m[38;2;102;153;204mRegisterPerSubstep[48;2;0;0;0m[38;2;242;240;236m([48;2;0;0;0m[38;2;211;208;200m"[48;2;0;0;0m[38;2;153;204;153mmental_break[48;2;0;0;0m[38;2;211;208;200m"[48;2;0;0;0m[38;2;242;240;236m,[48;2;0;0;0m[38;2;242;240;236m [48;2;0;0;0m[38;2;242;119;122mh[48;2;0;0;0m[38;2;242;240;236m [48;2;0;0;0m[38;2;211;208;200m=[48;2;0;0;0m[38;2;211;208;200m>[48;2;0;0;0m[38;2;242;240;236m
         136  [48;2;0;0;0m[38;2;242;240;236m            [48;2;0;0;0m[38;2;242;240;236m{[48;2;0;0;0m[38;2;242;240;236m
              [hid 57 additional lines]


Assets/_Game/Core/GameBootstrap.TickSystems.Ai.cs
    High total complexity (count = 59)

           1  [48;2;0;0;0m[38;2;204;153;204musing[48;2;0;0;0m[38;2;211;208;200m [48;2;0;0;0m[38;2;211;208;200mSystem[48;2;0;0;0m[38;2;211;208;200m;[48;2;0;0;0m[38;2;211;208;200m
           2  [48;2;0;0;0m[38;2;204;153;204musing[48;2;0;0;0m[38;2;211;208;200m [48;2;0;0;0m[38;2;211;208;200mSystem[48;2;0;0;0m[38;2;211;208;200m.[48;2;0;0;0m[38;2;211;208;200mCollections[48;2;0;0;0m[38;2;211;208;200m.[48;2;0;0;0m[38;2;211;208;200mGeneric[48;2;0;0;0m[38;2;211;208;200m;[48;2;0;0;0m[38;2;211;208;200m
           3  [48;2;0;0;0m[38;2;204;153;204musing[48;2;0;0;0m[38;2;211;208;200m [48;2;0;0;0m[38;2;211;208;200mUnityEngine[48;2;0;0;0m[38;2;211;208;200m;[48;2;0;0;0m[38;2;211;208;200m
           4  [48;2;0;0;0m[38;2;204;153;204musing[48;2;0;0;0m[38;2;211;208;200m [48;2;0;0;0m[38;2;211;208;200mAtomicWar[48;2;0;0;0m[38;2;211;208;200m.[48;2;0;0;0m[38;2;211;208;200m_Game[48;2;0;0;0m[38;2;211;208;200m.[48;2;0;0;0m[38;2;211;208;200mAI[48;2;0;0;0m[38;2;211;208;200m;[48;2;0;0;0m[38;2;211;208;200m
           5  [48;2;0;0;0m[38;2;204;153;204musing[48;2;0;0;0m[38;2;211;208;200m [48;2;0;0;0m[38;2;211;208;200mAtomicWar[48;2;0;0;0m[38;2;211;208;200m.[48;2;0;0;0m[38;2;211;208;200m_Game[48;2;0;0;0m[38;2;211;208;200m.[48;2;0;0;0m[38;2;211;208;200mAI[48;2;0;0;0m[38;2;211;208;200m.[48;2;0;0;0m[38;2;211;208;200mActions[48;2;0;0;0m[38;2;211;208;200m;[48;2;0;0;0m[38;2;211;208;200m
           6  [48;2;0;0;0m[38;2;204;153;204musing[48;2;0;0;0m[38;2;211;208;200m [48;2;0;0;0m[38;2;211;208;200mAtomicWar[48;2;0;0;0m[38;2;211;208;200m.[48;2;0;0;0m[38;2;211;208;200m_Game[48;2;0;0;0m[38;2;211;208;200m.[48;2;0;0;0m[38;2;211;208;200mCrafting[48;2;0;0;0m[38;2;211;208;200m;[48;2;0;0;0m[38;2;211;208;200m
              [hid 349 additional lines]

    Function with high complexity (count = 19): TickAiWave

          27  [48;2;0;0;0m[38;2;242;240;236m        [48;2;0;0;0m[38;2;204;153;204mprivate[48;2;0;0;0m[38;2;242;240;236m [48;2;0;0;0m[38;2;204;153;204mvoid[48;2;0;0;0m[38;2;242;240;236m [48;2;0;0;0m[38;2;102;153;204mTickAiWave[48;2;0;0;0m[38;2;242;240;236m([48;2;0;0;0m[38;2;204;153;204mfloat[48;2;0;0;0m[38;2;242;240;236m [48;2;0;0;0m[38;2;242;119;122mgameHours[48;2;0;0;0m[38;2;242;240;236m)[48;2;0;0;0m[38;2;242;240;236m
          28  [48;2;0;0;0m[38;2;242;240;236m        [48;2;0;0;0m[38;2;242;240;236m{[48;2;0;0;0m[38;2;242;240;236m
          29  [48;2;0;0;0m[38;2;242;240;236m            [48;2;0;0;0m[38;2;116;115;105m//[48;2;0;0;0m[38;2;116;115;105m AI (evaluate per survivor, every EvaluationInterval)
          30  [48;2;0;0;0m[38;2;242;240;236m            [48;2;0;0;0m[38;2;242;119;122mUtilityAI[48;2;0;0;0m[38;2;242;240;236m.[48;2;0;0;0m[38;2;102;153;204mTick[48;2;0;0;0m[38;2;242;240;236m([48;2;0;0;0m[38;2;242;119;122mgameHours[48;2;0;0;0m[38;2;242;240;236m [48;2;0;0;0m[38;2;211;208;200m*[48;2;0;0;0m[38;2;242;240;236m [48;2;0;0;0m[38;2;242;119;122mTimeSystem[48;2;0;0;0m[38;2;242;240;236m.[48;2;0;0;0m[38;2;242;119;122mSecondsPerGameHour[48;2;0;0;0m[38;2;242;240;236m)[48;2;0;0;0m[38;2;242;240;236m;[48;2;0;0;0m[38;2;242;240;236m
          31  [48;2;0;0;0m[38;2;242;240;236m            [48;2;0;0;0m[38;2;204;153;204mif[48;2;0;0;0m[38;2;242;240;236m [48;2;0;0;0m[38;2;242;240;236m([48;2;0;0;0m[38;2;211;208;200m![48;2;0;0;0m[38;2;242;119;122mUtilityAI[48;2;0;0;0m[38;2;242;240;236m.[48;2;0;0;0m[38;2;102;153;204mShouldEvaluate[48;2;0;0;0m[38;2;242;240;236m([48;2;0;0;0m[38;2;242;240;236m)[48;2;0;0;0m[38;2;242;240;236m)[48;2;0;0;0m[38;2;242;240;236m [48;2;0;0;0m[38;2;204;153;204mreturn[48;2;0;0;0m[38;2;242;240;236m;[48;2;0;0;0m[38;2;242;240;236m
          32  [48;2;0;0;0m[38;2;242;240;236m
              [hid 50 additional lines]


Assets/_Game/Core/GameBootstrap.UiActions.Create.cs
    Complex binary expression

         207  [48;2;0;0;0m[38;2;242;240;236m                [48;2;0;0;0m[38;2;204;153;204mif[48;2;0;0;0m[38;2;242;240;236m [48;2;0;0;0m[38;2;242;240;236m([48;2;0;0;0m[38;2;242;119;122mtypeName[48;2;0;0;0m[38;2;242;240;236m.[48;2;0;0;0m[38;2;102;153;204mContains[48;2;0;0;0m[38;2;242;240;236m([48;2;0;0;0m[38;2;211;208;200m"[48;2;0;0;0m[38;2;153;204;153mTreat[48;2;0;0;0m[38;2;211;208;200m"[48;2;0;0;0m[38;2;242;240;236m)[48;2;0;0;0m[38;2;242;240;236m [48;2;0;0;0m[38;2;211;208;200m||[48;2;0;0;0m[38;2;242;240;236m [48;2;0;0;0m[38;2;242;119;122mtypeName[48;2;0;0;0m[38;2;242;240;236m.[48;2;0;0;0m[38;2;102;153;204mContains[48;2;0;0;0m[38;2;242;240;236m([48;2;0;0;0m[38;2;211;208;200m"[48;2;0;0;0m[38;2;153;204;153mCaregive[48;2;0;0;0m[38;2;211;208;200m"[48;2;0;0;0m[38;2;242;240;236m)[48;2;0;0;0m[38;2;242;240;236m
         208  [48;2;0;0;0m[38;2;242;240;236m                    [48;2;0;0;0m[38;2;211;208;200m||[48;2;0;0;0m[38;2;242;240;236m [48;2;0;0;0m[38;2;242;119;122mtypeName[48;2;0;0;0m[38;2;242;240;236m.[48;2;0;0;0m[38;2;102;153;204mContains[48;2;0;0;0m[38;2;242;240;236m([48;2;0;0;0m[38;2;211;208;200m"[48;2;0;0;0m[38;2;153;204;153mChelation[48;2;0;0;0m[38;2;211;208;200m"[48;2;0;0;0m[38;2;242;240;236m)[48;2;0;0;0m[38;2;242;240;236m [48;2;0;0;0m[38;2;211;208;200m||[48;2;0;0;0m[38;2;242;240;236m [48;2;0;0;0m[38;2;242;119;122mtypeName[48;2;0;0;0m[38;2;242;240;236m.[48;2;0;0;0m[38;2;102;153;204mContains[48;2;0;0;0m[38;2;242;240;236m([48;2;0;0;0m[38;2;211;208;200m"[48;2;0;0;0m[38;2;153;204;153mBoil[48;2;0;0;0m[38;2;211;208;200m"[48;2;0;0;0m[38;2;242;240;236m)[48;2;0;0;0m[38;2;242;240;236m
         209  [48;2;0;0;0m[38;2;242;240;236m                    [48;2;0;0;0m[38;2;211;208;200m||[48;2;0;0;0m[38;2;242;240;236m [48;2;0;0;0m[38;2;242;119;122mtypeName[48;2;0;0;0m[38;2;242;240;236m.[48;2;0;0;0m[38;2;102;153;204mContains[48;2;0;0;0m[38;2;242;240;236m([48;2;0;0;0m[38;2;211;208;200m"[48;2;0;0;0m[38;2;153;204;153mMercy[48;2;0;0;0m[38;2;211;208;200m"[48;2;0;0;0m[38;2;242;240;236m)[48;2;0;0;0m[38;2;242;240;236m [48;2;0;0;0m[38;2;211;208;200m||[48;2;0;0;0m[38;2;242;240;236m [48;2;0;0;0m[38;2;242;119;122mtypeName[48;2;0;0;0m[38;2;242;240;236m.[48;2;0;0;0m[38;2;102;153;204mContains[48;2;0;0;0m[38;2;242;240;236m([48;2;0;0;0m[38;2;211;208;200m"[48;2;0;0;0m[38;2;153;204;153mIodine[48;2;0;0;0m[38;2;211;208;200m"[48;2;0;0;0m[38;2;242;240;236m)[48;2;0;0;0m[38;2;242;240;236m

    Complex binary expression

         215  [48;2;0;0;0m[38;2;242;240;236m                [48;2;0;0;0m[38;2;204;153;204melse if[48;2;0;0;0m[38;2;242;240;236m [48;2;0;0;0m[38;2;242;240;236m([48;2;0;0;0m[38;2;242;119;122mtypeName[48;2;0;0;0m[38;2;242;240;236m.[48;2;0;0;0m[38;2;102;153;204mContains[48;2;0;0;0m[38;2;242;240;236m([48;2;0;0;0m[38;2;211;208;200m"[48;2;0;0;0m[38;2;153;204;153mCraft[48;2;0;0;0m[38;2;211;208;200m"[48;2;0;0;0m[38;2;242;240;236m)[48;2;0;0;0m[38;2;242;240;236m [48;2;0;0;0m[38;2;211;208;200m||[48;2;0;0;0m[38;2;242;240;236m [48;2;0;0;0m[38;2;242;119;122mtypeName[48;2;0;0;0m[38;2;242;240;236m.[48;2;0;0;0m[38;2;102;153;204mContains[48;2;0;0;0m[38;2;242;240;236m([48;2;0;0;0m[38;2;211;208;200m"[48;2;0;0;0m[38;2;153;204;153mRepair[48;2;0;0;0m[38;2;211;208;200m"[48;2;0;0;0m[38;2;242;240;236m)[48;2;0;0;0m[38;2;242;240;236m
         216  [48;2;0;0;0m[38;2;242;240;236m                    [48;2;0;0;0m[38;2;211;208;200m||[48;2;0;0;0m[38;2;242;240;236m [48;2;0;0;0m[38;2;242;119;122mtypeName[48;2;0;0;0m[38;2;242;240;236m.[48;2;0;0;0m[38;2;102;153;204mContains[48;2;0;0;0m[38;2;242;240;236m([48;2;0;0;0m[38;2;211;208;200m"[48;2;0;0;0m[38;2;153;204;153mExcavate[48;2;0;0;0m[38;2;211;208;200m"[48;2;0;0;0m[38;2;242;240;236m)[48;2;0;0;0m[38;2;242;240;236m [48;2;0;0;0m[38;2;211;208;200m||[48;2;0;0;0m[38;2;242;240;236m [48;2;0;0;0m[38;2;242;119;122mtypeName[48;2;0;0;0m[38;2;242;240;236m.[48;2;0;0;0m[38;2;102;153;204mContains[48;2;0;0;0m[38;2;242;240;236m([48;2;0;0;0m[38;2;211;208;200m"[48;2;0;0;0m[38;2;153;204;153mTunnel[48;2;0;0;0m[38;2;211;208;200m"[48;2;0;0;0m[38;2;242;240;236m)[48;2;0;0;0m[38;2;242;240;236m
         217  [48;2;0;0;0m[38;2;242;240;236m                    [48;2;0;0;0m[38;2;211;208;200m||[48;2;0;0;0m[38;2;242;240;236m [48;2;0;0;0m[38;2;242;119;122mtypeName[48;2;0;0;0m[38;2;242;240;236m.[48;2;0;0;0m[38;2;102;153;204mContains[48;2;0;0;0m[38;2;242;240;236m([48;2;0;0;0m[38;2;211;208;200m"[48;2;0;0;0m[38;2;153;204;153mShielding[48;2;0;0;0m[38;2;211;208;200m"[48;2;0;0;0m[38;2;242;240;236m)[48;2;0;0;0m[38;2;242;240;236m [48;2;0;0;0m[38;2;211;208;200m||[48;2;0;0;0m[38;2;242;240;236m [48;2;0;0;0m[38;2;242;119;122mtypeName[48;2;0;0;0m[38;2;242;240;236m.[48;2;0;0;0m[38;2;102;153;204mContains[48;2;0;0;0m[38;2;242;240;236m([48;2;0;0;0m[38;2;211;208;200m"[48;2;0;0;0m[38;2;153;204;153mWindTurbine[48;2;0;0;0m[38;2;211;208;200m"[48;2;0;0;0m[38;2;242;240;236m)[48;2;0;0;0m[38;2;242;240;236m

    Complex binary expression

         240  [48;2;0;0;0m[38;2;242;240;236m                [48;2;0;0;0m[38;2;204;153;204melse if[48;2;0;0;0m[38;2;242;240;236m [48;2;0;0;0m[38;2;242;240;236m([48;2;0;0;0m[38;2;242;119;122mtypeName[48;2;0;0;0m[38;2;242;240;236m.[48;2;0;0;0m[38;2;102;153;204mContains[48;2;0;0;0m[38;2;242;240;236m([48;2;0;0;0m[38;2;211;208;200m"[48;2;0;0;0m[38;2;153;204;153mEat[48;2;0;0;0m[38;2;211;208;200m"[48;2;0;0;0m[38;2;242;240;236m)[48;2;0;0;0m[38;2;242;240;236m [48;2;0;0;0m[38;2;211;208;200m||[48;2;0;0;0m[38;2;242;240;236m [48;2;0;0;0m[38;2;242;119;122mtypeName[48;2;0;0;0m[38;2;242;240;236m.[48;2;0;0;0m[38;2;102;153;204mContains[48;2;0;0;0m[38;2;242;240;236m([48;2;0;0;0m[38;2;211;208;200m"[48;2;0;0;0m[38;2;153;204;153mDrink[48;2;0;0;0m[38;2;211;208;200m"[48;2;0;0;0m[38;2;242;240;236m)[48;2;0;0;0m[38;2;242;240;236m
         241  [48;2;0;0;0m[38;2;242;240;236m                    [48;2;0;0;0m[38;2;211;208;200m||[48;2;0;0;0m[38;2;242;240;236m [48;2;0;0;0m[38;2;242;119;122mtypeName[48;2;0;0;0m[38;2;242;240;236m.[48;2;0;0;0m[38;2;102;153;204mContains[48;2;0;0;0m[38;2;242;240;236m([48;2;0;0;0m[38;2;211;208;200m"[48;2;0;0;0m[38;2;153;204;153mSleep[48;2;0;0;0m[38;2;211;208;200m"[48;2;0;0;0m[38;2;242;240;236m)[48;2;0;0;0m[38;2;242;240;236m [48;2;0;0;0m[38;2;211;208;200m||[48;2;0;0;0m[38;2;242;240;236m [48;2;0;0;0m[38;2;242;119;122mtypeName[48;2;0;0;0m[38;2;242;240;236m.[48;2;0;0;0m[38;2;102;153;204mContains[48;2;0;0;0m[38;2;242;240;236m([48;2;0;0;0m[38;2;211;208;200m"[48;2;0;0;0m[38;2;153;204;153mRest[48;2;0;0;0m[38;2;211;208;200m"[48;2;0;0;0m[38;2;242;240;236m)[48;2;0;0;0m[38;2;242;240;236m
         242  [48;2;0;0;0m[38;2;242;240;236m                    [48;2;0;0;0m[38;2;211;208;200m||[48;2;0;0;0m[38;2;242;240;236m [48;2;0;0;0m[38;2;242;119;122mtypeName[48;2;0;0;0m[38;2;242;240;236m.[48;2;0;0;0m[38;2;102;153;204mContains[48;2;0;0;0m[38;2;242;240;236m([48;2;0;0;0m[38;2;211;208;200m"[48;2;0;0;0m[38;2;153;204;153mWarm[48;2;0;0;0m[38;2;211;208;200m"[48;2;0;0;0m[38;2;242;240;236m)[48;2;0;0;0m[38;2;242;240;236m [48;2;0;0;0m[38;2;211;208;200m||[48;2;0;0;0m[38;2;242;240;236m [48;2;0;0;0m[38;2;242;119;122mtypeName[48;2;0;0;0m[38;2;242;240;236m.[48;2;0;0;0m[38;2;102;153;204mContains[48;2;0;0;0m[38;2;242;240;236m([48;2;0;0;0m[38;2;211;208;200m"[48;2;0;0;0m[38;2;153;204;153mPurify[48;2;0;0;0m[38;2;211;208;200m"[48;2;0;0;0m[38;2;242;240;236m)[48;2;0;0;0m[38;2;242;240;236m


Assets/_Game/Core/HatchEntrapmentSystem.cs
    Function with many parameters (count = 7): Tick

          96  [48;2;0;0;0m[38;2;242;240;236m        [48;2;0;0;0m[38;2;204;153;204mpublic[48;2;0;0;0m[38;2;242;240;236m [48;2;0;0;0m[38;2;204;153;204mvoid[48;2;0;0;0m[38;2;242;240;236m [48;2;0;0;0m[38;2;102;153;204mTick[48;2;0;0;0m[38;2;242;240;236m([48;2;0;0;0m[38;2;242;240;236m
          97  [48;2;0;0;0m[38;2;242;240;236m            [48;2;0;0;0m[38;2;204;153;204mfloat[48;2;0;0;0m[38;2;242;240;236m [48;2;0;0;0m[38;2;242;119;122mgameHours[48;2;0;0;0m[38;2;242;240;236m,[48;2;0;0;0m[38;2;242;240;236m
          98  [48;2;0;0;0m[38;2;242;240;236m            [48;2;0;0;0m[38;2;242;240;236mWeatherKind[48;2;0;0;0m[38;2;242;240;236m [48;2;0;0;0m[38;2;242;119;122mweather[48;2;0;0;0m[38;2;242;240;236m,[48;2;0;0;0m[38;2;242;240;236m
          99  [48;2;0;0;0m[38;2;242;240;236m            [48;2;0;0;0m[38;2;242;240;236mShelter[48;2;0;0;0m[38;2;242;240;236m.[48;2;0;0;0m[38;2;242;240;236mShelter[48;2;0;0;0m[38;2;242;240;236m [48;2;0;0;0m[38;2;242;119;122mshelter[48;2;0;0;0m[38;2;242;240;236m [48;2;0;0;0m[38;2;211;208;200m=[48;2;0;0;0m[38;2;242;240;236m [48;2;0;0;0m[38;2;249;145;87mnull[48;2;0;0;0m[38;2;242;240;236m,[48;2;0;0;0m[38;2;242;240;236m
         100  [48;2;0;0;0m[38;2;242;240;236m            [48;2;0;0;0m[38;2;242;240;236mFunc[48;2;0;0;0m[38;2;242;240;236m<[48;2;0;0;0m[38;2;204;153;204mstring[48;2;0;0;0m[38;2;242;240;236m,[48;2;0;0;0m[38;2;242;240;236m [48;2;0;0;0m[38;2;204;153;204mfloat[48;2;0;0;0m[38;2;242;240;236m>[48;2;0;0;0m[38;2;242;240;236m [48;2;0;0;0m[38;2;242;119;122mgetFactionTrust[48;2;0;0;0m[38;2;242;240;236m [48;2;0;0;0m[38;2;211;208;200m=[48;2;0;0;0m[38;2;242;240;236m [48;2;0;0;0m[38;2;249;145;87mnull[48;2;0;0;0m[38;2;242;240;236m,[48;2;0;0;0m[38;2;242;240;236m
         101  [48;2;0;0;0m[38;2;242;240;236m            [48;2;0;0;0m[38;2;242;240;236mAction[48;2;0;0;0m[38;2;242;240;236m<[48;2;0;0;0m[38;2;204;153;204mstring[48;2;0;0;0m[38;2;242;240;236m,[48;2;0;0;0m[38;2;242;240;236m [48;2;0;0;0m[38;2;204;153;204mint[48;2;0;0;0m[38;2;242;240;236m,[48;2;0;0;0m[38;2;242;240;236m [48;2;0;0;0m[38;2;204;153;204mstring[48;2;0;0;0m[38;2;242;240;236m>[48;2;0;0;0m[38;2;242;240;236m [48;2;0;0;0m[38;2;242;119;122mscheduleEvent[48;2;0;0;0m[38;2;242;240;236m [48;2;0;0;0m[38;2;211;208;200m=[48;2;0;0;0m[38;2;242;240;236m [48;2;0;0;0m[38;2;249;145;87mnull[48;2;0;0;0m[38;2;242;240;236m,[48;2;0;0;0m[38;2;242;240;236m
              [hid 2 additional lines]

    Function with high complexity (count = 19): Tick

          96  [48;2;0;0;0m[38;2;242;240;236m        [48;2;0;0;0m[38;2;204;153;204mpublic[48;2;0;0;0m[38;2;242;240;236m [48;2;0;0;0m[38;2;204;153;204mvoid[48;2;0;0;0m[38;2;242;240;236m [48;2;0;0;0m[38;2;102;153;204mTick[48;2;0;0;0m[38;2;242;240;236m([48;2;0;0;0m[38;2;242;240;236m
          97  [48;2;0;0;0m[38;2;242;240;236m            [48;2;0;0;0m[38;2;204;153;204mfloat[48;2;0;0;0m[38;2;242;240;236m [48;2;0;0;0m[38;2;242;119;122mgameHours[48;2;0;0;0m[38;2;242;240;236m,[48;2;0;0;0m[38;2;242;240;236m
          98  [48;2;0;0;0m[38;2;242;240;236m            [48;2;0;0;0m[38;2;242;240;236mWeatherKind[48;2;0;0;0m[38;2;242;240;236m [48;2;0;0;0m[38;2;242;119;122mweather[48;2;0;0;0m[38;2;242;240;236m,[48;2;0;0;0m[38;2;242;240;236m
          99  [48;2;0;0;0m[38;2;242;240;236m            [48;2;0;0;0m[38;2;242;240;236mShelter[48;2;0;0;0m[38;2;242;240;236m.[48;2;0;0;0m[38;2;242;240;236mShelter[48;2;0;0;0m[38;2;242;240;236m [48;2;0;0;0m[38;2;242;119;122mshelter[48;2;0;0;0m[38;2;242;240;236m [48;2;0;0;0m[38;2;211;208;200m=[48;2;0;0;0m[38;2;242;240;236m [48;2;0;0;0m[38;2;249;145;87mnull[48;2;0;0;0m[38;2;242;240;236m,[48;2;0;0;0m[38;2;242;240;236m
         100  [48;2;0;0;0m[38;2;242;240;236m            [48;2;0;0;0m[38;2;242;240;236mFunc[48;2;0;0;0m[38;2;242;240;236m<[48;2;0;0;0m[38;2;204;153;204mstring[48;2;0;0;0m[38;2;242;240;236m,[48;2;0;0;0m[38;2;242;240;236m [48;2;0;0;0m[38;2;204;153;204mfloat[48;2;0;0;0m[38;2;242;240;236m>[48;2;0;0;0m[38;2;242;240;236m [48;2;0;0;0m[38;2;242;119;122mgetFactionTrust[48;2;0;0;0m[38;2;242;240;236m [48;2;0;0;0m[38;2;211;208;200m=[48;2;0;0;0m[38;2;242;240;236m [48;2;0;0;0m[38;2;249;145;87mnull[48;2;0;0;0m[38;2;242;240;236m,[48;2;0;0;0m[38;2;242;240;236m
         101  [48;2;0;0;0m[38;2;242;240;236m            [48;2;0;0;0m[38;2;242;240;236mAction[48;2;0;0;0m[38;2;242;240;236m<[48;2;0;0;0m[38;2;204;153;204mstring[48;2;0;0;0m[38;2;242;240;236m,[48;2;0;0;0m[38;2;242;240;236m [48;2;0;0;0m[38;2;204;153;204mint[48;2;0;0;0m[38;2;242;240;236m,[48;2;0;0;0m[38;2;242;240;236m [48;2;0;0;0m[38;2;204;153;204mstring[48;2;0;0;0m[38;2;242;240;236m>[48;2;0;0;0m[38;2;242;240;236m [48;2;0;0;0m[38;2;242;119;122mscheduleEvent[48;2;0;0;0m[38;2;242;240;236m [48;2;0;0;0m[38;2;211;208;200m=[48;2;0;0;0m[38;2;242;240;236m [48;2;0;0;0m[38;2;249;145;87mnull[48;2;0;0;0m[38;2;242;240;236m,[48;2;0;0;0m[38;2;242;240;236m
              [hid 68 additional lines]


Assets/_Game/Core/LaborCampSystem.cs
    Function with many returns (count = 7): PurchaseSlave

          78  [48;2;0;0;0m[38;2;242;240;236m        [48;2;0;0;0m[38;2;204;153;204mpublic[48;2;0;0;0m[38;2;242;240;236m [48;2;0;0;0m[38;2;204;153;204mbool[48;2;0;0;0m[38;2;242;240;236m [48;2;0;0;0m[38;2;102;153;204mPurchaseSlave[48;2;0;0;0m[38;2;242;240;236m([48;2;0;0;0m[38;2;204;153;204mstring[48;2;0;0;0m[38;2;242;240;236m [48;2;0;0;0m[38;2;242;119;122mnodeId[48;2;0;0;0m[38;2;242;240;236m,[48;2;0;0;0m[38;2;242;240;236m
          79  [48;2;0;0;0m[38;2;242;240;236m            [48;2;0;0;0m[38;2;242;240;236mFunc[48;2;0;0;0m[38;2;242;240;236m<[48;2;0;0;0m[38;2;204;153;204mstring[48;2;0;0;0m[38;2;242;240;236m,[48;2;0;0;0m[38;2;242;240;236m [48;2;0;0;0m[38;2;204;153;204mint[48;2;0;0;0m[38;2;242;240;236m,[48;2;0;0;0m[38;2;242;240;236m [48;2;0;0;0m[38;2;204;153;204mbool[48;2;0;0;0m[38;2;242;240;236m>[48;2;0;0;0m[38;2;242;240;236m [48;2;0;0;0m[38;2;242;119;122mconsumeItem[48;2;0;0;0m[38;2;242;240;236m)[48;2;0;0;0m[38;2;242;240;236m
          80  [48;2;0;0;0m[38;2;242;240;236m        [48;2;0;0;0m[38;2;242;240;236m{[48;2;0;0;0m[38;2;242;240;236m
          81  [48;2;0;0;0m[38;2;242;240;236m            [48;2;0;0;0m[38;2;204;153;204mif[48;2;0;0;0m[38;2;242;240;236m [48;2;0;0;0m[38;2;242;240;236m([48;2;0;0;0m[38;2;211;208;200m![48;2;0;0;0m[38;2;102;153;204mIsLaborCamp[48;2;0;0;0m[38;2;242;240;236m([48;2;0;0;0m[38;2;242;119;122mnodeId[48;2;0;0;0m[38;2;242;240;236m)[48;2;0;0;0m[38;2;242;240;236m)[48;2;0;0;0m[38;2;242;240;236m [48;2;0;0;0m[38;2;204;153;204mreturn[48;2;0;0;0m[38;2;242;240;236m [48;2;0;0;0m[38;2;249;145;87mfalse[48;2;0;0;0m[38;2;242;240;236m;[48;2;0;0;0m[38;2;242;240;236m
          82  [48;2;0;0;0m[38;2;242;240;236m            [48;2;0;0;0m[38;2;204;153;204mif[48;2;0;0;0m[38;2;242;240;236m [48;2;0;0;0m[38;2;242;240;236m([48;2;0;0;0m[38;2;102;153;204mGetSlavesRemaining[48;2;0;0;0m[38;2;242;240;236m([48;2;0;0;0m[38;2;242;119;122mnodeId[48;2;0;0;0m[38;2;242;240;236m)[48;2;0;0;0m[38;2;242;240;236m [48;2;0;0;0m[38;2;211;208;200m<=[48;2;0;0;0m[38;2;242;240;236m [48;2;0;0;0m[38;2;249;145;87m0[48;2;0;0;0m[38;2;242;240;236m)[48;2;0;0;0m[38;2;242;240;236m [48;2;0;0;0m[38;2;204;153;204mreturn[48;2;0;0;0m[38;2;242;240;236m [48;2;0;0;0m[38;2;249;145;87mfalse[48;2;0;0;0m[38;2;242;240;236m;[48;2;0;0;0m[38;2;242;240;236m
          83  [48;2;0;0;0m[38;2;242;240;236m            [48;2;0;0;0m[38;2;204;153;204mif[48;2;0;0;0m[38;2;242;240;236m [48;2;0;0;0m[38;2;242;240;236m([48;2;0;0;0m[38;2;242;119;122mconsumeItem[48;2;0;0;0m[38;2;242;240;236m [48;2;0;0;0m[38;2;211;208;200m==[48;2;0;0;0m[38;2;242;240;236m [48;2;0;0;0m[38;2;249;145;87mnull[48;2;0;0;0m[38;2;242;240;236m)[48;2;0;0;0m[38;2;242;240;236m [48;2;0;0;0m[38;2;204;153;204mreturn[48;2;0;0;0m[38;2;242;240;236m [48;2;0;0;0m[38;2;249;145;87mfalse[48;2;0;0;0m[38;2;242;240;236m;[48;2;0;0;0m[38;2;242;240;236m
              [hid 14 additional lines]

    Function with high complexity (count = 18): RestoreState

         147  [48;2;0;0;0m[38;2;242;240;236m        [48;2;0;0;0m[38;2;204;153;204mpublic[48;2;0;0;0m[38;2;242;240;236m [48;2;0;0;0m[38;2;204;153;204mvoid[48;2;0;0;0m[38;2;242;240;236m [48;2;0;0;0m[38;2;102;153;204mRestoreState[48;2;0;0;0m[38;2;242;240;236m([48;2;0;0;0m[38;2;242;240;236mLaborCampSave[48;2;0;0;0m[38;2;242;240;236m [48;2;0;0;0m[38;2;242;119;122msave[48;2;0;0;0m[38;2;242;240;236m)[48;2;0;0;0m[38;2;242;240;236m
         148  [48;2;0;0;0m[38;2;242;240;236m        [48;2;0;0;0m[38;2;242;240;236m{[48;2;0;0;0m[38;2;242;240;236m
         149  [48;2;0;0;0m[38;2;242;240;236m            [48;2;0;0;0m[38;2;242;119;122m_laborCampNodeIds[48;2;0;0;0m[38;2;242;240;236m.[48;2;0;0;0m[38;2;102;153;204mClear[48;2;0;0;0m[38;2;242;240;236m([48;2;0;0;0m[38;2;242;240;236m)[48;2;0;0;0m[38;2;242;240;236m;[48;2;0;0;0m[38;2;242;240;236m
         150  [48;2;0;0;0m[38;2;242;240;236m            [48;2;0;0;0m[38;2;242;119;122m_slavesFreedPerCamp[48;2;0;0;0m[38;2;242;240;236m.[48;2;0;0;0m[38;2;102;153;204mClear[48;2;0;0;0m[38;2;242;240;236m([48;2;0;0;0m[38;2;242;240;236m)[48;2;0;0;0m[38;2;242;240;236m;[48;2;0;0;0m[38;2;242;240;236m
         151  [48;2;0;0;0m[38;2;242;240;236m            [48;2;0;0;0m[38;2;242;119;122m_totalSlavesFreed[48;2;0;0;0m[38;2;242;240;236m [48;2;0;0;0m[38;2;211;208;200m=[48;2;0;0;0m[38;2;242;240;236m [48;2;0;0;0m[38;2;249;145;87m0[48;2;0;0;0m[38;2;242;240;236m;[48;2;0;0;0m[38;2;242;240;236m
         152  [48;2;0;0;0m[38;2;242;240;236m            [48;2;0;0;0m[38;2;204;153;204mif[48;2;0;0;0m[38;2;242;240;236m [48;2;0;0;0m[38;2;242;240;236m([48;2;0;0;0m[38;2;242;119;122msave[48;2;0;0;0m[38;2;242;240;236m [48;2;0;0;0m[38;2;211;208;200m==[48;2;0;0;0m[38;2;242;240;236m [48;2;0;0;0m[38;2;249;145;87mnull[48;2;0;0;0m[38;2;242;240;236m)[48;2;0;0;0m[38;2;242;240;236m [48;2;0;0;0m[38;2;204;153;204mreturn[48;2;0;0;0m[38;2;242;240;236m;[48;2;0;0;0m[38;2;242;240;236m
              [hid 12 additional lines]


Assets/_Game/Core/LifeboatTransmissionSystem.cs
    Function with many returns (count = 6): CanOfferContact

          74  [48;2;0;0;0m[38;2;242;240;236m        [48;2;0;0;0m[38;2;204;153;204mpublic[48;2;0;0;0m[38;2;242;240;236m [48;2;0;0;0m[38;2;204;153;204mbool[48;2;0;0;0m[38;2;242;240;236m [48;2;0;0;0m[38;2;102;153;204mCanOfferContact[48;2;0;0;0m[38;2;242;240;236m([48;2;0;0;0m[38;2;204;153;204mint[48;2;0;0;0m[38;2;242;240;236m [48;2;0;0;0m[38;2;242;119;122mday[48;2;0;0;0m[38;2;242;240;236m [48;2;0;0;0m[38;2;211;208;200m=[48;2;0;0;0m[38;2;242;240;236m [48;2;0;0;0m[38;2;211;208;200m-[48;2;0;0;0m[38;2;249;145;87m1[48;2;0;0;0m[38;2;242;240;236m,[48;2;0;0;0m[38;2;242;240;236m [48;2;0;0;0m[38;2;242;240;236mIReadOnlyList[48;2;0;0;0m[38;2;242;240;236m<[48;2;0;0;0m[38;2;242;240;236mSurvivor[48;2;0;0;0m[38;2;242;240;236m>[48;2;0;0;0m[38;2;242;240;236m [48;2;0;0;0m[38;2;242;119;122msurvivors[48;2;0;0;0m[38;2;242;240;236m [48;2;0;0;0m[38;2;211;208;200m=[48;2;0;0;0m[38;2;242;240;236m [48;2;0;0;0m[38;2;249;145;87mnull[48;2;0;0;0m[38;2;242;240;236m)[48;2;0;0;0m[38;2;242;240;236m
          75  [48;2;0;0;0m[38;2;242;240;236m        [48;2;0;0;0m[38;2;242;240;236m{[48;2;0;0;0m[38;2;242;240;236m
          76  [48;2;0;0;0m[38;2;242;240;236m            [48;2;0;0;0m[38;2;204;153;204mif[48;2;0;0;0m[38;2;242;240;236m [48;2;0;0;0m[38;2;242;240;236m([48;2;0;0;0m[38;2;242;119;122m_resolved[48;2;0;0;0m[38;2;242;240;236m [48;2;0;0;0m[38;2;211;208;200m||[48;2;0;0;0m[38;2;242;240;236m [48;2;0;0;0m[38;2;242;119;122m_offered[48;2;0;0;0m[38;2;242;240;236m)[48;2;0;0;0m[38;2;242;240;236m [48;2;0;0;0m[38;2;204;153;204mreturn[48;2;0;0;0m[38;2;242;240;236m [48;2;0;0;0m[38;2;249;145;87mfalse[48;2;0;0;0m[38;2;242;240;236m;[48;2;0;0;0m[38;2;242;240;236m
          77  [48;2;0;0;0m[38;2;242;240;236m            [48;2;0;0;0m[38;2;204;153;204mif[48;2;0;0;0m[38;2;242;240;236m [48;2;0;0;0m[38;2;242;240;236m([48;2;0;0;0m[38;2;242;119;122m_isCampaignTerminal[48;2;0;0;0m[38;2;242;240;236m [48;2;0;0;0m[38;2;211;208;200m!=[48;2;0;0;0m[38;2;242;240;236m [48;2;0;0;0m[38;2;249;145;87mnull[48;2;0;0;0m[38;2;242;240;236m [48;2;0;0;0m[38;2;211;208;200m&&[48;2;0;0;0m[38;2;242;240;236m [48;2;0;0;0m[38;2;102;153;204m_isCampaignTerminal[48;2;0;0;0m[38;2;242;240;236m([48;2;0;0;0m[38;2;242;240;236m)[48;2;0;0;0m[38;2;242;240;236m)[48;2;0;0;0m[38;2;242;240;236m [48;2;0;0;0m[38;2;204;153;204mreturn[48;2;0;0;0m[38;2;242;240;236m [48;2;0;0;0m[38;2;249;145;87mfalse[48;2;0;0;0m[38;2;242;240;236m;[48;2;0;0;0m[38;2;242;240;236m
          78  [48;2;0;0;0m[38;2;242;240;236m            [48;2;0;0;0m[38;2;204;153;204mif[48;2;0;0;0m[38;2;242;240;236m [48;2;0;0;0m[38;2;242;240;236m([48;2;0;0;0m[38;2;242;119;122m_endgame[48;2;0;0;0m[38;2;242;240;236m [48;2;0;0;0m[38;2;211;208;200m!=[48;2;0;0;0m[38;2;242;240;236m [48;2;0;0;0m[38;2;249;145;87mnull[48;2;0;0;0m[38;2;242;240;236m [48;2;0;0;0m[38;2;211;208;200m&&[48;2;0;0;0m[38;2;242;240;236m [48;2;0;0;0m[38;2;242;119;122m_endgame[48;2;0;0;0m[38;2;242;240;236m.[48;2;0;0;0m[38;2;242;119;122mResult[48;2;0;0;0m[38;2;242;240;236m.[48;2;0;0;0m[38;2;242;119;122mIsTerminal[48;2;0;0;0m[38;2;242;240;236m)[48;2;0;0;0m[38;2;242;240;236m [48;2;0;0;0m[38;2;204;153;204mreturn[48;2;0;0;0m[38;2;242;240;236m [48;2;0;0;0m[38;2;249;145;87mfalse[48;2;0;0;0m[38;2;242;240;236m;[48;2;0;0;0m[38;2;242;240;236m
          79  [48;2;0;0;0m[38;2;242;240;236m            [48;2;0;0;0m[38;2;204;153;204mif[48;2;0;0;0m[38;2;242;240;236m [48;2;0;0;0m[38;2;242;240;236m([48;2;0;0;0m[38;2;242;119;122m_victory[48;2;0;0;0m[38;2;242;240;236m [48;2;0;0;0m[38;2;211;208;200m!=[48;2;0;0;0m[38;2;242;240;236m [48;2;0;0;0m[38;2;249;145;87mnull[48;2;0;0;0m[38;2;242;240;236m [48;2;0;0;0m[38;2;211;208;200m&&[48;2;0;0;0m[38;2;242;240;236m [48;2;0;0;0m[38;2;242;119;122m_victory[48;2;0;0;0m[38;2;242;240;236m.[48;2;0;0;0m[38;2;242;119;122mIsTerminal[48;2;0;0;0m[38;2;242;240;236m)[48;2;0;0;0m[38;2;242;240;236m [48;2;0;0;0m[38;2;204;153;204mreturn[48;2;0;0;0m[38;2;242;240;236m [48;2;0;0;0m[38;2;249;145;87mfalse[48;2;0;0;0m[38;2;242;240;236m;[48;2;0;0;0m[38;2;242;240;236m
              [hid 7 additional lines]

    Function with many returns (count = 7): OfferContact

          98  [48;2;0;0;0m[38;2;242;240;236m        [48;2;0;0;0m[38;2;204;153;204mpublic[48;2;0;0;0m[38;2;242;240;236m [48;2;0;0;0m[38;2;242;240;236mGameEvent[48;2;0;0;0m[38;2;242;240;236m [48;2;0;0;0m[38;2;102;153;204mOfferContact[48;2;0;0;0m[38;2;242;240;236m([48;2;0;0;0m[38;2;242;240;236mIReadOnlyList[48;2;0;0;0m[38;2;242;240;236m<[48;2;0;0;0m[38;2;242;240;236mSurvivor[48;2;0;0;0m[38;2;242;240;236m>[48;2;0;0;0m[38;2;242;240;236m [48;2;0;0;0m[38;2;242;119;122msurvivors[48;2;0;0;0m[38;2;242;240;236m [48;2;0;0;0m[38;2;211;208;200m=[48;2;0;0;0m[38;2;242;240;236m [48;2;0;0;0m[38;2;249;145;87mnull[48;2;0;0;0m[38;2;242;240;236m,[48;2;0;0;0m[38;2;242;240;236m [48;2;0;0;0m[38;2;204;153;204mint[48;2;0;0;0m[38;2;242;240;236m [48;2;0;0;0m[38;2;242;119;122mday[48;2;0;0;0m[38;2;242;240;236m [48;2;0;0;0m[38;2;211;208;200m=[48;2;0;0;0m[38;2;242;240;236m [48;2;0;0;0m[38;2;211;208;200m-[48;2;0;0;0m[38;2;249;145;87m1[48;2;0;0;0m[38;2;242;240;236m)[48;2;0;0;0m[38;2;242;240;236m
          99  [48;2;0;0;0m[38;2;242;240;236m        [48;2;0;0;0m[38;2;242;240;236m{[48;2;0;0;0m[38;2;242;240;236m
         100  [48;2;0;0;0m[38;2;242;240;236m            [48;2;0;0;0m[38;2;204;153;204mif[48;2;0;0;0m[38;2;242;240;236m [48;2;0;0;0m[38;2;242;240;236m([48;2;0;0;0m[38;2;242;119;122m_resolved[48;2;0;0;0m[38;2;242;240;236m [48;2;0;0;0m[38;2;211;208;200m||[48;2;0;0;0m[38;2;242;240;236m [48;2;0;0;0m[38;2;242;119;122m_offered[48;2;0;0;0m[38;2;242;240;236m)[48;2;0;0;0m[38;2;242;240;236m [48;2;0;0;0m[38;2;204;153;204mreturn[48;2;0;0;0m[38;2;242;240;236m [48;2;0;0;0m[38;2;249;145;87mnull[48;2;0;0;0m[38;2;242;240;236m;[48;2;0;0;0m[38;2;242;240;236m
         101  [48;2;0;0;0m[38;2;242;240;236m            [48;2;0;0;0m[38;2;204;153;204mif[48;2;0;0;0m[38;2;242;240;236m [48;2;0;0;0m[38;2;242;240;236m([48;2;0;0;0m[38;2;242;119;122m_isCampaignTerminal[48;2;0;0;0m[38;2;242;240;236m [48;2;0;0;0m[38;2;211;208;200m!=[48;2;0;0;0m[38;2;242;240;236m [48;2;0;0;0m[38;2;249;145;87mnull[48;2;0;0;0m[38;2;242;240;236m [48;2;0;0;0m[38;2;211;208;200m&&[48;2;0;0;0m[38;2;242;240;236m [48;2;0;0;0m[38;2;102;153;204m_isCampaignTerminal[48;2;0;0;0m[38;2;242;240;236m([48;2;0;0;0m[38;2;242;240;236m)[48;2;0;0;0m[38;2;242;240;236m)[48;2;0;0;0m[38;2;242;240;236m [48;2;0;0;0m[38;2;204;153;204mreturn[48;2;0;0;0m[38;2;242;240;236m [48;2;0;0;0m[38;2;249;145;87mnull[48;2;0;0;0m[38;2;242;240;236m;[48;2;0;0;0m[38;2;242;240;236m
         102  [48;2;0;0;0m[38;2;242;240;236m            [48;2;0;0;0m[38;2;204;153;204mif[48;2;0;0;0m[38;2;242;240;236m [48;2;0;0;0m[38;2;242;240;236m([48;2;0;0;0m[38;2;242;119;122m_endgame[48;2;0;0;0m[38;2;242;240;236m [48;2;0;0;0m[38;2;211;208;200m!=[48;2;0;0;0m[38;2;242;240;236m [48;2;0;0;0m[38;2;249;145;87mnull[48;2;0;0;0m[38;2;242;240;236m [48;2;0;0;0m[38;2;211;208;200m&&[48;2;0;0;0m[38;2;242;240;236m [48;2;0;0;0m[38;2;242;119;122m_endgame[48;2;0;0;0m[38;2;242;240;236m.[48;2;0;0;0m[38;2;242;119;122mResult[48;2;0;0;0m[38;2;242;240;236m.[48;2;0;0;0m[38;2;242;119;122mIsTerminal[48;2;0;0;0m[38;2;242;240;236m)[48;2;0;0;0m[38;2;242;240;236m [48;2;0;0;0m[38;2;204;153;204mreturn[48;2;0;0;0m[38;2;242;240;236m [48;2;0;0;0m[38;2;249;145;87mnull[48;2;0;0;0m[38;2;242;240;236m;[48;2;0;0;0m[38;2;242;240;236m
         103  [48;2;0;0;0m[38;2;242;240;236m            [48;2;0;0;0m[38;2;204;153;204mif[48;2;0;0;0m[38;2;242;240;236m [48;2;0;0;0m[38;2;242;240;236m([48;2;0;0;0m[38;2;242;119;122m_victory[48;2;0;0;0m[38;2;242;240;236m [48;2;0;0;0m[38;2;211;208;200m!=[48;2;0;0;0m[38;2;242;240;236m [48;2;0;0;0m[38;2;249;145;87mnull[48;2;0;0;0m[38;2;242;240;236m [48;2;0;0;0m[38;2;211;208;200m&&[48;2;0;0;0m[38;2;242;240;236m [48;2;0;0;0m[38;2;242;119;122m_victory[48;2;0;0;0m[38;2;242;240;236m.[48;2;0;0;0m[38;2;242;119;122mIsTerminal[48;2;0;0;0m[38;2;242;240;236m)[48;2;0;0;0m[38;2;242;240;236m [48;2;0;0;0m[38;2;204;153;204mreturn[48;2;0;0;0m[38;2;242;240;236m [48;2;0;0;0m[38;2;249;145;87mnull[48;2;0;0;0m[38;2;242;240;236m;[48;2;0;0;0m[38;2;242;240;236m
              [hid 14 additional lines]

    Function with many returns (count = 8): ResolveSend

         172  [48;2;0;0;0m[38;2;242;240;236m        [48;2;0;0;0m[38;2;204;153;204mpublic[48;2;0;0;0m[38;2;242;240;236m [48;2;0;0;0m[38;2;204;153;204mbool[48;2;0;0;0m[38;2;242;240;236m [48;2;0;0;0m[38;2;102;153;204mResolveSend[48;2;0;0;0m[38;2;242;240;236m([48;2;0;0;0m[38;2;204;153;204mstring[48;2;0;0;0m[38;2;242;240;236m [48;2;0;0;0m[38;2;242;119;122msurvivorId[48;2;0;0;0m[38;2;242;240;236m,[48;2;0;0;0m[38;2;242;240;236m [48;2;0;0;0m[38;2;242;240;236mEventContext[48;2;0;0;0m[38;2;242;240;236m [48;2;0;0;0m[38;2;242;119;122mflags[48;2;0;0;0m[38;2;242;240;236m [48;2;0;0;0m[38;2;211;208;200m=[48;2;0;0;0m[38;2;242;240;236m [48;2;0;0;0m[38;2;249;145;87mnull[48;2;0;0;0m[38;2;242;240;236m)[48;2;0;0;0m[38;2;242;240;236m
         173  [48;2;0;0;0m[38;2;242;240;236m        [48;2;0;0;0m[38;2;242;240;236m{[48;2;0;0;0m[38;2;242;240;236m
         174  [48;2;0;0;0m[38;2;242;240;236m            [48;2;0;0;0m[38;2;204;153;204mif[48;2;0;0;0m[38;2;242;240;236m [48;2;0;0;0m[38;2;242;240;236m([48;2;0;0;0m[38;2;242;119;122m_resolved[48;2;0;0;0m[38;2;242;240;236m)[48;2;0;0;0m[38;2;242;240;236m [48;2;0;0;0m[38;2;204;153;204mreturn[48;2;0;0;0m[38;2;242;240;236m [48;2;0;0;0m[38;2;249;145;87mfalse[48;2;0;0;0m[38;2;242;240;236m;[48;2;0;0;0m[38;2;242;240;236m
         175  [48;2;0;0;0m[38;2;242;240;236m            [48;2;0;0;0m[38;2;204;153;204mif[48;2;0;0;0m[38;2;242;240;236m [48;2;0;0;0m[38;2;242;240;236m([48;2;0;0;0m[38;2;204;153;204mstring[48;2;0;0;0m[38;2;242;240;236m.[48;2;0;0;0m[38;2;102;153;204mIsNullOrEmpty[48;2;0;0;0m[38;2;242;240;236m([48;2;0;0;0m[38;2;242;119;122msurvivorId[48;2;0;0;0m[38;2;242;240;236m)[48;2;0;0;0m[38;2;242;240;236m)[48;2;0;0;0m[38;2;242;240;236m [48;2;0;0;0m[38;2;204;153;204mreturn[48;2;0;0;0m[38;2;242;240;236m [48;2;0;0;0m[38;2;249;145;87mfalse[48;2;0;0;0m[38;2;242;240;236m;[48;2;0;0;0m[38;2;242;240;236m
         176  [48;2;0;0;0m[38;2;242;240;236m            [48;2;0;0;0m[38;2;204;153;204mif[48;2;0;0;0m[38;2;242;240;236m [48;2;0;0;0m[38;2;242;240;236m([48;2;0;0;0m[38;2;242;119;122m_isCampaignTerminal[48;2;0;0;0m[38;2;242;240;236m [48;2;0;0;0m[38;2;211;208;200m!=[48;2;0;0;0m[38;2;242;240;236m [48;2;0;0;0m[38;2;249;145;87mnull[48;2;0;0;0m[38;2;242;240;236m [48;2;0;0;0m[38;2;211;208;200m&&[48;2;0;0;0m[38;2;242;240;236m [48;2;0;0;0m[38;2;102;153;204m_isCampaignTerminal[48;2;0;0;0m[38;2;242;240;236m([48;2;0;0;0m[38;2;242;240;236m)[48;2;0;0;0m[38;2;242;240;236m)[48;2;0;0;0m[38;2;242;240;236m [48;2;0;0;0m[38;2;204;153;204mreturn[48;2;0;0;0m[38;2;242;240;236m [48;2;0;0;0m[38;2;249;145;87mfalse[48;2;0;0;0m[38;2;242;240;236m;[48;2;0;0;0m[38;2;242;240;236m
         177  [48;2;0;0;0m[38;2;242;240;236m            [48;2;0;0;0m[38;2;204;153;204mif[48;2;0;0;0m[38;2;242;240;236m [48;2;0;0;0m[38;2;242;240;236m([48;2;0;0;0m[38;2;242;119;122m_endgame[48;2;0;0;0m[38;2;242;240;236m [48;2;0;0;0m[38;2;211;208;200m!=[48;2;0;0;0m[38;2;242;240;236m [48;2;0;0;0m[38;2;249;145;87mnull[48;2;0;0;0m[38;2;242;240;236m [48;2;0;0;0m[38;2;211;208;200m&&[48;2;0;0;0m[38;2;242;240;236m [48;2;0;0;0m[38;2;242;119;122m_endgame[48;2;0;0;0m[38;2;242;240;236m.[48;2;0;0;0m[38;2;242;119;122mResult[48;2;0;0;0m[38;2;242;240;236m.[48;2;0;0;0m[38;2;242;119;122mIsTerminal[48;2;0;0;0m[38;2;242;240;236m)[48;2;0;0;0m[38;2;242;240;236m [48;2;0;0;0m[38;2;204;153;204mreturn[48;2;0;0;0m[38;2;242;240;236m [48;2;0;0;0m[38;2;249;145;87mfalse[48;2;0;0;0m[38;2;242;240;236m;[48;2;0;0;0m[38;2;242;240;236m
              [hid 67 additional lines]

    High total complexity (count = 68)

           1  [48;2;0;0;0m[38;2;204;153;204musing[48;2;0;0;0m[38;2;211;208;200m [48;2;0;0;0m[38;2;211;208;200mSystem[48;2;0;0;0m[38;2;211;208;200m;[48;2;0;0;0m[38;2;211;208;200m
           2  [48;2;0;0;0m[38;2;204;153;204musing[48;2;0;0;0m[38;2;211;208;200m [48;2;0;0;0m[38;2;211;208;200mSystem[48;2;0;0;0m[38;2;211;208;200m.[48;2;0;0;0m[38;2;211;208;200mCollections[48;2;0;0;0m[38;2;211;208;200m.[48;2;0;0;0m[38;2;211;208;200mGeneric[48;2;0;0;0m[38;2;211;208;200m;[48;2;0;0;0m[38;2;211;208;200m
           3  [48;2;0;0;0m[38;2;204;153;204musing[48;2;0;0;0m[38;2;211;208;200m [48;2;0;0;0m[38;2;211;208;200mAtomicWar[48;2;0;0;0m[38;2;211;208;200m.[48;2;0;0;0m[38;2;211;208;200m_Game[48;2;0;0;0m[38;2;211;208;200m.[48;2;0;0;0m[38;2;211;208;200mEvents[48;2;0;0;0m[38;2;211;208;200m;[48;2;0;0;0m[38;2;211;208;200m
           4  [48;2;0;0;0m[38;2;204;153;204musing[48;2;0;0;0m[38;2;211;208;200m [48;2;0;0;0m[38;2;211;208;200mAtomicWar[48;2;0;0;0m[38;2;211;208;200m.[48;2;0;0;0m[38;2;211;208;200m_Game[48;2;0;0;0m[38;2;211;208;200m.[48;2;0;0;0m[38;2;211;208;200mSurvivors[48;2;0;0;0m[38;2;211;208;200m;[48;2;0;0;0m[38;2;211;208;200m
           5  [48;2;0;0;0m[38;2;204;153;204musing[48;2;0;0;0m[38;2;211;208;200m [48;2;0;0;0m[38;2;211;208;200mUnityEngine[48;2;0;0;0m[38;2;211;208;200m;[48;2;0;0;0m[38;2;211;208;200m
           6  [48;2;0;0;0m[38;2;211;208;200m
              [hid 310 additional lines]

    Function with high complexity (count = 24): ResolveSend

         172  [48;2;0;0;0m[38;2;242;240;236m        [48;2;0;0;0m[38;2;204;153;204mpublic[48;2;0;0;0m[38;2;242;240;236m [48;2;0;0;0m[38;2;204;153;204mbool[48;2;0;0;0m[38;2;242;240;236m [48;2;0;0;0m[38;2;102;153;204mResolveSend[48;2;0;0;0m[38;2;242;240;236m([48;2;0;0;0m[38;2;204;153;204mstring[48;2;0;0;0m[38;2;242;240;236m [48;2;0;0;0m[38;2;242;119;122msurvivorId[48;2;0;0;0m[38;2;242;240;236m,[48;2;0;0;0m[38;2;242;240;236m [48;2;0;0;0m[38;2;242;240;236mEventContext[48;2;0;0;0m[38;2;242;240;236m [48;2;0;0;0m[38;2;242;119;122mflags[48;2;0;0;0m[38;2;242;240;236m [48;2;0;0;0m[38;2;211;208;200m=[48;2;0;0;0m[38;2;242;240;236m [48;2;0;0;0m[38;2;249;145;87mnull[48;2;0;0;0m[38;2;242;240;236m)[48;2;0;0;0m[38;2;242;240;236m
         173  [48;2;0;0;0m[38;2;242;240;236m        [48;2;0;0;0m[38;2;242;240;236m{[48;2;0;0;0m[38;2;242;240;236m
         174  [48;2;0;0;0m[38;2;242;240;236m            [48;2;0;0;0m[38;2;204;153;204mif[48;2;0;0;0m[38;2;242;240;236m [48;2;0;0;0m[38;2;242;240;236m([48;2;0;0;0m[38;2;242;119;122m_resolved[48;2;0;0;0m[38;2;242;240;236m)[48;2;0;0;0m[38;2;242;240;236m [48;2;0;0;0m[38;2;204;153;204mreturn[48;2;0;0;0m[38;2;242;240;236m [48;2;0;0;0m[38;2;249;145;87mfalse[48;2;0;0;0m[38;2;242;240;236m;[48;2;0;0;0m[38;2;242;240;236m
         175  [48;2;0;0;0m[38;2;242;240;236m            [48;2;0;0;0m[38;2;204;153;204mif[48;2;0;0;0m[38;2;242;240;236m [48;2;0;0;0m[38;2;242;240;236m([48;2;0;0;0m[38;2;204;153;204mstring[48;2;0;0;0m[38;2;242;240;236m.[48;2;0;0;0m[38;2;102;153;204mIsNullOrEmpty[48;2;0;0;0m[38;2;242;240;236m([48;2;0;0;0m[38;2;242;119;122msurvivorId[48;2;0;0;0m[38;2;242;240;236m)[48;2;0;0;0m[38;2;242;240;236m)[48;2;0;0;0m[38;2;242;240;236m [48;2;0;0;0m[38;2;204;153;204mreturn[48;2;0;0;0m[38;2;242;240;236m [48;2;0;0;0m[38;2;249;145;87mfalse[48;2;0;0;0m[38;2;242;240;236m;[48;2;0;0;0m[38;2;242;240;236m
         176  [48;2;0;0;0m[38;2;242;240;236m            [48;2;0;0;0m[38;2;204;153;204mif[48;2;0;0;0m[38;2;242;240;236m [48;2;0;0;0m[38;2;242;240;236m([48;2;0;0;0m[38;2;242;119;122m_isCampaignTerminal[48;2;0;0;0m[38;2;242;240;236m [48;2;0;0;0m[38;2;211;208;200m!=[48;2;0;0;0m[38;2;242;240;236m [48;2;0;0;0m[38;2;249;145;87mnull[48;2;0;0;0m[38;2;242;240;236m [48;2;0;0;0m[38;2;211;208;200m&&[48;2;0;0;0m[38;2;242;240;236m [48;2;0;0;0m[38;2;102;153;204m_isCampaignTerminal[48;2;0;0;0m[38;2;242;240;236m([48;2;0;0;0m[38;2;242;240;236m)[48;2;0;0;0m[38;2;242;240;236m)[48;2;0;0;0m[38;2;242;240;236m [48;2;0;0;0m[38;2;204;153;204mreturn[48;2;0;0;0m[38;2;242;240;236m [48;2;0;0;0m[38;2;249;145;87mfalse[48;2;0;0;0m[38;2;242;240;236m;[48;2;0;0;0m[38;2;242;240;236m
         177  [48;2;0;0;0m[38;2;242;240;236m            [48;2;0;0;0m[38;2;204;153;204mif[48;2;0;0;0m[38;2;242;240;236m [48;2;0;0;0m[38;2;242;240;236m([48;2;0;0;0m[38;2;242;119;122m_endgame[48;2;0;0;0m[38;2;242;240;236m [48;2;0;0;0m[38;2;211;208;200m!=[48;2;0;0;0m[38;2;242;240;236m [48;2;0;0;0m[38;2;249;145;87mnull[48;2;0;0;0m[38;2;242;240;236m [48;2;0;0;0m[38;2;211;208;200m&&[48;2;0;0;0m[38;2;242;240;236m [48;2;0;0;0m[38;2;242;119;122m_endgame[48;2;0;0;0m[38;2;242;240;236m.[48;2;0;0;0m[38;2;242;119;122mResult[48;2;0;0;0m[38;2;242;240;236m.[48;2;0;0;0m[38;2;242;119;122mIsTerminal[48;2;0;0;0m[38;2;242;240;236m)[48;2;0;0;0m[38;2;242;240;236m [48;2;0;0;0m[38;2;204;153;204mreturn[48;2;0;0;0m[38;2;242;240;236m [48;2;0;0;0m[38;2;249;145;87mfalse[48;2;0;0;0m[38;2;242;240;236m;[48;2;0;0;0m[38;2;242;240;236m
              [hid 67 additional lines]


Assets/_Game/Core/LocationScavengingSystem.cs
    Function with many parameters (count = 8): LocationScavengingSystem

          42  [48;2;0;0;0m[38;2;242;240;236m        [48;2;0;0;0m[38;2;204;153;204mpublic[48;2;0;0;0m[38;2;242;240;236m [48;2;0;0;0m[38;2;102;153;204mLocationScavengingSystem[48;2;0;0;0m[38;2;242;240;236m([48;2;0;0;0m[38;2;242;240;236m
          43  [48;2;0;0;0m[38;2;242;240;236m            [48;2;0;0;0m[38;2;242;240;236mRadiationSystem[48;2;0;0;0m[38;2;242;240;236m [48;2;0;0;0m[38;2;242;119;122mradSystem[48;2;0;0;0m[38;2;242;240;236m,[48;2;0;0;0m[38;2;242;240;236m
          44  [48;2;0;0;0m[38;2;242;240;236m            [48;2;0;0;0m[38;2;242;240;236mInventory[48;2;0;0;0m[38;2;242;240;236m.[48;2;0;0;0m[38;2;242;240;236mInventory[48;2;0;0;0m[38;2;242;240;236m [48;2;0;0;0m[38;2;242;119;122minventory[48;2;0;0;0m[38;2;242;240;236m,[48;2;0;0;0m[38;2;242;240;236m
          45  [48;2;0;0;0m[38;2;242;240;236m            [48;2;0;0;0m[38;2;242;240;236mItemCatalogSO[48;2;0;0;0m[38;2;242;240;236m [48;2;0;0;0m[38;2;242;119;122mitemCatalog[48;2;0;0;0m[38;2;242;240;236m,[48;2;0;0;0m[38;2;242;240;236m
          46  [48;2;0;0;0m[38;2;242;240;236m            [48;2;0;0;0m[38;2;204;153;204mint[48;2;0;0;0m[38;2;242;240;236m [48;2;0;0;0m[38;2;242;119;122mseed[48;2;0;0;0m[38;2;242;240;236m [48;2;0;0;0m[38;2;211;208;200m=[48;2;0;0;0m[38;2;242;240;236m [48;2;0;0;0m[38;2;249;145;87m42[48;2;0;0;0m[38;2;242;240;236m,[48;2;0;0;0m[38;2;242;240;236m
          47  [48;2;0;0;0m[38;2;242;240;236m            [48;2;0;0;0m[38;2;242;240;236mRadiationKnowledgeMap[48;2;0;0;0m[38;2;242;240;236m [48;2;0;0;0m[38;2;242;119;122mknowledge[48;2;0;0;0m[38;2;242;240;236m [48;2;0;0;0m[38;2;211;208;200m=[48;2;0;0;0m[38;2;242;240;236m [48;2;0;0;0m[38;2;249;145;87mnull[48;2;0;0;0m[38;2;242;240;236m,[48;2;0;0;0m[38;2;242;240;236m
              [hid 3 additional lines]

    Complex binary expression

         245  [48;2;0;0;0m[38;2;242;240;236m                                  [48;2;0;0;0m[38;2;211;208;200m||[48;2;0;0;0m[38;2;242;240;236m [48;2;0;0;0m[38;2;242;240;236m([48;2;0;0;0m[38;2;211;208;200m![48;2;0;0;0m[38;2;204;153;204mstring[48;2;0;0;0m[38;2;242;240;236m.[48;2;0;0;0m[38;2;102;153;204mIsNullOrEmpty[48;2;0;0;0m[38;2;242;240;236m([48;2;0;0;0m[38;2;242;119;122mring[48;2;0;0;0m[38;2;242;240;236m)[48;2;0;0;0m[38;2;242;240;236m
         246  [48;2;0;0;0m[38;2;242;240;236m                                      [48;2;0;0;0m[38;2;211;208;200m&&[48;2;0;0;0m[38;2;242;240;236m [48;2;0;0;0m[38;2;242;119;122mring[48;2;0;0;0m[38;2;242;240;236m.[48;2;0;0;0m[38;2;102;153;204mIndexOf[48;2;0;0;0m[38;2;242;240;236m([48;2;0;0;0m[38;2;211;208;200m"[48;2;0;0;0m[38;2;153;204;153mcity[48;2;0;0;0m[38;2;211;208;200m"[48;2;0;0;0m[38;2;242;240;236m,[48;2;0;0;0m[38;2;242;240;236m [48;2;0;0;0m[38;2;242;119;122mStringComparison[48;2;0;0;0m[38;2;242;240;236m.[48;2;0;0;0m[38;2;242;119;122mOrdinalIgnoreCase[48;2;0;0;0m[38;2;242;240;236m)[48;2;0;0;0m[38;2;242;240;236m [48;2;0;0;0m[38;2;211;208;200m>=[48;2;0;0;0m[38;2;242;240;236m [48;2;0;0;0m[38;2;249;145;87m0[48;2;0;0;0m[38;2;242;240;236m)[48;2;0;0;0m[38;2;242;240;236m

    High total complexity (count = 92)

           1  [48;2;0;0;0m[38;2;204;153;204musing[48;2;0;0;0m[38;2;211;208;200m [48;2;0;0;0m[38;2;211;208;200mSystem[48;2;0;0;0m[38;2;211;208;200m;[48;2;0;0;0m[38;2;211;208;200m
           2  [48;2;0;0;0m[38;2;204;153;204musing[48;2;0;0;0m[38;2;211;208;200m [48;2;0;0;0m[38;2;211;208;200mSystem[48;2;0;0;0m[38;2;211;208;200m.[48;2;0;0;0m[38;2;211;208;200mCollections[48;2;0;0;0m[38;2;211;208;200m.[48;2;0;0;0m[38;2;211;208;200mGeneric[48;2;0;0;0m[38;2;211;208;200m;[48;2;0;0;0m[38;2;211;208;200m
           3  [48;2;0;0;0m[38;2;204;153;204musing[48;2;0;0;0m[38;2;211;208;200m [48;2;0;0;0m[38;2;211;208;200mUnityEngine[48;2;0;0;0m[38;2;211;208;200m;[48;2;0;0;0m[38;2;211;208;200m
           4  [48;2;0;0;0m[38;2;204;153;204musing[48;2;0;0;0m[38;2;211;208;200m [48;2;0;0;0m[38;2;211;208;200mAtomicWar[48;2;0;0;0m[38;2;211;208;200m.[48;2;0;0;0m[38;2;211;208;200m_Game[48;2;0;0;0m[38;2;211;208;200m.[48;2;0;0;0m[38;2;211;208;200mData[48;2;0;0;0m[38;2;211;208;200m;[48;2;0;0;0m[38;2;211;208;200m
           5  [48;2;0;0;0m[38;2;204;153;204musing[48;2;0;0;0m[38;2;211;208;200m [48;2;0;0;0m[38;2;211;208;200mAtomicWar[48;2;0;0;0m[38;2;211;208;200m.[48;2;0;0;0m[38;2;211;208;200m_Game[48;2;0;0;0m[38;2;211;208;200m.[48;2;0;0;0m[38;2;211;208;200mEnvironment[48;2;0;0;0m[38;2;211;208;200m;[48;2;0;0;0m[38;2;211;208;200m
           6  [48;2;0;0;0m[38;2;204;153;204musing[48;2;0;0;0m[38;2;211;208;200m [48;2;0;0;0m[38;2;211;208;200mAtomicWar[48;2;0;0;0m[38;2;211;208;200m.[48;2;0;0;0m[38;2;211;208;200m_Game[48;2;0;0;0m[38;2;211;208;200m.[48;2;0;0;0m[38;2;211;208;200mInventory[48;2;0;0;0m[38;2;211;208;200m;[48;2;0;0;0m[38;2;211;208;200m
              [hid 478 additional lines]

    Function with high complexity (count = 18): CompleteSurvey

         217  [48;2;0;0;0m[38;2;242;240;236m        [48;2;0;0;0m[38;2;204;153;204mprivate[48;2;0;0;0m[38;2;242;240;236m [48;2;0;0;0m[38;2;204;153;204mvoid[48;2;0;0;0m[38;2;242;240;236m [48;2;0;0;0m[38;2;102;153;204mCompleteSurvey[48;2;0;0;0m[38;2;242;240;236m([48;2;0;0;0m[38;2;242;240;236mActiveMission[48;2;0;0;0m[38;2;242;240;236m [48;2;0;0;0m[38;2;242;119;122mmission[48;2;0;0;0m[38;2;242;240;236m)[48;2;0;0;0m[38;2;242;240;236m
         218  [48;2;0;0;0m[38;2;242;240;236m        [48;2;0;0;0m[38;2;242;240;236m{[48;2;0;0;0m[38;2;242;240;236m
         219  [48;2;0;0;0m[38;2;242;240;236m            [48;2;0;0;0m[38;2;204;153;204mbool[48;2;0;0;0m[38;2;242;240;236m [48;2;0;0;0m[38;2;242;119;122msuccess[48;2;0;0;0m[38;2;242;240;236m [48;2;0;0;0m[38;2;211;208;200m=[48;2;0;0;0m[38;2;242;240;236m [48;2;0;0;0m[38;2;249;145;87mfalse[48;2;0;0;0m[38;2;242;240;236m;[48;2;0;0;0m[38;2;242;240;236m
         220  [48;2;0;0;0m[38;2;242;240;236m            [48;2;0;0;0m[38;2;204;153;204mif[48;2;0;0;0m[38;2;242;240;236m [48;2;0;0;0m[38;2;242;240;236m([48;2;0;0;0m[38;2;242;119;122m_inventory[48;2;0;0;0m[38;2;242;240;236m [48;2;0;0;0m[38;2;211;208;200m!=[48;2;0;0;0m[38;2;242;240;236m [48;2;0;0;0m[38;2;249;145;87mnull[48;2;0;0;0m[38;2;242;240;236m [48;2;0;0;0m[38;2;211;208;200m&&[48;2;0;0;0m[38;2;242;240;236m [48;2;0;0;0m[38;2;242;119;122m_knowledge[48;2;0;0;0m[38;2;242;240;236m [48;2;0;0;0m[38;2;211;208;200m!=[48;2;0;0;0m[38;2;242;240;236m [48;2;0;0;0m[38;2;249;145;87mnull[48;2;0;0;0m[38;2;242;240;236m)[48;2;0;0;0m[38;2;242;240;236m
         221  [48;2;0;0;0m[38;2;242;240;236m            [48;2;0;0;0m[38;2;242;240;236m{[48;2;0;0;0m[38;2;242;240;236m
         222  [48;2;0;0;0m[38;2;242;240;236m                [48;2;0;0;0m[38;2;204;153;204mvar[48;2;0;0;0m[38;2;242;240;236m [48;2;0;0;0m[38;2;242;119;122mslot[48;2;0;0;0m[38;2;242;240;236m [48;2;0;0;0m[38;2;211;208;200m=[48;2;0;0;0m[38;2;242;240;236m [48;2;0;0;0m[38;2;242;119;122m_inventory[48;2;0;0;0m[38;2;242;240;236m.[48;2;0;0;0m[38;2;102;153;204mFindBestWorkingDevice[48;2;0;0;0m[38;2;242;240;236m([48;2;0;0;0m[38;2;211;208;200m"[48;2;0;0;0m[38;2;153;204;153mgeiger_counter[48;2;0;0;0m[38;2;211;208;200m"[48;2;0;0;0m[38;2;242;240;236m)[48;2;0;0;0m[38;2;242;240;236m;[48;2;0;0;0m[38;2;242;240;236m
              [hid 37 additional lines]

    Function with high complexity (count = 27): RollLoot

         336  [48;2;0;0;0m[38;2;242;240;236m        [48;2;0;0;0m[38;2;204;153;204mprivate[48;2;0;0;0m[38;2;242;240;236m [48;2;0;0;0m[38;2;242;240;236mList[48;2;0;0;0m[38;2;242;240;236m<[48;2;0;0;0m[38;2;242;240;236mItemDefinition[48;2;0;0;0m[38;2;242;240;236m>[48;2;0;0;0m[38;2;242;240;236m [48;2;0;0;0m[38;2;102;153;204mRollLoot[48;2;0;0;0m[38;2;242;240;236m([48;2;0;0;0m[38;2;204;153;204mfloat[48;2;0;0;0m[38;2;242;240;236m [48;2;0;0;0m[38;2;242;119;122mdangerLevel[48;2;0;0;0m[38;2;242;240;236m)[48;2;0;0;0m[38;2;242;240;236m
         337  [48;2;0;0;0m[38;2;242;240;236m        [48;2;0;0;0m[38;2;242;240;236m{[48;2;0;0;0m[38;2;242;240;236m
         338  [48;2;0;0;0m[38;2;242;240;236m            [48;2;0;0;0m[38;2;204;153;204mvar[48;2;0;0;0m[38;2;242;240;236m [48;2;0;0;0m[38;2;242;119;122mloot[48;2;0;0;0m[38;2;242;240;236m [48;2;0;0;0m[38;2;211;208;200m=[48;2;0;0;0m[38;2;242;240;236m [48;2;0;0;0m[38;2;211;208;200mnew[48;2;0;0;0m[38;2;242;240;236m [48;2;0;0;0m[38;2;242;240;236mList[48;2;0;0;0m[38;2;242;240;236m<[48;2;0;0;0m[38;2;242;240;236mItemDefinition[48;2;0;0;0m[38;2;242;240;236m>[48;2;0;0;0m[38;2;242;240;236m([48;2;0;0;0m[38;2;242;240;236m)[48;2;0;0;0m[38;2;242;240;236m;[48;2;0;0;0m[38;2;242;240;236m
         339  [48;2;0;0;0m[38;2;242;240;236m
         340  [48;2;0;0;0m[38;2;242;240;236m            [48;2;0;0;0m[38;2;204;153;204mint[48;2;0;0;0m[38;2;242;240;236m [48;2;0;0;0m[38;2;242;119;122mitemCount[48;2;0;0;0m[38;2;242;240;236m [48;2;0;0;0m[38;2;211;208;200m=[48;2;0;0;0m[38;2;242;240;236m [48;2;0;0;0m[38;2;249;145;87m1[48;2;0;0;0m[38;2;242;240;236m [48;2;0;0;0m[38;2;211;208;200m+[48;2;0;0;0m[38;2;242;240;236m [48;2;0;0;0m[38;2;242;240;236m([48;2;0;0;0m[38;2;204;153;204mint[48;2;0;0;0m[38;2;242;240;236m)[48;2;0;0;0m[38;2;242;240;236m([48;2;0;0;0m[38;2;242;119;122mdangerLevel[48;2;0;0;0m[38;2;242;240;236m [48;2;0;0;0m[38;2;211;208;200m/[48;2;0;0;0m[38;2;242;240;236m [48;2;0;0;0m[38;2;249;145;87m3[48;2;0;0;0m[38;2;204;153;204mf[48;2;0;0;0m[38;2;242;240;236m)[48;2;0;0;0m[38;2;242;240;236m;[48;2;0;0;0m[38;2;242;240;236m
         341  [48;2;0;0;0m[38;2;242;240;236m            [48;2;0;0;0m[38;2;242;119;122mitemCount[48;2;0;0;0m[38;2;242;240;236m [48;2;0;0;0m[38;2;211;208;200m=[48;2;0;0;0m[38;2;242;240;236m [48;2;0;0;0m[38;2;242;119;122mMathf[48;2;0;0;0m[38;2;242;240;236m.[48;2;0;0;0m[38;2;102;153;204mClamp[48;2;0;0;0m[38;2;242;240;236m([48;2;0;0;0m[38;2;242;119;122mitemCount[48;2;0;0;0m[38;2;242;240;236m,[48;2;0;0;0m[38;2;242;240;236m [48;2;0;0;0m[38;2;249;145;87m1[48;2;0;0;0m[38;2;242;240;236m,[48;2;0;0;0m[38;2;242;240;236m [48;2;0;0;0m[38;2;249;145;87m4[48;2;0;0;0m[38;2;242;240;236m)[48;2;0;0;0m[38;2;242;240;236m;[48;2;0;0;0m[38;2;242;240;236m
              [hid 47 additional lines]


Assets/_Game/Core/MoralDilemmaSystem.cs
    Function with high complexity (count = 20): CheckForDilemmaTrigger

          41  [48;2;0;0;0m[38;2;242;240;236m        [48;2;0;0;0m[38;2;204;153;204mpublic[48;2;0;0;0m[38;2;242;240;236m [48;2;0;0;0m[38;2;204;153;204mbool[48;2;0;0;0m[38;2;242;240;236m [48;2;0;0;0m[38;2;102;153;204mCheckForDilemmaTrigger[48;2;0;0;0m[38;2;242;240;236m([48;2;0;0;0m[38;2;242;240;236mIReadOnlyList[48;2;0;0;0m[38;2;242;240;236m<[48;2;0;0;0m[38;2;242;240;236mSurvivor[48;2;0;0;0m[38;2;242;240;236m>[48;2;0;0;0m[38;2;242;240;236m [48;2;0;0;0m[38;2;242;119;122msurvivors[48;2;0;0;0m[38;2;242;240;236m,[48;2;0;0;0m[38;2;242;240;236m [48;2;0;0;0m[38;2;242;240;236mInventory[48;2;0;0;0m[38;2;242;240;236m.[48;2;0;0;0m[38;2;242;240;236mInventory[48;2;0;0;0m[38;2;242;240;236m [48;2;0;0;0m[38;2;242;119;122mshelterInventory[48;2;0;0;0m[38;2;242;240;236m,[48;2;0;0;0m[38;2;242;240;236m [48;2;0;0;0m[38;2;204;153;204mint[48;2;0;0;0m[38;2;242;240;236m [48;2;0;0;0m[38;2;242;119;122mday[48;2;0;0;0m[38;2;242;240;236m [48;2;0;0;0m[38;2;211;208;200m=[48;2;0;0;0m[38;2;242;240;236m [48;2;0;0;0m[38;2;249;145;87m1[48;2;0;0;0m[38;2;242;240;236m)[48;2;0;0;0m[38;2;242;240;236m
          42  [48;2;0;0;0m[38;2;242;240;236m        [48;2;0;0;0m[38;2;242;240;236m{[48;2;0;0;0m[38;2;242;240;236m
          43  [48;2;0;0;0m[38;2;242;240;236m            [48;2;0;0;0m[38;2;204;153;204mif[48;2;0;0;0m[38;2;242;240;236m [48;2;0;0;0m[38;2;242;240;236m([48;2;0;0;0m[38;2;242;119;122msurvivors[48;2;0;0;0m[38;2;242;240;236m [48;2;0;0;0m[38;2;211;208;200m==[48;2;0;0;0m[38;2;242;240;236m [48;2;0;0;0m[38;2;249;145;87mnull[48;2;0;0;0m[38;2;242;240;236m [48;2;0;0;0m[38;2;211;208;200m||[48;2;0;0;0m[38;2;242;240;236m [48;2;0;0;0m[38;2;242;119;122msurvivors[48;2;0;0;0m[38;2;242;240;236m.[48;2;0;0;0m[38;2;242;119;122mCount[48;2;0;0;0m[38;2;242;240;236m [48;2;0;0;0m[38;2;211;208;200m==[48;2;0;0;0m[38;2;242;240;236m [48;2;0;0;0m[38;2;249;145;87m0[48;2;0;0;0m[38;2;242;240;236m)[48;2;0;0;0m[38;2;242;240;236m [48;2;0;0;0m[38;2;204;153;204mreturn[48;2;0;0;0m[38;2;242;240;236m [48;2;0;0;0m[38;2;249;145;87mfalse[48;2;0;0;0m[38;2;242;240;236m;[48;2;0;0;0m[38;2;242;240;236m
          44  [48;2;0;0;0m[38;2;242;240;236m            [48;2;0;0;0m[38;2;204;153;204mif[48;2;0;0;0m[38;2;242;240;236m [48;2;0;0;0m[38;2;242;240;236m([48;2;0;0;0m[38;2;242;119;122mActiveDilemma[48;2;0;0;0m[38;2;242;240;236m [48;2;0;0;0m[38;2;211;208;200m!=[48;2;0;0;0m[38;2;242;240;236m [48;2;0;0;0m[38;2;249;145;87mnull[48;2;0;0;0m[38;2;242;240;236m [48;2;0;0;0m[38;2;211;208;200m&&[48;2;0;0;0m[38;2;242;240;236m [48;2;0;0;0m[38;2;211;208;200m![48;2;0;0;0m[38;2;242;119;122mActiveDilemma[48;2;0;0;0m[38;2;242;240;236m.[48;2;0;0;0m[38;2;242;119;122mIsResolved[48;2;0;0;0m[38;2;242;240;236m)[48;2;0;0;0m[38;2;242;240;236m [48;2;0;0;0m[38;2;204;153;204mreturn[48;2;0;0;0m[38;2;242;240;236m [48;2;0;0;0m[38;2;249;145;87mfalse[48;2;0;0;0m[38;2;242;240;236m;[48;2;0;0;0m[38;2;242;240;236m
          45  [48;2;0;0;0m[38;2;242;240;236m
          46  [48;2;0;0;0m[38;2;242;240;236m            [48;2;0;0;0m[38;2;204;153;204mfloat[48;2;0;0;0m[38;2;242;240;236m [48;2;0;0;0m[38;2;242;119;122mhighestHunger[48;2;0;0;0m[38;2;242;240;236m [48;2;0;0;0m[38;2;211;208;200m=[48;2;0;0;0m[38;2;242;240;236m [48;2;0;0;0m[38;2;249;145;87m0[48;2;0;0;0m[38;2;204;153;204mf[48;2;0;0;0m[38;2;242;240;236m;[48;2;0;0;0m[38;2;242;240;236m
              [hid 49 additional lines]

    Function with high complexity (count = 19): ResolveChoice

         100  [48;2;0;0;0m[38;2;242;240;236m        [48;2;0;0;0m[38;2;204;153;204mpublic[48;2;0;0;0m[38;2;242;240;236m [48;2;0;0;0m[38;2;242;240;236mMoralDilemmaResult[48;2;0;0;0m[38;2;242;240;236m [48;2;0;0;0m[38;2;102;153;204mResolveChoice[48;2;0;0;0m[38;2;242;240;236m([48;2;0;0;0m[38;2;242;240;236mDesperateChoiceKind[48;2;0;0;0m[38;2;242;240;236m [48;2;0;0;0m[38;2;242;119;122mchoice[48;2;0;0;0m[38;2;242;240;236m,[48;2;0;0;0m[38;2;242;240;236m [48;2;0;0;0m[38;2;242;240;236mIReadOnlyList[48;2;0;0;0m[38;2;242;240;236m<[48;2;0;0;0m[38;2;242;240;236mSurvivor[48;2;0;0;0m[38;2;242;240;236m>[48;2;0;0;0m[38;2;242;240;236m [48;2;0;0;0m[38;2;242;119;122msurvivors[48;2;0;0;0m[38;2;242;240;236m,[48;2;0;0;0m[38;2;242;240;236m [48;2;0;0;0m[38;2;242;240;236mInventory[48;2;0;0;0m[38;2;242;240;236m.[48;2;0;0;0m[38;2;242;240;236mInventory[48;2;0;0;0m[38;2;242;240;236m [48;2;0;0;0m[38;2;242;119;122mshelterInventory[48;2;0;0;0m[38;2;242;240;236m)[48;2;0;0;0m[38;2;242;240;236m
         101  [48;2;0;0;0m[38;2;242;240;236m        [48;2;0;0;0m[38;2;242;240;236m{[48;2;0;0;0m[38;2;242;240;236m
         102  [48;2;0;0;0m[38;2;242;240;236m            [48;2;0;0;0m[38;2;204;153;204mif[48;2;0;0;0m[38;2;242;240;236m [48;2;0;0;0m[38;2;242;240;236m([48;2;0;0;0m[38;2;242;119;122mActiveDilemma[48;2;0;0;0m[38;2;242;240;236m [48;2;0;0;0m[38;2;211;208;200m==[48;2;0;0;0m[38;2;242;240;236m [48;2;0;0;0m[38;2;249;145;87mnull[48;2;0;0;0m[38;2;242;240;236m [48;2;0;0;0m[38;2;211;208;200m||[48;2;0;0;0m[38;2;242;240;236m [48;2;0;0;0m[38;2;242;119;122mActiveDilemma[48;2;0;0;0m[38;2;242;240;236m.[48;2;0;0;0m[38;2;242;119;122mIsResolved[48;2;0;0;0m[38;2;242;240;236m)[48;2;0;0;0m[38;2;242;240;236m [48;2;0;0;0m[38;2;204;153;204mreturn[48;2;0;0;0m[38;2;242;240;236m [48;2;0;0;0m[38;2;249;145;87mnull[48;2;0;0;0m[38;2;242;240;236m;[48;2;0;0;0m[38;2;242;240;236m
         103  [48;2;0;0;0m[38;2;242;240;236m
         104  [48;2;0;0;0m[38;2;242;240;236m            [48;2;0;0;0m[38;2;242;119;122mActiveDilemma[48;2;0;0;0m[38;2;242;240;236m.[48;2;0;0;0m[38;2;242;119;122mIsResolved[48;2;0;0;0m[38;2;242;240;236m [48;2;0;0;0m[38;2;211;208;200m=[48;2;0;0;0m[38;2;242;240;236m [48;2;0;0;0m[38;2;249;145;87mtrue[48;2;0;0;0m[38;2;242;240;236m;[48;2;0;0;0m[38;2;242;240;236m
         105  [48;2;0;0;0m[38;2;242;240;236m            [48;2;0;0;0m[38;2;242;119;122mActiveDilemma[48;2;0;0;0m[38;2;242;240;236m.[48;2;0;0;0m[38;2;242;119;122mChosenResolution[48;2;0;0;0m[38;2;242;240;236m [48;2;0;0;0m[38;2;211;208;200m=[48;2;0;0;0m[38;2;242;240;236m [48;2;0;0;0m[38;2;242;119;122mchoice[48;2;0;0;0m[38;2;242;240;236m;[48;2;0;0;0m[38;2;242;240;236m
              [hid 68 additional lines]


Assets/_Game/Core/NarrativeChainEngine.cs
    Function with many parameters (count = 10): BuildEncounter

         101  [48;2;0;0;0m[38;2;242;240;236m        [48;2;0;0;0m[38;2;204;153;204mprivate[48;2;0;0;0m[38;2;242;240;236m [48;2;0;0;0m[38;2;204;153;204mstatic[48;2;0;0;0m[38;2;242;240;236m [48;2;0;0;0m[38;2;242;240;236mEncounterSO[48;2;0;0;0m[38;2;242;240;236m [48;2;0;0;0m[38;2;102;153;204mBuildEncounter[48;2;0;0;0m[38;2;242;240;236m([48;2;0;0;0m[38;2;242;240;236m
         102  [48;2;0;0;0m[38;2;242;240;236m            [48;2;0;0;0m[38;2;204;153;204mstring[48;2;0;0;0m[38;2;242;240;236m [48;2;0;0;0m[38;2;242;119;122mid[48;2;0;0;0m[38;2;242;240;236m,[48;2;0;0;0m[38;2;242;240;236m
         103  [48;2;0;0;0m[38;2;242;240;236m            [48;2;0;0;0m[38;2;204;153;204mstring[48;2;0;0;0m[38;2;242;240;236m [48;2;0;0;0m[38;2;242;119;122mtitle[48;2;0;0;0m[38;2;242;240;236m,[48;2;0;0;0m[38;2;242;240;236m
         104  [48;2;0;0;0m[38;2;242;240;236m            [48;2;0;0;0m[38;2;204;153;204mstring[48;2;0;0;0m[38;2;242;240;236m [48;2;0;0;0m[38;2;242;119;122mdescription[48;2;0;0;0m[38;2;242;240;236m,[48;2;0;0;0m[38;2;242;240;236m
         105  [48;2;0;0;0m[38;2;242;240;236m            [48;2;0;0;0m[38;2;242;240;236mEncounterCategory[48;2;0;0;0m[38;2;242;240;236m [48;2;0;0;0m[38;2;242;119;122mcategory[48;2;0;0;0m[38;2;242;240;236m,[48;2;0;0;0m[38;2;242;240;236m
         106  [48;2;0;0;0m[38;2;242;240;236m            [48;2;0;0;0m[38;2;204;153;204mfloat[48;2;0;0;0m[38;2;242;240;236m [48;2;0;0;0m[38;2;242;119;122mbaseWeight[48;2;0;0;0m[38;2;242;240;236m,[48;2;0;0;0m[38;2;242;240;236m
              [hid 5 additional lines]


Assets/_Game/Core/PantryContaminationSystem.cs
    Function with many returns (count = 6): IsSpoilablePersonalFoodId

         219  [48;2;0;0;0m[38;2;242;240;236m        [48;2;0;0;0m[38;2;204;153;204mpublic[48;2;0;0;0m[38;2;242;240;236m [48;2;0;0;0m[38;2;204;153;204mstatic[48;2;0;0;0m[38;2;242;240;236m [48;2;0;0;0m[38;2;204;153;204mbool[48;2;0;0;0m[38;2;242;240;236m [48;2;0;0;0m[38;2;102;153;204mIsSpoilablePersonalFoodId[48;2;0;0;0m[38;2;242;240;236m([48;2;0;0;0m[38;2;204;153;204mstring[48;2;0;0;0m[38;2;242;240;236m [48;2;0;0;0m[38;2;242;119;122mitemId[48;2;0;0;0m[38;2;242;240;236m)[48;2;0;0;0m[38;2;242;240;236m
         220  [48;2;0;0;0m[38;2;242;240;236m        [48;2;0;0;0m[38;2;242;240;236m{[48;2;0;0;0m[38;2;242;240;236m
         221  [48;2;0;0;0m[38;2;242;240;236m            [48;2;0;0;0m[38;2;204;153;204mif[48;2;0;0;0m[38;2;242;240;236m [48;2;0;0;0m[38;2;242;240;236m([48;2;0;0;0m[38;2;204;153;204mstring[48;2;0;0;0m[38;2;242;240;236m.[48;2;0;0;0m[38;2;102;153;204mIsNullOrEmpty[48;2;0;0;0m[38;2;242;240;236m([48;2;0;0;0m[38;2;242;119;122mitemId[48;2;0;0;0m[38;2;242;240;236m)[48;2;0;0;0m[38;2;242;240;236m)[48;2;0;0;0m[38;2;242;240;236m [48;2;0;0;0m[38;2;204;153;204mreturn[48;2;0;0;0m[38;2;242;240;236m [48;2;0;0;0m[38;2;249;145;87mfalse[48;2;0;0;0m[38;2;242;240;236m;[48;2;0;0;0m[38;2;242;240;236m
         222  [48;2;0;0;0m[38;2;242;240;236m            [48;2;0;0;0m[38;2;204;153;204mif[48;2;0;0;0m[38;2;242;240;236m [48;2;0;0;0m[38;2;242;240;236m([48;2;0;0;0m[38;2;204;153;204mstring[48;2;0;0;0m[38;2;242;240;236m.[48;2;0;0;0m[38;2;102;153;204mEquals[48;2;0;0;0m[38;2;242;240;236m([48;2;0;0;0m[38;2;242;119;122mitemId[48;2;0;0;0m[38;2;242;240;236m,[48;2;0;0;0m[38;2;242;240;236m [48;2;0;0;0m[38;2;242;119;122mSpoiledMeatItemId[48;2;0;0;0m[38;2;242;240;236m,[48;2;0;0;0m[38;2;242;240;236m [48;2;0;0;0m[38;2;242;119;122mStringComparison[48;2;0;0;0m[38;2;242;240;236m.[48;2;0;0;0m[38;2;242;119;122mOrdinalIgnoreCase[48;2;0;0;0m[38;2;242;240;236m)[48;2;0;0;0m[38;2;242;240;236m)[48;2;0;0;0m[38;2;242;240;236m
         223  [48;2;0;0;0m[38;2;242;240;236m                [48;2;0;0;0m[38;2;204;153;204mreturn[48;2;0;0;0m[38;2;242;240;236m [48;2;0;0;0m[38;2;249;145;87mfalse[48;2;0;0;0m[38;2;242;240;236m;[48;2;0;0;0m[38;2;242;240;236m
         224  [48;2;0;0;0m[38;2;242;240;236m            [48;2;0;0;0m[38;2;204;153;204mif[48;2;0;0;0m[38;2;242;240;236m [48;2;0;0;0m[38;2;242;240;236m([48;2;0;0;0m[38;2;204;153;204mstring[48;2;0;0;0m[38;2;242;240;236m.[48;2;0;0;0m[38;2;102;153;204mEquals[48;2;0;0;0m[38;2;242;240;236m([48;2;0;0;0m[38;2;242;119;122mitemId[48;2;0;0;0m[38;2;242;240;236m,[48;2;0;0;0m[38;2;242;240;236m [48;2;0;0;0m[38;2;242;119;122mContaminatedFoodItemId[48;2;0;0;0m[38;2;242;240;236m,[48;2;0;0;0m[38;2;242;240;236m [48;2;0;0;0m[38;2;242;119;122mStringComparison[48;2;0;0;0m[38;2;242;240;236m.[48;2;0;0;0m[38;2;242;119;122mOrdinalIgnoreCase[48;2;0;0;0m[38;2;242;240;236m)[48;2;0;0;0m[38;2;242;240;236m)[48;2;0;0;0m[38;2;242;240;236m
              [hid 14 additional lines]

    Function with many returns (count = 6): TryRollBotulism

         244  [48;2;0;0;0m[38;2;242;240;236m        [48;2;0;0;0m[38;2;204;153;204mpublic[48;2;0;0;0m[38;2;242;240;236m [48;2;0;0;0m[38;2;204;153;204mbool[48;2;0;0;0m[38;2;242;240;236m [48;2;0;0;0m[38;2;102;153;204mTryRollBotulism[48;2;0;0;0m[38;2;242;240;236m([48;2;0;0;0m[38;2;242;240;236mSurvivor[48;2;0;0;0m[38;2;242;240;236m [48;2;0;0;0m[38;2;242;119;122meater[48;2;0;0;0m[38;2;242;240;236m,[48;2;0;0;0m[38;2;242;240;236m [48;2;0;0;0m[38;2;242;240;236mMedicalSystem[48;2;0;0;0m[38;2;242;240;236m [48;2;0;0;0m[38;2;242;119;122mmedical[48;2;0;0;0m[38;2;242;240;236m)[48;2;0;0;0m[38;2;242;240;236m
         245  [48;2;0;0;0m[38;2;242;240;236m        [48;2;0;0;0m[38;2;242;240;236m{[48;2;0;0;0m[38;2;242;240;236m
         246  [48;2;0;0;0m[38;2;242;240;236m            [48;2;0;0;0m[38;2;204;153;204mif[48;2;0;0;0m[38;2;242;240;236m [48;2;0;0;0m[38;2;242;240;236m([48;2;0;0;0m[38;2;242;119;122meater[48;2;0;0;0m[38;2;242;240;236m [48;2;0;0;0m[38;2;211;208;200m==[48;2;0;0;0m[38;2;242;240;236m [48;2;0;0;0m[38;2;249;145;87mnull[48;2;0;0;0m[38;2;242;240;236m [48;2;0;0;0m[38;2;211;208;200m||[48;2;0;0;0m[38;2;242;240;236m [48;2;0;0;0m[38;2;211;208;200m![48;2;0;0;0m[38;2;242;119;122meater[48;2;0;0;0m[38;2;242;240;236m.[48;2;0;0;0m[38;2;242;119;122mIsAlive[48;2;0;0;0m[38;2;242;240;236m [48;2;0;0;0m[38;2;211;208;200m||[48;2;0;0;0m[38;2;242;240;236m [48;2;0;0;0m[38;2;242;119;122mmedical[48;2;0;0;0m[38;2;242;240;236m [48;2;0;0;0m[38;2;211;208;200m==[48;2;0;0;0m[38;2;242;240;236m [48;2;0;0;0m[38;2;249;145;87mnull[48;2;0;0;0m[38;2;242;240;236m)[48;2;0;0;0m[38;2;242;240;236m [48;2;0;0;0m[38;2;204;153;204mreturn[48;2;0;0;0m[38;2;242;240;236m [48;2;0;0;0m[38;2;249;145;87mfalse[48;2;0;0;0m[38;2;242;240;236m;[48;2;0;0;0m[38;2;242;240;236m
         247  [48;2;0;0;0m[38;2;242;240;236m            [48;2;0;0;0m[38;2;116;115;105m//[48;2;0;0;0m[38;2;116;115;105m Prompt #224 — Survivalist eats raw ContaminatedFood without sickness.
         248  [48;2;0;0;0m[38;2;242;240;236m            [48;2;0;0;0m[38;2;204;153;204mif[48;2;0;0;0m[38;2;242;240;236m [48;2;0;0;0m[38;2;242;240;236m([48;2;0;0;0m[38;2;242;119;122m_personalQuests[48;2;0;0;0m[38;2;242;240;236m [48;2;0;0;0m[38;2;211;208;200m!=[48;2;0;0;0m[38;2;242;240;236m [48;2;0;0;0m[38;2;249;145;87mnull[48;2;0;0;0m[38;2;242;240;236m
         249  [48;2;0;0;0m[38;2;242;240;236m                [48;2;0;0;0m[38;2;211;208;200m&&[48;2;0;0;0m[38;2;242;240;236m [48;2;0;0;0m[38;2;242;119;122m_personalQuests[48;2;0;0;0m[38;2;242;240;236m.[48;2;0;0;0m[38;2;102;153;204mCanEatContaminatedWithoutSickness[48;2;0;0;0m[38;2;242;240;236m([48;2;0;0;0m[38;2;242;119;122meater[48;2;0;0;0m[38;2;242;240;236m)[48;2;0;0;0m[38;2;242;240;236m)[48;2;0;0;0m[38;2;242;240;236m
              [hid 9 additional lines]

    Deeply nested control flow (level = 5)

         129  [48;2;0;0;0m[38;2;242;240;236m                            [48;2;0;0;0m[38;2;204;153;204mfor[48;2;0;0;0m[38;2;242;240;236m [48;2;0;0;0m[38;2;242;240;236m([48;2;0;0;0m[38;2;204;153;204mint[48;2;0;0;0m[38;2;242;240;236m [48;2;0;0;0m[38;2;242;119;122mi[48;2;0;0;0m[38;2;242;240;236m [48;2;0;0;0m[38;2;211;208;200m=[48;2;0;0;0m[38;2;242;240;236m [48;2;0;0;0m[38;2;242;119;122mslots[48;2;0;0;0m[38;2;242;240;236m.[48;2;0;0;0m[38;2;242;119;122mCount[48;2;0;0;0m[38;2;242;240;236m [48;2;0;0;0m[38;2;211;208;200m-[48;2;0;0;0m[38;2;242;240;236m [48;2;0;0;0m[38;2;249;145;87m1[48;2;0;0;0m[38;2;242;240;236m;[48;2;0;0;0m[38;2;242;240;236m [48;2;0;0;0m[38;2;242;119;122mi[48;2;0;0;0m[38;2;242;240;236m [48;2;0;0;0m[38;2;211;208;200m>=[48;2;0;0;0m[38;2;242;240;236m [48;2;0;0;0m[38;2;249;145;87m0[48;2;0;0;0m[38;2;242;240;236m;[48;2;0;0;0m[38;2;242;240;236m [48;2;0;0;0m[38;2;242;119;122mi[48;2;0;0;0m[38;2;211;208;200m-[48;2;0;0;0m[38;2;211;208;200m-[48;2;0;0;0m[38;2;242;240;236m)[48;2;0;0;0m[38;2;242;240;236m
         130  [48;2;0;0;0m[38;2;242;240;236m                            [48;2;0;0;0m[38;2;242;240;236m{[48;2;0;0;0m[38;2;242;240;236m
         131  [48;2;0;0;0m[38;2;242;240;236m                                [48;2;0;0;0m[38;2;204;153;204mvar[48;2;0;0;0m[38;2;242;240;236m [48;2;0;0;0m[38;2;242;119;122mslot[48;2;0;0;0m[38;2;242;240;236m [48;2;0;0;0m[38;2;211;208;200m=[48;2;0;0;0m[38;2;242;240;236m [48;2;0;0;0m[38;2;242;119;122mslots[48;2;0;0;0m[38;2;242;240;236m[[48;2;0;0;0m[38;2;242;119;122mi[48;2;0;0;0m[38;2;242;240;236m][48;2;0;0;0m[38;2;242;240;236m;[48;2;0;0;0m[38;2;242;240;236m
         132  [48;2;0;0;0m[38;2;242;240;236m                                [48;2;0;0;0m[38;2;204;153;204mif[48;2;0;0;0m[38;2;242;240;236m [48;2;0;0;0m[38;2;242;240;236m([48;2;0;0;0m[38;2;242;119;122mslot[48;2;0;0;0m[38;2;242;240;236m?.[48;2;0;0;0m[38;2;242;119;122mItem[48;2;0;0;0m[38;2;242;240;236m [48;2;0;0;0m[38;2;211;208;200m==[48;2;0;0;0m[38;2;242;240;236m [48;2;0;0;0m[38;2;249;145;87mnull[48;2;0;0;0m[38;2;242;240;236m [48;2;0;0;0m[38;2;211;208;200m||[48;2;0;0;0m[38;2;242;240;236m [48;2;0;0;0m[38;2;242;119;122mslot[48;2;0;0;0m[38;2;242;240;236m.[48;2;0;0;0m[38;2;242;119;122mAmount[48;2;0;0;0m[38;2;242;240;236m [48;2;0;0;0m[38;2;211;208;200m<=[48;2;0;0;0m[38;2;242;240;236m [48;2;0;0;0m[38;2;249;145;87m0[48;2;0;0;0m[38;2;242;240;236m)[48;2;0;0;0m[38;2;242;240;236m [48;2;0;0;0m[38;2;204;153;204mcontinue[48;2;0;0;0m[38;2;242;240;236m;[48;2;0;0;0m[38;2;242;240;236m
         133  [48;2;0;0;0m[38;2;242;240;236m                                [48;2;0;0;0m[38;2;204;153;204mif[48;2;0;0;0m[38;2;242;240;236m [48;2;0;0;0m[38;2;242;240;236m([48;2;0;0;0m[38;2;242;119;122mslot[48;2;0;0;0m[38;2;242;240;236m.[48;2;0;0;0m[38;2;242;119;122mItem[48;2;0;0;0m[38;2;242;240;236m.[48;2;0;0;0m[38;2;242;119;122mtype[48;2;0;0;0m[38;2;242;240;236m [48;2;0;0;0m[38;2;211;208;200m!=[48;2;0;0;0m[38;2;242;240;236m [48;2;0;0;0m[38;2;242;119;122mItemType[48;2;0;0;0m[38;2;242;240;236m.[48;2;0;0;0m[38;2;242;119;122mFood[48;2;0;0;0m[38;2;242;240;236m)[48;2;0;0;0m[38;2;242;240;236m [48;2;0;0;0m[38;2;204;153;204mcontinue[48;2;0;0;0m[38;2;242;240;236m;[48;2;0;0;0m[38;2;242;240;236m
         134  [48;2;0;0;0m[38;2;242;240;236m
              [hid 15 additional lines]

    Deeply nested control flow (level = 5)

         155  [48;2;0;0;0m[38;2;242;240;236m                            [48;2;0;0;0m[38;2;204;153;204mfor[48;2;0;0;0m[38;2;242;240;236m [48;2;0;0;0m[38;2;242;240;236m([48;2;0;0;0m[38;2;204;153;204mint[48;2;0;0;0m[38;2;242;240;236m [48;2;0;0;0m[38;2;242;119;122mi[48;2;0;0;0m[38;2;242;240;236m [48;2;0;0;0m[38;2;211;208;200m=[48;2;0;0;0m[38;2;242;240;236m [48;2;0;0;0m[38;2;249;145;87m0[48;2;0;0;0m[38;2;242;240;236m;[48;2;0;0;0m[38;2;242;240;236m [48;2;0;0;0m[38;2;242;119;122mi[48;2;0;0;0m[38;2;242;240;236m [48;2;0;0;0m[38;2;211;208;200m<[48;2;0;0;0m[38;2;242;240;236m [48;2;0;0;0m[38;2;242;119;122mroom[48;2;0;0;0m[38;2;242;240;236m.[48;2;0;0;0m[38;2;242;119;122mSlots[48;2;0;0;0m[38;2;242;240;236m.[48;2;0;0;0m[38;2;242;119;122mCount[48;2;0;0;0m[38;2;242;240;236m;[48;2;0;0;0m[38;2;242;240;236m [48;2;0;0;0m[38;2;242;119;122mi[48;2;0;0;0m[38;2;211;208;200m+[48;2;0;0;0m[38;2;211;208;200m+[48;2;0;0;0m[38;2;242;240;236m)[48;2;0;0;0m[38;2;242;240;236m
         156  [48;2;0;0;0m[38;2;242;240;236m                            [48;2;0;0;0m[38;2;242;240;236m{[48;2;0;0;0m[38;2;242;240;236m
         157  [48;2;0;0;0m[38;2;242;240;236m                                [48;2;0;0;0m[38;2;204;153;204mvar[48;2;0;0;0m[38;2;242;240;236m [48;2;0;0;0m[38;2;242;119;122mslot[48;2;0;0;0m[38;2;242;240;236m [48;2;0;0;0m[38;2;211;208;200m=[48;2;0;0;0m[38;2;242;240;236m [48;2;0;0;0m[38;2;242;119;122mroom[48;2;0;0;0m[38;2;242;240;236m.[48;2;0;0;0m[38;2;242;119;122mSlots[48;2;0;0;0m[38;2;242;240;236m[[48;2;0;0;0m[38;2;242;119;122mi[48;2;0;0;0m[38;2;242;240;236m][48;2;0;0;0m[38;2;242;240;236m;[48;2;0;0;0m[38;2;242;240;236m
         158  [48;2;0;0;0m[38;2;242;240;236m                                [48;2;0;0;0m[38;2;204;153;204mif[48;2;0;0;0m[38;2;242;240;236m [48;2;0;0;0m[38;2;242;240;236m([48;2;0;0;0m[38;2;242;119;122mslot[48;2;0;0;0m[38;2;242;240;236m [48;2;0;0;0m[38;2;211;208;200m==[48;2;0;0;0m[38;2;242;240;236m [48;2;0;0;0m[38;2;249;145;87mnull[48;2;0;0;0m[38;2;242;240;236m [48;2;0;0;0m[38;2;211;208;200m||[48;2;0;0;0m[38;2;242;240;236m [48;2;0;0;0m[38;2;242;119;122mslot[48;2;0;0;0m[38;2;242;240;236m.[48;2;0;0;0m[38;2;242;119;122mIsEmpty[48;2;0;0;0m[38;2;242;240;236m [48;2;0;0;0m[38;2;211;208;200m||[48;2;0;0;0m[38;2;242;240;236m [48;2;0;0;0m[38;2;242;119;122mslot[48;2;0;0;0m[38;2;242;240;236m.[48;2;0;0;0m[38;2;242;119;122mItem[48;2;0;0;0m[38;2;242;240;236m [48;2;0;0;0m[38;2;211;208;200m==[48;2;0;0;0m[38;2;242;240;236m [48;2;0;0;0m[38;2;249;145;87mnull[48;2;0;0;0m[38;2;242;240;236m)[48;2;0;0;0m[38;2;242;240;236m [48;2;0;0;0m[38;2;204;153;204mcontinue[48;2;0;0;0m[38;2;242;240;236m;[48;2;0;0;0m[38;2;242;240;236m
         159  [48;2;0;0;0m[38;2;242;240;236m                                [48;2;0;0;0m[38;2;204;153;204mif[48;2;0;0;0m[38;2;242;240;236m [48;2;0;0;0m[38;2;242;240;236m([48;2;0;0;0m[38;2;242;119;122mslot[48;2;0;0;0m[38;2;242;240;236m.[48;2;0;0;0m[38;2;242;119;122mItem[48;2;0;0;0m[38;2;242;240;236m.[48;2;0;0;0m[38;2;242;119;122mtype[48;2;0;0;0m[38;2;242;240;236m [48;2;0;0;0m[38;2;211;208;200m!=[48;2;0;0;0m[38;2;242;240;236m [48;2;0;0;0m[38;2;242;119;122mItemType[48;2;0;0;0m[38;2;242;240;236m.[48;2;0;0;0m[38;2;242;119;122mFood[48;2;0;0;0m[38;2;242;240;236m)[48;2;0;0;0m[38;2;242;240;236m [48;2;0;0;0m[38;2;204;153;204mcontinue[48;2;0;0;0m[38;2;242;240;236m;[48;2;0;0;0m[38;2;242;240;236m
         160  [48;2;0;0;0m[38;2;242;240;236m
              [hid 13 additional lines]

    Complex binary expression

         231  [48;2;0;0;0m[38;2;242;240;236m            [48;2;0;0;0m[38;2;204;153;204mreturn[48;2;0;0;0m[38;2;242;240;236m [48;2;0;0;0m[38;2;242;119;122mitemId[48;2;0;0;0m[38;2;242;240;236m.[48;2;0;0;0m[38;2;102;153;204mIndexOf[48;2;0;0;0m[38;2;242;240;236m([48;2;0;0;0m[38;2;211;208;200m"[48;2;0;0;0m[38;2;153;204;153mfood[48;2;0;0;0m[38;2;211;208;200m"[48;2;0;0;0m[38;2;242;240;236m,[48;2;0;0;0m[38;2;242;240;236m [48;2;0;0;0m[38;2;242;119;122mStringComparison[48;2;0;0;0m[38;2;242;240;236m.[48;2;0;0;0m[38;2;242;119;122mOrdinalIgnoreCase[48;2;0;0;0m[38;2;242;240;236m)[48;2;0;0;0m[38;2;242;240;236m [48;2;0;0;0m[38;2;211;208;200m>=[48;2;0;0;0m[38;2;242;240;236m [48;2;0;0;0m[38;2;249;145;87m0[48;2;0;0;0m[38;2;242;240;236m
         232  [48;2;0;0;0m[38;2;242;240;236m                [48;2;0;0;0m[38;2;211;208;200m||[48;2;0;0;0m[38;2;242;240;236m [48;2;0;0;0m[38;2;242;119;122mitemId[48;2;0;0;0m[38;2;242;240;236m.[48;2;0;0;0m[38;2;102;153;204mIndexOf[48;2;0;0;0m[38;2;242;240;236m([48;2;0;0;0m[38;2;211;208;200m"[48;2;0;0;0m[38;2;153;204;153mration[48;2;0;0;0m[38;2;211;208;200m"[48;2;0;0;0m[38;2;242;240;236m,[48;2;0;0;0m[38;2;242;240;236m [48;2;0;0;0m[38;2;242;119;122mStringComparison[48;2;0;0;0m[38;2;242;240;236m.[48;2;0;0;0m[38;2;242;119;122mOrdinalIgnoreCase[48;2;0;0;0m[38;2;242;240;236m)[48;2;0;0;0m[38;2;242;240;236m [48;2;0;0;0m[38;2;211;208;200m>=[48;2;0;0;0m[38;2;242;240;236m [48;2;0;0;0m[38;2;249;145;87m0[48;2;0;0;0m[38;2;242;240;236m
         233  [48;2;0;0;0m[38;2;242;240;236m                [48;2;0;0;0m[38;2;211;208;200m||[48;2;0;0;0m[38;2;242;240;236m [48;2;0;0;0m[38;2;242;119;122mitemId[48;2;0;0;0m[38;2;242;240;236m.[48;2;0;0;0m[38;2;102;153;204mIndexOf[48;2;0;0;0m[38;2;242;240;236m([48;2;0;0;0m[38;2;211;208;200m"[48;2;0;0;0m[38;2;153;204;153mcan[48;2;0;0;0m[38;2;211;208;200m"[48;2;0;0;0m[38;2;242;240;236m,[48;2;0;0;0m[38;2;242;240;236m [48;2;0;0;0m[38;2;242;119;122mStringComparison[48;2;0;0;0m[38;2;242;240;236m.[48;2;0;0;0m[38;2;242;119;122mOrdinalIgnoreCase[48;2;0;0;0m[38;2;242;240;236m)[48;2;0;0;0m[38;2;242;240;236m [48;2;0;0;0m[38;2;211;208;200m>=[48;2;0;0;0m[38;2;242;240;236m [48;2;0;0;0m[38;2;249;145;87m0[48;2;0;0;0m[38;2;242;240;236m
         234  [48;2;0;0;0m[38;2;242;240;236m                [48;2;0;0;0m[38;2;211;208;200m||[48;2;0;0;0m[38;2;242;240;236m [48;2;0;0;0m[38;2;242;119;122mitemId[48;2;0;0;0m[38;2;242;240;236m.[48;2;0;0;0m[38;2;102;153;204mIndexOf[48;2;0;0;0m[38;2;242;240;236m([48;2;0;0;0m[38;2;211;208;200m"[48;2;0;0;0m[38;2;153;204;153mbean[48;2;0;0;0m[38;2;211;208;200m"[48;2;0;0;0m[38;2;242;240;236m,[48;2;0;0;0m[38;2;242;240;236m [48;2;0;0;0m[38;2;242;119;122mStringComparison[48;2;0;0;0m[38;2;242;240;236m.[48;2;0;0;0m[38;2;242;119;122mOrdinalIgnoreCase[48;2;0;0;0m[38;2;242;240;236m)[48;2;0;0;0m[38;2;242;240;236m [48;2;0;0;0m[38;2;211;208;200m>=[48;2;0;0;0m[38;2;242;240;236m [48;2;0;0;0m[38;2;249;145;87m0[48;2;0;0;0m[38;2;242;240;236m

    High total complexity (count = 141)

           1  [48;2;0;0;0m[38;2;204;153;204musing[48;2;0;0;0m[38;2;211;208;200m [48;2;0;0;0m[38;2;211;208;200mSystem[48;2;0;0;0m[38;2;211;208;200m;[48;2;0;0;0m[38;2;211;208;200m
           2  [48;2;0;0;0m[38;2;204;153;204musing[48;2;0;0;0m[38;2;211;208;200m [48;2;0;0;0m[38;2;211;208;200mSystem[48;2;0;0;0m[38;2;211;208;200m.[48;2;0;0;0m[38;2;211;208;200mCollections[48;2;0;0;0m[38;2;211;208;200m.[48;2;0;0;0m[38;2;211;208;200mGeneric[48;2;0;0;0m[38;2;211;208;200m;[48;2;0;0;0m[38;2;211;208;200m
           3  [48;2;0;0;0m[38;2;204;153;204musing[48;2;0;0;0m[38;2;211;208;200m [48;2;0;0;0m[38;2;211;208;200mUnityEngine[48;2;0;0;0m[38;2;211;208;200m;[48;2;0;0;0m[38;2;211;208;200m
           4  [48;2;0;0;0m[38;2;204;153;204musing[48;2;0;0;0m[38;2;211;208;200m [48;2;0;0;0m[38;2;211;208;200mAtomicWar[48;2;0;0;0m[38;2;211;208;200m.[48;2;0;0;0m[38;2;211;208;200m_Game[48;2;0;0;0m[38;2;211;208;200m.[48;2;0;0;0m[38;2;211;208;200mInventory[48;2;0;0;0m[38;2;211;208;200m;[48;2;0;0;0m[38;2;211;208;200m
           5  [48;2;0;0;0m[38;2;204;153;204musing[48;2;0;0;0m[38;2;211;208;200m [48;2;0;0;0m[38;2;211;208;200mAtomicWar[48;2;0;0;0m[38;2;211;208;200m.[48;2;0;0;0m[38;2;211;208;200m_Game[48;2;0;0;0m[38;2;211;208;200m.[48;2;0;0;0m[38;2;211;208;200mMedical[48;2;0;0;0m[38;2;211;208;200m;[48;2;0;0;0m[38;2;211;208;200m
           6  [48;2;0;0;0m[38;2;204;153;204musing[48;2;0;0;0m[38;2;211;208;200m [48;2;0;0;0m[38;2;211;208;200mAtomicWar[48;2;0;0;0m[38;2;211;208;200m.[48;2;0;0;0m[38;2;211;208;200m_Game[48;2;0;0;0m[38;2;211;208;200m.[48;2;0;0;0m[38;2;211;208;200mRadiation[48;2;0;0;0m[38;2;211;208;200m;[48;2;0;0;0m[38;2;211;208;200m
              [hid 304 additional lines]

    Function with high complexity (count = 106): Tick

         101  [48;2;0;0;0m[38;2;242;240;236m        [48;2;0;0;0m[38;2;204;153;204mpublic[48;2;0;0;0m[38;2;242;240;236m [48;2;0;0;0m[38;2;204;153;204mvoid[48;2;0;0;0m[38;2;242;240;236m [48;2;0;0;0m[38;2;102;153;204mTick[48;2;0;0;0m[38;2;242;240;236m([48;2;0;0;0m[38;2;204;153;204mfloat[48;2;0;0;0m[38;2;242;240;236m [48;2;0;0;0m[38;2;242;119;122mgameHours[48;2;0;0;0m[38;2;242;240;236m,[48;2;0;0;0m[38;2;242;240;236m [48;2;0;0;0m[38;2;242;240;236mShelterRoom[48;2;0;0;0m[38;2;242;240;236m [48;2;0;0;0m[38;2;242;119;122mhumiditySource[48;2;0;0;0m[38;2;242;240;236m [48;2;0;0;0m[38;2;211;208;200m=[48;2;0;0;0m[38;2;242;240;236m [48;2;0;0;0m[38;2;249;145;87mnull[48;2;0;0;0m[38;2;242;240;236m)[48;2;0;0;0m[38;2;242;240;236m
         102  [48;2;0;0;0m[38;2;242;240;236m        [48;2;0;0;0m[38;2;242;240;236m{[48;2;0;0;0m[38;2;242;240;236m
         103  [48;2;0;0;0m[38;2;242;240;236m            [48;2;0;0;0m[38;2;204;153;204mif[48;2;0;0;0m[38;2;242;240;236m [48;2;0;0;0m[38;2;242;240;236m([48;2;0;0;0m[38;2;242;119;122mgameHours[48;2;0;0;0m[38;2;242;240;236m [48;2;0;0;0m[38;2;211;208;200m<=[48;2;0;0;0m[38;2;242;240;236m [48;2;0;0;0m[38;2;249;145;87m0[48;2;0;0;0m[38;2;204;153;204mf[48;2;0;0;0m[38;2;242;240;236m)[48;2;0;0;0m[38;2;242;240;236m [48;2;0;0;0m[38;2;204;153;204mreturn[48;2;0;0;0m[38;2;242;240;236m;[48;2;0;0;0m[38;2;242;240;236m
         104  [48;2;0;0;0m[38;2;242;240;236m
         105  [48;2;0;0;0m[38;2;242;240;236m            [48;2;0;0;0m[38;2;204;153;204mint[48;2;0;0;0m[38;2;242;240;236m [48;2;0;0;0m[38;2;242;119;122mconverted[48;2;0;0;0m[38;2;242;240;236m [48;2;0;0;0m[38;2;211;208;200m=[48;2;0;0;0m[38;2;242;240;236m [48;2;0;0;0m[38;2;249;145;87m0[48;2;0;0;0m[38;2;242;240;236m;[48;2;0;0;0m[38;2;242;240;236m
         106  [48;2;0;0;0m[38;2;242;240;236m
              [hid 78 additional lines]

    Function with high complexity (count = 18): TickPersonalStashes

         192  [48;2;0;0;0m[38;2;242;240;236m        [48;2;0;0;0m[38;2;204;153;204mpublic[48;2;0;0;0m[38;2;242;240;236m [48;2;0;0;0m[38;2;204;153;204mint[48;2;0;0;0m[38;2;242;240;236m [48;2;0;0;0m[38;2;102;153;204mTickPersonalStashes[48;2;0;0;0m[38;2;242;240;236m([48;2;0;0;0m[38;2;242;240;236mIReadOnlyList[48;2;0;0;0m[38;2;242;240;236m<[48;2;0;0;0m[38;2;242;240;236mSurvivor[48;2;0;0;0m[38;2;242;240;236m>[48;2;0;0;0m[38;2;242;240;236m [48;2;0;0;0m[38;2;242;119;122msurvivors[48;2;0;0;0m[38;2;242;240;236m,[48;2;0;0;0m[38;2;242;240;236m [48;2;0;0;0m[38;2;204;153;204mfloat[48;2;0;0;0m[38;2;242;240;236m [48;2;0;0;0m[38;2;242;119;122mgameHours[48;2;0;0;0m[38;2;242;240;236m)[48;2;0;0;0m[38;2;242;240;236m
         193  [48;2;0;0;0m[38;2;242;240;236m        [48;2;0;0;0m[38;2;242;240;236m{[48;2;0;0;0m[38;2;242;240;236m
         194  [48;2;0;0;0m[38;2;242;240;236m            [48;2;0;0;0m[38;2;204;153;204mif[48;2;0;0;0m[38;2;242;240;236m [48;2;0;0;0m[38;2;242;240;236m([48;2;0;0;0m[38;2;242;119;122msurvivors[48;2;0;0;0m[38;2;242;240;236m [48;2;0;0;0m[38;2;211;208;200m==[48;2;0;0;0m[38;2;242;240;236m [48;2;0;0;0m[38;2;249;145;87mnull[48;2;0;0;0m[38;2;242;240;236m [48;2;0;0;0m[38;2;211;208;200m||[48;2;0;0;0m[38;2;242;240;236m [48;2;0;0;0m[38;2;242;119;122mgameHours[48;2;0;0;0m[38;2;242;240;236m [48;2;0;0;0m[38;2;211;208;200m<=[48;2;0;0;0m[38;2;242;240;236m [48;2;0;0;0m[38;2;249;145;87m0[48;2;0;0;0m[38;2;204;153;204mf[48;2;0;0;0m[38;2;242;240;236m)[48;2;0;0;0m[38;2;242;240;236m [48;2;0;0;0m[38;2;204;153;204mreturn[48;2;0;0;0m[38;2;242;240;236m [48;2;0;0;0m[38;2;249;145;87m0[48;2;0;0;0m[38;2;242;240;236m;[48;2;0;0;0m[38;2;242;240;236m
         195  [48;2;0;0;0m[38;2;242;240;236m            [48;2;0;0;0m[38;2;204;153;204mint[48;2;0;0;0m[38;2;242;240;236m [48;2;0;0;0m[38;2;242;119;122mspoiled[48;2;0;0;0m[38;2;242;240;236m [48;2;0;0;0m[38;2;211;208;200m=[48;2;0;0;0m[38;2;242;240;236m [48;2;0;0;0m[38;2;249;145;87m0[48;2;0;0;0m[38;2;242;240;236m;[48;2;0;0;0m[38;2;242;240;236m
         196  [48;2;0;0;0m[38;2;242;240;236m            [48;2;0;0;0m[38;2;204;153;204mfor[48;2;0;0;0m[38;2;242;240;236m [48;2;0;0;0m[38;2;242;240;236m([48;2;0;0;0m[38;2;204;153;204mint[48;2;0;0;0m[38;2;242;240;236m [48;2;0;0;0m[38;2;242;119;122mi[48;2;0;0;0m[38;2;242;240;236m [48;2;0;0;0m[38;2;211;208;200m=[48;2;0;0;0m[38;2;242;240;236m [48;2;0;0;0m[38;2;249;145;87m0[48;2;0;0;0m[38;2;242;240;236m;[48;2;0;0;0m[38;2;242;240;236m [48;2;0;0;0m[38;2;242;119;122mi[48;2;0;0;0m[38;2;242;240;236m [48;2;0;0;0m[38;2;211;208;200m<[48;2;0;0;0m[38;2;242;240;236m [48;2;0;0;0m[38;2;242;119;122msurvivors[48;2;0;0;0m[38;2;242;240;236m.[48;2;0;0;0m[38;2;242;119;122mCount[48;2;0;0;0m[38;2;242;240;236m;[48;2;0;0;0m[38;2;242;240;236m [48;2;0;0;0m[38;2;242;119;122mi[48;2;0;0;0m[38;2;211;208;200m+[48;2;0;0;0m[38;2;211;208;200m+[48;2;0;0;0m[38;2;242;240;236m)[48;2;0;0;0m[38;2;242;240;236m
         197  [48;2;0;0;0m[38;2;242;240;236m            [48;2;0;0;0m[38;2;242;240;236m{[48;2;0;0;0m[38;2;242;240;236m
              [hid 19 additional lines]


Assets/_Game/Core/PlayerInputHandler.cs
    High total complexity (count = 75)

           1  [48;2;0;0;0m[38;2;204;153;204musing[48;2;0;0;0m[38;2;211;208;200m [48;2;0;0;0m[38;2;211;208;200mUnityEngine[48;2;0;0;0m[38;2;211;208;200m;[48;2;0;0;0m[38;2;211;208;200m
           2  [48;2;0;0;0m[38;2;204;153;204musing[48;2;0;0;0m[38;2;211;208;200m [48;2;0;0;0m[38;2;211;208;200mAtomicWar[48;2;0;0;0m[38;2;211;208;200m.[48;2;0;0;0m[38;2;211;208;200m_Game[48;2;0;0;0m[38;2;211;208;200m.[48;2;0;0;0m[38;2;211;208;200mInventory[48;2;0;0;0m[38;2;211;208;200m;[48;2;0;0;0m[38;2;211;208;200m
           3  [48;2;0;0;0m[38;2;204;153;204musing[48;2;0;0;0m[38;2;211;208;200m [48;2;0;0;0m[38;2;211;208;200mAtomicWar[48;2;0;0;0m[38;2;211;208;200m.[48;2;0;0;0m[38;2;211;208;200m_Game[48;2;0;0;0m[38;2;211;208;200m.[48;2;0;0;0m[38;2;211;208;200mSurvivors[48;2;0;0;0m[38;2;211;208;200m;[48;2;0;0;0m[38;2;211;208;200m
           4  [48;2;0;0;0m[38;2;204;153;204musing[48;2;0;0;0m[38;2;211;208;200m [48;2;0;0;0m[38;2;211;208;200mAtomicWar[48;2;0;0;0m[38;2;211;208;200m.[48;2;0;0;0m[38;2;211;208;200m_Game[48;2;0;0;0m[38;2;211;208;200m.[48;2;0;0;0m[38;2;211;208;200mUI[48;2;0;0;0m[38;2;211;208;200m;[48;2;0;0;0m[38;2;211;208;200m
           5  [48;2;0;0;0m[38;2;211;208;200m
           6  [48;2;0;0;0m[38;2;204;153;204mnamespace[48;2;0;0;0m[38;2;211;208;200m [48;2;0;0;0m[38;2;211;208;200mAtomicWar[48;2;0;0;0m[38;2;211;208;200m.[48;2;0;0;0m[38;2;211;208;200m_Game[48;2;0;0;0m[38;2;211;208;200m.[48;2;0;0;0m[38;2;211;208;200mCore[48;2;0;0;0m[38;2;211;208;200m
              [hid 249 additional lines]

    Function with high complexity (count = 48): Update

          64  [48;2;0;0;0m[38;2;242;240;236m        [48;2;0;0;0m[38;2;204;153;204mprivate[48;2;0;0;0m[38;2;242;240;236m [48;2;0;0;0m[38;2;204;153;204mvoid[48;2;0;0;0m[38;2;242;240;236m [48;2;0;0;0m[38;2;102;153;204mUpdate[48;2;0;0;0m[38;2;242;240;236m([48;2;0;0;0m[38;2;242;240;236m)[48;2;0;0;0m[38;2;242;240;236m
          65  [48;2;0;0;0m[38;2;242;240;236m        [48;2;0;0;0m[38;2;242;240;236m{[48;2;0;0;0m[38;2;242;240;236m
          66  [48;2;0;0;0m[38;2;242;240;236m            [48;2;0;0;0m[38;2;204;153;204mif[48;2;0;0;0m[38;2;242;240;236m [48;2;0;0;0m[38;2;242;240;236m([48;2;0;0;0m[38;2;242;119;122m_bootstrap[48;2;0;0;0m[38;2;242;240;236m [48;2;0;0;0m[38;2;211;208;200m==[48;2;0;0;0m[38;2;242;240;236m [48;2;0;0;0m[38;2;249;145;87mnull[48;2;0;0;0m[38;2;242;240;236m)[48;2;0;0;0m[38;2;242;240;236m [48;2;0;0;0m[38;2;204;153;204mreturn[48;2;0;0;0m[38;2;242;240;236m;[48;2;0;0;0m[38;2;242;240;236m
          67  [48;2;0;0;0m[38;2;242;240;236m
          68  [48;2;0;0;0m[38;2;242;240;236m            [48;2;0;0;0m[38;2;116;115;105m//[48;2;0;0;0m[38;2;116;115;105m Pause toggle
          69  [48;2;0;0;0m[38;2;242;240;236m            [48;2;0;0;0m[38;2;204;153;204mif[48;2;0;0;0m[38;2;242;240;236m [48;2;0;0;0m[38;2;242;240;236m([48;2;0;0;0m[38;2;242;119;122mInput[48;2;0;0;0m[38;2;242;240;236m.[48;2;0;0;0m[38;2;102;153;204mGetKeyDown[48;2;0;0;0m[38;2;242;240;236m([48;2;0;0;0m[38;2;242;119;122m_pauseKey[48;2;0;0;0m[38;2;242;240;236m)[48;2;0;0;0m[38;2;242;240;236m)[48;2;0;0;0m[38;2;242;240;236m
              [hid 89 additional lines]


Assets/_Game/Core/PropagandaSystem.cs
    Function with many parameters (count = 6): SendBroadcast

          67  [48;2;0;0;0m[38;2;242;240;236m        [48;2;0;0;0m[38;2;204;153;204mpublic[48;2;0;0;0m[38;2;242;240;236m [48;2;0;0;0m[38;2;242;240;236mPropagandaBroadcast[48;2;0;0;0m[38;2;242;240;236m [48;2;0;0;0m[38;2;102;153;204mSendBroadcast[48;2;0;0;0m[38;2;242;240;236m([48;2;0;0;0m[38;2;242;240;236m
          68  [48;2;0;0;0m[38;2;242;240;236m            [48;2;0;0;0m[38;2;204;153;204mstring[48;2;0;0;0m[38;2;242;240;236m [48;2;0;0;0m[38;2;242;119;122mtargetFactionId[48;2;0;0;0m[38;2;242;240;236m,[48;2;0;0;0m[38;2;242;240;236m
          69  [48;2;0;0;0m[38;2;242;240;236m            [48;2;0;0;0m[38;2;204;153;204mstring[48;2;0;0;0m[38;2;242;240;236m [48;2;0;0;0m[38;2;242;119;122mrivalFactionId[48;2;0;0;0m[38;2;242;240;236m,[48;2;0;0;0m[38;2;242;240;236m
          70  [48;2;0;0;0m[38;2;242;240;236m            [48;2;0;0;0m[38;2;204;153;204mstring[48;2;0;0;0m[38;2;242;240;236m [48;2;0;0;0m[38;2;242;119;122mbroadcasterId[48;2;0;0;0m[38;2;242;240;236m,[48;2;0;0;0m[38;2;242;240;236m
          71  [48;2;0;0;0m[38;2;242;240;236m            [48;2;0;0;0m[38;2;204;153;204mfloat[48;2;0;0;0m[38;2;242;240;236m [48;2;0;0;0m[38;2;242;119;122mbroadcasterMorale[48;2;0;0;0m[38;2;242;240;236m,[48;2;0;0;0m[38;2;242;240;236m
          72  [48;2;0;0;0m[38;2;242;240;236m            [48;2;0;0;0m[38;2;242;240;236mFunc[48;2;0;0;0m[38;2;242;240;236m<[48;2;0;0;0m[38;2;204;153;204mstring[48;2;0;0;0m[38;2;242;240;236m,[48;2;0;0;0m[38;2;242;240;236m [48;2;0;0;0m[38;2;204;153;204mbool[48;2;0;0;0m[38;2;242;240;236m>[48;2;0;0;0m[38;2;242;240;236m [48;2;0;0;0m[38;2;242;119;122mhasItem[48;2;0;0;0m[38;2;242;240;236m,[48;2;0;0;0m[38;2;242;240;236m
              [hid 1 additional lines]

    Function with many returns (count = 6): SendBroadcast

          67  [48;2;0;0;0m[38;2;242;240;236m        [48;2;0;0;0m[38;2;204;153;204mpublic[48;2;0;0;0m[38;2;242;240;236m [48;2;0;0;0m[38;2;242;240;236mPropagandaBroadcast[48;2;0;0;0m[38;2;242;240;236m [48;2;0;0;0m[38;2;102;153;204mSendBroadcast[48;2;0;0;0m[38;2;242;240;236m([48;2;0;0;0m[38;2;242;240;236m
          68  [48;2;0;0;0m[38;2;242;240;236m            [48;2;0;0;0m[38;2;204;153;204mstring[48;2;0;0;0m[38;2;242;240;236m [48;2;0;0;0m[38;2;242;119;122mtargetFactionId[48;2;0;0;0m[38;2;242;240;236m,[48;2;0;0;0m[38;2;242;240;236m
          69  [48;2;0;0;0m[38;2;242;240;236m            [48;2;0;0;0m[38;2;204;153;204mstring[48;2;0;0;0m[38;2;242;240;236m [48;2;0;0;0m[38;2;242;119;122mrivalFactionId[48;2;0;0;0m[38;2;242;240;236m,[48;2;0;0;0m[38;2;242;240;236m
          70  [48;2;0;0;0m[38;2;242;240;236m            [48;2;0;0;0m[38;2;204;153;204mstring[48;2;0;0;0m[38;2;242;240;236m [48;2;0;0;0m[38;2;242;119;122mbroadcasterId[48;2;0;0;0m[38;2;242;240;236m,[48;2;0;0;0m[38;2;242;240;236m
          71  [48;2;0;0;0m[38;2;242;240;236m            [48;2;0;0;0m[38;2;204;153;204mfloat[48;2;0;0;0m[38;2;242;240;236m [48;2;0;0;0m[38;2;242;119;122mbroadcasterMorale[48;2;0;0;0m[38;2;242;240;236m,[48;2;0;0;0m[38;2;242;240;236m
          72  [48;2;0;0;0m[38;2;242;240;236m            [48;2;0;0;0m[38;2;242;240;236mFunc[48;2;0;0;0m[38;2;242;240;236m<[48;2;0;0;0m[38;2;204;153;204mstring[48;2;0;0;0m[38;2;242;240;236m,[48;2;0;0;0m[38;2;242;240;236m [48;2;0;0;0m[38;2;204;153;204mbool[48;2;0;0;0m[38;2;242;240;236m>[48;2;0;0;0m[38;2;242;240;236m [48;2;0;0;0m[38;2;242;119;122mhasItem[48;2;0;0;0m[38;2;242;240;236m,[48;2;0;0;0m[38;2;242;240;236m
              [hid 27 additional lines]


Assets/_Game/Core/RadioTunerSystem.cs
    Function with many returns (count = 6): GetWeatherSignalModifier

         205  [48;2;0;0;0m[38;2;242;240;236m        [48;2;0;0;0m[38;2;204;153;204mpublic[48;2;0;0;0m[38;2;242;240;236m [48;2;0;0;0m[38;2;204;153;204mstatic[48;2;0;0;0m[38;2;242;240;236m [48;2;0;0;0m[38;2;204;153;204mfloat[48;2;0;0;0m[38;2;242;240;236m [48;2;0;0;0m[38;2;102;153;204mGetWeatherSignalModifier[48;2;0;0;0m[38;2;242;240;236m([48;2;0;0;0m[38;2;242;240;236mWeatherKind[48;2;0;0;0m[38;2;242;240;236m [48;2;0;0;0m[38;2;242;119;122mweather[48;2;0;0;0m[38;2;242;240;236m)[48;2;0;0;0m[38;2;242;240;236m
         206  [48;2;0;0;0m[38;2;242;240;236m        [48;2;0;0;0m[38;2;242;240;236m{[48;2;0;0;0m[38;2;242;240;236m
         207  [48;2;0;0;0m[38;2;242;240;236m            [48;2;0;0;0m[38;2;204;153;204mswitch[48;2;0;0;0m[38;2;242;240;236m [48;2;0;0;0m[38;2;242;240;236m([48;2;0;0;0m[38;2;242;119;122mweather[48;2;0;0;0m[38;2;242;240;236m)[48;2;0;0;0m[38;2;242;240;236m
         208  [48;2;0;0;0m[38;2;242;240;236m            [48;2;0;0;0m[38;2;242;240;236m{[48;2;0;0;0m[38;2;242;240;236m
         209  [48;2;0;0;0m[38;2;242;240;236m                [48;2;0;0;0m[38;2;204;153;204mcase[48;2;0;0;0m[38;2;242;240;236m [48;2;0;0;0m[38;2;242;119;122mWeatherKind[48;2;0;0;0m[38;2;242;240;236m.[48;2;0;0;0m[38;2;249;145;87mClear[48;2;0;0;0m[38;2;242;240;236m:[48;2;0;0;0m[38;2;242;240;236m [48;2;0;0;0m[38;2;204;153;204mreturn[48;2;0;0;0m[38;2;242;240;236m [48;2;0;0;0m[38;2;249;145;87m1.0[48;2;0;0;0m[38;2;204;153;204mf[48;2;0;0;0m[38;2;242;240;236m;[48;2;0;0;0m[38;2;242;240;236m
         210  [48;2;0;0;0m[38;2;242;240;236m                [48;2;0;0;0m[38;2;204;153;204mcase[48;2;0;0;0m[38;2;242;240;236m [48;2;0;0;0m[38;2;242;119;122mWeatherKind[48;2;0;0;0m[38;2;242;240;236m.[48;2;0;0;0m[38;2;249;145;87mAshfall[48;2;0;0;0m[38;2;242;240;236m:[48;2;0;0;0m[38;2;242;240;236m [48;2;0;0;0m[38;2;204;153;204mreturn[48;2;0;0;0m[38;2;242;240;236m [48;2;0;0;0m[38;2;249;145;87m0.8[48;2;0;0;0m[38;2;204;153;204mf[48;2;0;0;0m[38;2;242;240;236m;[48;2;0;0;0m[38;2;242;240;236m
              [hid 6 additional lines]

    Function with many returns (count = 6): TryInjectFalseLiarIntel

         337  [48;2;0;0;0m[38;2;242;240;236m        [48;2;0;0;0m[38;2;204;153;204mprivate[48;2;0;0;0m[38;2;242;240;236m [48;2;0;0;0m[38;2;204;153;204mbool[48;2;0;0;0m[38;2;242;240;236m [48;2;0;0;0m[38;2;102;153;204mTryInjectFalseLiarIntel[48;2;0;0;0m[38;2;242;240;236m([48;2;0;0;0m[38;2;204;153;204mint[48;2;0;0;0m[38;2;242;240;236m [48;2;0;0;0m[38;2;242;119;122mcurrentDay[48;2;0;0;0m[38;2;242;240;236m)[48;2;0;0;0m[38;2;242;240;236m
         338  [48;2;0;0;0m[38;2;242;240;236m        [48;2;0;0;0m[38;2;242;240;236m{[48;2;0;0;0m[38;2;242;240;236m
         339  [48;2;0;0;0m[38;2;242;240;236m            [48;2;0;0;0m[38;2;204;153;204mif[48;2;0;0;0m[38;2;242;240;236m [48;2;0;0;0m[38;2;242;240;236m([48;2;0;0;0m[38;2;242;119;122m_personalQuests[48;2;0;0;0m[38;2;242;240;236m [48;2;0;0;0m[38;2;211;208;200m==[48;2;0;0;0m[38;2;242;240;236m [48;2;0;0;0m[38;2;249;145;87mnull[48;2;0;0;0m[38;2;242;240;236m [48;2;0;0;0m[38;2;211;208;200m||[48;2;0;0;0m[38;2;242;240;236m [48;2;0;0;0m[38;2;242;119;122m_getSurvivors[48;2;0;0;0m[38;2;242;240;236m [48;2;0;0;0m[38;2;211;208;200m==[48;2;0;0;0m[38;2;242;240;236m [48;2;0;0;0m[38;2;249;145;87mnull[48;2;0;0;0m[38;2;242;240;236m)[48;2;0;0;0m[38;2;242;240;236m [48;2;0;0;0m[38;2;204;153;204mreturn[48;2;0;0;0m[38;2;242;240;236m [48;2;0;0;0m[38;2;249;145;87mfalse[48;2;0;0;0m[38;2;242;240;236m;[48;2;0;0;0m[38;2;242;240;236m
         340  [48;2;0;0;0m[38;2;242;240;236m            [48;2;0;0;0m[38;2;204;153;204mvar[48;2;0;0;0m[38;2;242;240;236m [48;2;0;0;0m[38;2;242;119;122mlist[48;2;0;0;0m[38;2;242;240;236m [48;2;0;0;0m[38;2;211;208;200m=[48;2;0;0;0m[38;2;242;240;236m [48;2;0;0;0m[38;2;102;153;204m_getSurvivors[48;2;0;0;0m[38;2;242;240;236m([48;2;0;0;0m[38;2;242;240;236m)[48;2;0;0;0m[38;2;242;240;236m;[48;2;0;0;0m[38;2;242;240;236m
         341  [48;2;0;0;0m[38;2;242;240;236m            [48;2;0;0;0m[38;2;204;153;204mif[48;2;0;0;0m[38;2;242;240;236m [48;2;0;0;0m[38;2;242;240;236m([48;2;0;0;0m[38;2;242;119;122mlist[48;2;0;0;0m[38;2;242;240;236m [48;2;0;0;0m[38;2;211;208;200m==[48;2;0;0;0m[38;2;242;240;236m [48;2;0;0;0m[38;2;249;145;87mnull[48;2;0;0;0m[38;2;242;240;236m)[48;2;0;0;0m[38;2;242;240;236m [48;2;0;0;0m[38;2;204;153;204mreturn[48;2;0;0;0m[38;2;242;240;236m [48;2;0;0;0m[38;2;249;145;87mfalse[48;2;0;0;0m[38;2;242;240;236m;[48;2;0;0;0m[38;2;242;240;236m
         342  [48;2;0;0;0m[38;2;242;240;236m            [48;2;0;0;0m[38;2;242;240;236mSurvivor[48;2;0;0;0m[38;2;242;240;236m [48;2;0;0;0m[38;2;242;119;122mliar[48;2;0;0;0m[38;2;242;240;236m [48;2;0;0;0m[38;2;211;208;200m=[48;2;0;0;0m[38;2;242;240;236m [48;2;0;0;0m[38;2;249;145;87mnull[48;2;0;0;0m[38;2;242;240;236m;[48;2;0;0;0m[38;2;242;240;236m
              [hid 28 additional lines]

    Deeply nested control flow (level = 5)

         269  [48;2;0;0;0m[38;2;242;240;236m                            [48;2;0;0;0m[38;2;204;153;204mif[48;2;0;0;0m[38;2;242;240;236m [48;2;0;0;0m[38;2;242;240;236m([48;2;0;0;0m[38;2;242;119;122mlist[48;2;0;0;0m[38;2;242;240;236m[[48;2;0;0;0m[38;2;242;119;122mi[48;2;0;0;0m[38;2;242;240;236m][48;2;0;0;0m[38;2;242;240;236m [48;2;0;0;0m[38;2;211;208;200m!=[48;2;0;0;0m[38;2;242;240;236m [48;2;0;0;0m[38;2;249;145;87mnull[48;2;0;0;0m[38;2;242;240;236m [48;2;0;0;0m[38;2;211;208;200m&&[48;2;0;0;0m[38;2;242;240;236m [48;2;0;0;0m[38;2;242;119;122mlist[48;2;0;0;0m[38;2;242;240;236m[[48;2;0;0;0m[38;2;242;119;122mi[48;2;0;0;0m[38;2;242;240;236m][48;2;0;0;0m[38;2;242;240;236m.[48;2;0;0;0m[38;2;242;119;122mIsAlive[48;2;0;0;0m[38;2;242;240;236m
         270  [48;2;0;0;0m[38;2;242;240;236m                                [48;2;0;0;0m[38;2;211;208;200m&&[48;2;0;0;0m[38;2;242;240;236m [48;2;0;0;0m[38;2;242;119;122m_personalQuests[48;2;0;0;0m[38;2;242;240;236m.[48;2;0;0;0m[38;2;102;153;204mRadioIntelIsInstant[48;2;0;0;0m[38;2;242;240;236m([48;2;0;0;0m[38;2;242;119;122mlist[48;2;0;0;0m[38;2;242;240;236m[[48;2;0;0;0m[38;2;242;119;122mi[48;2;0;0;0m[38;2;242;240;236m][48;2;0;0;0m[38;2;242;240;236m)[48;2;0;0;0m[38;2;242;240;236m)[48;2;0;0;0m[38;2;242;240;236m
         271  [48;2;0;0;0m[38;2;242;240;236m                            [48;2;0;0;0m[38;2;242;240;236m{[48;2;0;0;0m[38;2;242;240;236m
         272  [48;2;0;0;0m[38;2;242;240;236m                                [48;2;0;0;0m[38;2;242;119;122mrate[48;2;0;0;0m[38;2;242;240;236m [48;2;0;0;0m[38;2;211;208;200m=[48;2;0;0;0m[38;2;242;240;236m [48;2;0;0;0m[38;2;249;145;87m1000[48;2;0;0;0m[38;2;204;153;204mf[48;2;0;0;0m[38;2;242;240;236m;[48;2;0;0;0m[38;2;242;240;236m
         273  [48;2;0;0;0m[38;2;242;240;236m                                [48;2;0;0;0m[38;2;204;153;204mbreak[48;2;0;0;0m[38;2;242;240;236m;[48;2;0;0;0m[38;2;242;240;236m
         274  [48;2;0;0;0m[38;2;242;240;236m                            [48;2;0;0;0m[38;2;242;240;236m}[48;2;0;0;0m[38;2;242;240;236m

    High total complexity (count = 109)

           1  [48;2;0;0;0m[38;2;204;153;204musing[48;2;0;0;0m[38;2;211;208;200m [48;2;0;0;0m[38;2;211;208;200mSystem[48;2;0;0;0m[38;2;211;208;200m;[48;2;0;0;0m[38;2;211;208;200m
           2  [48;2;0;0;0m[38;2;204;153;204musing[48;2;0;0;0m[38;2;211;208;200m [48;2;0;0;0m[38;2;211;208;200mSystem[48;2;0;0;0m[38;2;211;208;200m.[48;2;0;0;0m[38;2;211;208;200mCollections[48;2;0;0;0m[38;2;211;208;200m.[48;2;0;0;0m[38;2;211;208;200mGeneric[48;2;0;0;0m[38;2;211;208;200m;[48;2;0;0;0m[38;2;211;208;200m
           3  [48;2;0;0;0m[38;2;204;153;204musing[48;2;0;0;0m[38;2;211;208;200m [48;2;0;0;0m[38;2;211;208;200mUnityEngine[48;2;0;0;0m[38;2;211;208;200m;[48;2;0;0;0m[38;2;211;208;200m
           4  [48;2;0;0;0m[38;2;204;153;204musing[48;2;0;0;0m[38;2;211;208;200m [48;2;0;0;0m[38;2;211;208;200mAtomicWar[48;2;0;0;0m[38;2;211;208;200m.[48;2;0;0;0m[38;2;211;208;200m_Game[48;2;0;0;0m[38;2;211;208;200m.[48;2;0;0;0m[38;2;211;208;200mData[48;2;0;0;0m[38;2;211;208;200m;[48;2;0;0;0m[38;2;211;208;200m
           5  [48;2;0;0;0m[38;2;204;153;204musing[48;2;0;0;0m[38;2;211;208;200m [48;2;0;0;0m[38;2;211;208;200mAtomicWar[48;2;0;0;0m[38;2;211;208;200m.[48;2;0;0;0m[38;2;211;208;200m_Game[48;2;0;0;0m[38;2;211;208;200m.[48;2;0;0;0m[38;2;211;208;200mEnvironment[48;2;0;0;0m[38;2;211;208;200m;[48;2;0;0;0m[38;2;211;208;200m
           6  [48;2;0;0;0m[38;2;204;153;204musing[48;2;0;0;0m[38;2;211;208;200m [48;2;0;0;0m[38;2;211;208;200mAtomicWar[48;2;0;0;0m[38;2;211;208;200m.[48;2;0;0;0m[38;2;211;208;200m_Game[48;2;0;0;0m[38;2;211;208;200m.[48;2;0;0;0m[38;2;211;208;200mSurvivors[48;2;0;0;0m[38;2;211;208;200m;[48;2;0;0;0m[38;2;211;208;200m
              [hid 621 additional lines]

    Function with high complexity (count = 21): Tick

         239  [48;2;0;0;0m[38;2;242;240;236m        [48;2;0;0;0m[38;2;204;153;204mpublic[48;2;0;0;0m[38;2;242;240;236m [48;2;0;0;0m[38;2;204;153;204mbool[48;2;0;0;0m[38;2;242;240;236m [48;2;0;0;0m[38;2;102;153;204mTick[48;2;0;0;0m[38;2;242;240;236m([48;2;0;0;0m[38;2;204;153;204mfloat[48;2;0;0;0m[38;2;242;240;236m [48;2;0;0;0m[38;2;242;119;122mgameHours[48;2;0;0;0m[38;2;242;240;236m,[48;2;0;0;0m[38;2;242;240;236m [48;2;0;0;0m[38;2;242;240;236mWeatherKind[48;2;0;0;0m[38;2;242;240;236m [48;2;0;0;0m[38;2;242;119;122mcurrentWeather[48;2;0;0;0m[38;2;242;240;236m,[48;2;0;0;0m[38;2;242;240;236m [48;2;0;0;0m[38;2;204;153;204mint[48;2;0;0;0m[38;2;242;240;236m [48;2;0;0;0m[38;2;242;119;122mcurrentDay[48;2;0;0;0m[38;2;242;240;236m)[48;2;0;0;0m[38;2;242;240;236m
         240  [48;2;0;0;0m[38;2;242;240;236m        [48;2;0;0;0m[38;2;242;240;236m{[48;2;0;0;0m[38;2;242;240;236m
         241  [48;2;0;0;0m[38;2;242;240;236m            [48;2;0;0;0m[38;2;204;153;204mif[48;2;0;0;0m[38;2;242;240;236m [48;2;0;0;0m[38;2;242;240;236m([48;2;0;0;0m[38;2;242;119;122mgameHours[48;2;0;0;0m[38;2;242;240;236m [48;2;0;0;0m[38;2;211;208;200m<=[48;2;0;0;0m[38;2;242;240;236m [48;2;0;0;0m[38;2;249;145;87m0[48;2;0;0;0m[38;2;204;153;204mf[48;2;0;0;0m[38;2;242;240;236m)[48;2;0;0;0m[38;2;242;240;236m [48;2;0;0;0m[38;2;204;153;204mreturn[48;2;0;0;0m[38;2;242;240;236m [48;2;0;0;0m[38;2;249;145;87mfalse[48;2;0;0;0m[38;2;242;240;236m;[48;2;0;0;0m[38;2;242;240;236m
         242  [48;2;0;0;0m[38;2;242;240;236m
         243  [48;2;0;0;0m[38;2;242;240;236m            [48;2;0;0;0m[38;2;116;115;105m//[48;2;0;0;0m[38;2;116;115;105m #306 Theorist/Tinfoil Hat: paranoid sabotage detunes the radio.
         244  [48;2;0;0;0m[38;2;242;240;236m            [48;2;0;0;0m[38;2;204;153;204mif[48;2;0;0;0m[38;2;242;240;236m [48;2;0;0;0m[38;2;242;240;236m([48;2;0;0;0m[38;2;102;153;204mTryRollRadioSabotage[48;2;0;0;0m[38;2;242;240;236m([48;2;0;0;0m[38;2;242;240;236m)[48;2;0;0;0m[38;2;242;240;236m)[48;2;0;0;0m[38;2;242;240;236m
              [hid 44 additional lines]


Assets/_Game/Core/SabotagedCacheSystem.cs
    Function with many returns (count = 6): ProcessLootCandidate

         175  [48;2;0;0;0m[38;2;242;240;236m        [48;2;0;0;0m[38;2;204;153;204mpublic[48;2;0;0;0m[38;2;242;240;236m [48;2;0;0;0m[38;2;242;240;236mSabotagedLootOutcome[48;2;0;0;0m[38;2;242;240;236m [48;2;0;0;0m[38;2;102;153;204mProcessLootCandidate[48;2;0;0;0m[38;2;242;240;236m([48;2;0;0;0m[38;2;242;240;236m
         176  [48;2;0;0;0m[38;2;242;240;236m            [48;2;0;0;0m[38;2;242;240;236mSurvivor[48;2;0;0;0m[38;2;242;240;236m [48;2;0;0;0m[38;2;242;119;122mscavenger[48;2;0;0;0m[38;2;242;240;236m,[48;2;0;0;0m[38;2;242;240;236m
         177  [48;2;0;0;0m[38;2;242;240;236m            [48;2;0;0;0m[38;2;242;240;236mItemDefinition[48;2;0;0;0m[38;2;242;240;236m [48;2;0;0;0m[38;2;242;119;122mrolledItem[48;2;0;0;0m[38;2;242;240;236m,[48;2;0;0;0m[38;2;242;240;236m
         178  [48;2;0;0;0m[38;2;242;240;236m            [48;2;0;0;0m[38;2;204;153;204mout[48;2;0;0;0m[38;2;242;240;236m [48;2;0;0;0m[38;2;242;240;236mItemDefinition[48;2;0;0;0m[38;2;242;240;236m [48;2;0;0;0m[38;2;242;119;122mresultItem[48;2;0;0;0m[38;2;242;240;236m)[48;2;0;0;0m[38;2;242;240;236m
         179  [48;2;0;0;0m[38;2;242;240;236m        [48;2;0;0;0m[38;2;242;240;236m{[48;2;0;0;0m[38;2;242;240;236m
         180  [48;2;0;0;0m[38;2;242;240;236m            [48;2;0;0;0m[38;2;242;119;122mresultItem[48;2;0;0;0m[38;2;242;240;236m [48;2;0;0;0m[38;2;211;208;200m=[48;2;0;0;0m[38;2;242;240;236m [48;2;0;0;0m[38;2;242;119;122mrolledItem[48;2;0;0;0m[38;2;242;240;236m;[48;2;0;0;0m[38;2;242;240;236m
              [hid 23 additional lines]


Assets/_Game/Core/SaveSystem.IO.cs
    Function with many returns (count = 6): Load

          83  [48;2;0;0;0m[38;2;242;240;236m        [48;2;0;0;0m[38;2;204;153;204mpublic[48;2;0;0;0m[38;2;242;240;236m [48;2;0;0;0m[38;2;204;153;204mbool[48;2;0;0;0m[38;2;242;240;236m [48;2;0;0;0m[38;2;102;153;204mLoad[48;2;0;0;0m[38;2;242;240;236m([48;2;0;0;0m[38;2;204;153;204mstring[48;2;0;0;0m[38;2;242;240;236m [48;2;0;0;0m[38;2;242;119;122mslotId[48;2;0;0;0m[38;2;242;240;236m)[48;2;0;0;0m[38;2;242;240;236m
          84  [48;2;0;0;0m[38;2;242;240;236m        [48;2;0;0;0m[38;2;242;240;236m{[48;2;0;0;0m[38;2;242;240;236m
          85  [48;2;0;0;0m[38;2;242;240;236m            [48;2;0;0;0m[38;2;204;153;204mstring[48;2;0;0;0m[38;2;242;240;236m [48;2;0;0;0m[38;2;242;119;122mpath[48;2;0;0;0m[38;2;242;240;236m [48;2;0;0;0m[38;2;211;208;200m=[48;2;0;0;0m[38;2;242;240;236m [48;2;0;0;0m[38;2;102;153;204mSlotPath[48;2;0;0;0m[38;2;242;240;236m([48;2;0;0;0m[38;2;242;119;122mslotId[48;2;0;0;0m[38;2;242;240;236m)[48;2;0;0;0m[38;2;242;240;236m;[48;2;0;0;0m[38;2;242;240;236m
          86  [48;2;0;0;0m[38;2;242;240;236m            [48;2;0;0;0m[38;2;204;153;204mif[48;2;0;0;0m[38;2;242;240;236m [48;2;0;0;0m[38;2;242;240;236m([48;2;0;0;0m[38;2;211;208;200m![48;2;0;0;0m[38;2;242;119;122mFile[48;2;0;0;0m[38;2;242;240;236m.[48;2;0;0;0m[38;2;102;153;204mExists[48;2;0;0;0m[38;2;242;240;236m([48;2;0;0;0m[38;2;242;119;122mpath[48;2;0;0;0m[38;2;242;240;236m)[48;2;0;0;0m[38;2;242;240;236m)[48;2;0;0;0m[38;2;242;240;236m
          87  [48;2;0;0;0m[38;2;242;240;236m            [48;2;0;0;0m[38;2;242;240;236m{[48;2;0;0;0m[38;2;242;240;236m
          88  [48;2;0;0;0m[38;2;242;240;236m                [48;2;0;0;0m[38;2;242;119;122mDebug[48;2;0;0;0m[38;2;242;240;236m.[48;2;0;0;0m[38;2;102;153;204mLogWarning[48;2;0;0;0m[38;2;242;240;236m([48;2;0;0;0m[38;2;211;208;200m$"[48;2;0;0;0m[38;2;153;204;153m[SaveSystem] Slot '[48;2;0;0;0m[38;2;242;240;236m{[48;2;0;0;0m[38;2;242;119;122mslotId[48;2;0;0;0m[38;2;242;240;236m}[48;2;0;0;0m[38;2;153;204;153m' not found.[48;2;0;0;0m[38;2;211;208;200m"[48;2;0;0;0m[38;2;242;240;236m)[48;2;0;0;0m[38;2;242;240;236m;[48;2;0;0;0m[38;2;242;240;236m
              [hid 62 additional lines]


Assets/_Game/Core/ShiftingHotspotSystem.cs
    High total complexity (count = 102)

           1  [48;2;0;0;0m[38;2;204;153;204musing[48;2;0;0;0m[38;2;211;208;200m [48;2;0;0;0m[38;2;211;208;200mSystem[48;2;0;0;0m[38;2;211;208;200m;[48;2;0;0;0m[38;2;211;208;200m
           2  [48;2;0;0;0m[38;2;204;153;204musing[48;2;0;0;0m[38;2;211;208;200m [48;2;0;0;0m[38;2;211;208;200mSystem[48;2;0;0;0m[38;2;211;208;200m.[48;2;0;0;0m[38;2;211;208;200mCollections[48;2;0;0;0m[38;2;211;208;200m.[48;2;0;0;0m[38;2;211;208;200mGeneric[48;2;0;0;0m[38;2;211;208;200m;[48;2;0;0;0m[38;2;211;208;200m
           3  [48;2;0;0;0m[38;2;204;153;204musing[48;2;0;0;0m[38;2;211;208;200m [48;2;0;0;0m[38;2;211;208;200mAtomicWar[48;2;0;0;0m[38;2;211;208;200m.[48;2;0;0;0m[38;2;211;208;200m_Game[48;2;0;0;0m[38;2;211;208;200m.[48;2;0;0;0m[38;2;211;208;200mEnvironment[48;2;0;0;0m[38;2;211;208;200m;[48;2;0;0;0m[38;2;211;208;200m
           4  [48;2;0;0;0m[38;2;204;153;204musing[48;2;0;0;0m[38;2;211;208;200m [48;2;0;0;0m[38;2;211;208;200mUnityEngine[48;2;0;0;0m[38;2;211;208;200m;[48;2;0;0;0m[38;2;211;208;200m
           5  [48;2;0;0;0m[38;2;204;153;204musing[48;2;0;0;0m[38;2;211;208;200m [48;2;0;0;0m[38;2;211;208;200mRandom[48;2;0;0;0m[38;2;211;208;200m [48;2;0;0;0m[38;2;211;208;200m=[48;2;0;0;0m[38;2;211;208;200m [48;2;0;0;0m[38;2;211;208;200mSystem[48;2;0;0;0m[38;2;211;208;200m.[48;2;0;0;0m[38;2;211;208;200mRandom[48;2;0;0;0m[38;2;211;208;200m;[48;2;0;0;0m[38;2;211;208;200m
           6  [48;2;0;0;0m[38;2;211;208;200m
              [hid 433 additional lines]

    Function with high complexity (count = 18): CollectNodesAtHopDistance

         134  [48;2;0;0;0m[38;2;242;240;236m        [48;2;0;0;0m[38;2;204;153;204mpublic[48;2;0;0;0m[38;2;242;240;236m [48;2;0;0;0m[38;2;242;240;236mList[48;2;0;0;0m[38;2;242;240;236m<[48;2;0;0;0m[38;2;242;240;236mMapNode[48;2;0;0;0m[38;2;242;240;236m>[48;2;0;0;0m[38;2;242;240;236m [48;2;0;0;0m[38;2;102;153;204mCollectNodesAtHopDistance[48;2;0;0;0m[38;2;242;240;236m([48;2;0;0;0m[38;2;204;153;204mstring[48;2;0;0;0m[38;2;242;240;236m [48;2;0;0;0m[38;2;242;119;122moriginId[48;2;0;0;0m[38;2;242;240;236m,[48;2;0;0;0m[38;2;242;240;236m [48;2;0;0;0m[38;2;204;153;204mint[48;2;0;0;0m[38;2;242;240;236m [48;2;0;0;0m[38;2;242;119;122mhops[48;2;0;0;0m[38;2;242;240;236m)[48;2;0;0;0m[38;2;242;240;236m
         135  [48;2;0;0;0m[38;2;242;240;236m        [48;2;0;0;0m[38;2;242;240;236m{[48;2;0;0;0m[38;2;242;240;236m
         136  [48;2;0;0;0m[38;2;242;240;236m            [48;2;0;0;0m[38;2;204;153;204mvar[48;2;0;0;0m[38;2;242;240;236m [48;2;0;0;0m[38;2;242;119;122mresult[48;2;0;0;0m[38;2;242;240;236m [48;2;0;0;0m[38;2;211;208;200m=[48;2;0;0;0m[38;2;242;240;236m [48;2;0;0;0m[38;2;211;208;200mnew[48;2;0;0;0m[38;2;242;240;236m [48;2;0;0;0m[38;2;242;240;236mList[48;2;0;0;0m[38;2;242;240;236m<[48;2;0;0;0m[38;2;242;240;236mMapNode[48;2;0;0;0m[38;2;242;240;236m>[48;2;0;0;0m[38;2;242;240;236m([48;2;0;0;0m[38;2;242;240;236m)[48;2;0;0;0m[38;2;242;240;236m;[48;2;0;0;0m[38;2;242;240;236m
         137  [48;2;0;0;0m[38;2;242;240;236m            [48;2;0;0;0m[38;2;204;153;204mif[48;2;0;0;0m[38;2;242;240;236m [48;2;0;0;0m[38;2;242;240;236m([48;2;0;0;0m[38;2;242;119;122m_map[48;2;0;0;0m[38;2;242;240;236m [48;2;0;0;0m[38;2;211;208;200m==[48;2;0;0;0m[38;2;242;240;236m [48;2;0;0;0m[38;2;249;145;87mnull[48;2;0;0;0m[38;2;242;240;236m [48;2;0;0;0m[38;2;211;208;200m||[48;2;0;0;0m[38;2;242;240;236m [48;2;0;0;0m[38;2;204;153;204mstring[48;2;0;0;0m[38;2;242;240;236m.[48;2;0;0;0m[38;2;102;153;204mIsNullOrEmpty[48;2;0;0;0m[38;2;242;240;236m([48;2;0;0;0m[38;2;242;119;122moriginId[48;2;0;0;0m[38;2;242;240;236m)[48;2;0;0;0m[38;2;242;240;236m [48;2;0;0;0m[38;2;211;208;200m||[48;2;0;0;0m[38;2;242;240;236m [48;2;0;0;0m[38;2;242;119;122mhops[48;2;0;0;0m[38;2;242;240;236m [48;2;0;0;0m[38;2;211;208;200m<[48;2;0;0;0m[38;2;242;240;236m [48;2;0;0;0m[38;2;249;145;87m1[48;2;0;0;0m[38;2;242;240;236m)[48;2;0;0;0m[38;2;242;240;236m [48;2;0;0;0m[38;2;204;153;204mreturn[48;2;0;0;0m[38;2;242;240;236m [48;2;0;0;0m[38;2;242;119;122mresult[48;2;0;0;0m[38;2;242;240;236m;[48;2;0;0;0m[38;2;242;240;236m
         138  [48;2;0;0;0m[38;2;242;240;236m
         139  [48;2;0;0;0m[38;2;242;240;236m            [48;2;0;0;0m[38;2;204;153;204mvar[48;2;0;0;0m[38;2;242;240;236m [48;2;0;0;0m[38;2;242;119;122madj[48;2;0;0;0m[38;2;242;240;236m [48;2;0;0;0m[38;2;211;208;200m=[48;2;0;0;0m[38;2;242;240;236m [48;2;0;0;0m[38;2;102;153;204mBuildAdjacency[48;2;0;0;0m[38;2;242;240;236m([48;2;0;0;0m[38;2;242;240;236m)[48;2;0;0;0m[38;2;242;240;236m;[48;2;0;0;0m[38;2;242;240;236m
              [hid 32 additional lines]


Assets/_Game/Core/VictoryProjectManager.cs
    Function with many parameters (count = 7): Trigger

         426  [48;2;0;0;0m[38;2;242;240;236m        [48;2;0;0;0m[38;2;204;153;204mprivate[48;2;0;0;0m[38;2;242;240;236m [48;2;0;0;0m[38;2;242;240;236mEndgameSummaryData[48;2;0;0;0m[38;2;242;240;236m [48;2;0;0;0m[38;2;102;153;204mTrigger[48;2;0;0;0m[38;2;242;240;236m([48;2;0;0;0m[38;2;242;240;236m
         427  [48;2;0;0;0m[38;2;242;240;236m            [48;2;0;0;0m[38;2;242;240;236mEndgameState[48;2;0;0;0m[38;2;242;240;236m [48;2;0;0;0m[38;2;242;119;122mstate[48;2;0;0;0m[38;2;242;240;236m,[48;2;0;0;0m[38;2;242;240;236m
         428  [48;2;0;0;0m[38;2;242;240;236m            [48;2;0;0;0m[38;2;242;240;236mDeathScreenKind[48;2;0;0;0m[38;2;242;240;236m [48;2;0;0;0m[38;2;242;119;122mdeathScreen[48;2;0;0;0m[38;2;242;240;236m,[48;2;0;0;0m[38;2;242;240;236m
         429  [48;2;0;0;0m[38;2;242;240;236m            [48;2;0;0;0m[38;2;204;153;204mstring[48;2;0;0;0m[38;2;242;240;236m [48;2;0;0;0m[38;2;242;119;122mreason[48;2;0;0;0m[38;2;242;240;236m,[48;2;0;0;0m[38;2;242;240;236m
         430  [48;2;0;0;0m[38;2;242;240;236m            [48;2;0;0;0m[38;2;204;153;204mint[48;2;0;0;0m[38;2;242;240;236m [48;2;0;0;0m[38;2;242;119;122mday[48;2;0;0;0m[38;2;242;240;236m,[48;2;0;0;0m[38;2;242;240;236m
         431  [48;2;0;0;0m[38;2;242;240;236m            [48;2;0;0;0m[38;2;242;240;236mIReadOnlyList[48;2;0;0;0m[38;2;242;240;236m<[48;2;0;0;0m[38;2;242;240;236mSurvivor[48;2;0;0;0m[38;2;242;240;236m>[48;2;0;0;0m[38;2;242;240;236m [48;2;0;0;0m[38;2;242;119;122msurvivors[48;2;0;0;0m[38;2;242;240;236m,[48;2;0;0;0m[38;2;242;240;236m
              [hid 2 additional lines]

    Function with many returns (count = 8): TryEscapeByVehicle

         144  [48;2;0;0;0m[38;2;242;240;236m        [48;2;0;0;0m[38;2;204;153;204mpublic[48;2;0;0;0m[38;2;242;240;236m [48;2;0;0;0m[38;2;242;240;236mEndgameSummaryData[48;2;0;0;0m[38;2;242;240;236m [48;2;0;0;0m[38;2;102;153;204mTryEscapeByVehicle[48;2;0;0;0m[38;2;242;240;236m([48;2;0;0;0m[38;2;242;240;236m
         145  [48;2;0;0;0m[38;2;242;240;236m            [48;2;0;0;0m[38;2;242;240;236mInventory[48;2;0;0;0m[38;2;242;240;236m.[48;2;0;0;0m[38;2;242;240;236mInventory[48;2;0;0;0m[38;2;242;240;236m [48;2;0;0;0m[38;2;242;119;122minventory[48;2;0;0;0m[38;2;242;240;236m,[48;2;0;0;0m[38;2;242;240;236m
         146  [48;2;0;0;0m[38;2;242;240;236m            [48;2;0;0;0m[38;2;242;240;236mFunc[48;2;0;0;0m[38;2;242;240;236m<[48;2;0;0;0m[38;2;204;153;204mstring[48;2;0;0;0m[38;2;242;240;236m,[48;2;0;0;0m[38;2;242;240;236m [48;2;0;0;0m[38;2;242;240;236mItemDefinition[48;2;0;0;0m[38;2;242;240;236m>[48;2;0;0;0m[38;2;242;240;236m [48;2;0;0;0m[38;2;242;119;122mitemLookup[48;2;0;0;0m[38;2;242;240;236m,[48;2;0;0;0m[38;2;242;240;236m
         147  [48;2;0;0;0m[38;2;242;240;236m            [48;2;0;0;0m[38;2;204;153;204mint[48;2;0;0;0m[38;2;242;240;236m [48;2;0;0;0m[38;2;242;119;122mday[48;2;0;0;0m[38;2;242;240;236m,[48;2;0;0;0m[38;2;242;240;236m
         148  [48;2;0;0;0m[38;2;242;240;236m            [48;2;0;0;0m[38;2;242;240;236mIReadOnlyList[48;2;0;0;0m[38;2;242;240;236m<[48;2;0;0;0m[38;2;242;240;236mSurvivor[48;2;0;0;0m[38;2;242;240;236m>[48;2;0;0;0m[38;2;242;240;236m [48;2;0;0;0m[38;2;242;119;122msurvivors[48;2;0;0;0m[38;2;242;240;236m,[48;2;0;0;0m[38;2;242;240;236m
         149  [48;2;0;0;0m[38;2;242;240;236m            [48;2;0;0;0m[38;2;242;240;236mFunc[48;2;0;0;0m[38;2;242;240;236m<[48;2;0;0;0m[38;2;242;240;236mEndgameSummaryData[48;2;0;0;0m[38;2;242;240;236m,[48;2;0;0;0m[38;2;242;240;236m [48;2;0;0;0m[38;2;242;240;236mEndgameSummaryData[48;2;0;0;0m[38;2;242;240;236m>[48;2;0;0;0m[38;2;242;240;236m [48;2;0;0;0m[38;2;242;119;122mfinalizeSummary[48;2;0;0;0m[38;2;242;240;236m [48;2;0;0;0m[38;2;211;208;200m=[48;2;0;0;0m[38;2;242;240;236m [48;2;0;0;0m[38;2;249;145;87mnull[48;2;0;0;0m[38;2;242;240;236m)[48;2;0;0;0m[38;2;242;240;236m
              [hid 35 additional lines]

    Complex binary expression

         480  [48;2;0;0;0m[38;2;242;240;236m                [48;2;0;0;0m[38;2;204;153;204mif[48;2;0;0;0m[38;2;242;240;236m [48;2;0;0;0m[38;2;242;240;236m([48;2;0;0;0m[38;2;242;119;122ms[48;2;0;0;0m[38;2;242;240;236m.[48;2;0;0;0m[38;2;242;119;122mLifetimeRadiationExposure[48;2;0;0;0m[38;2;242;240;236m [48;2;0;0;0m[38;2;211;208;200m>=[48;2;0;0;0m[38;2;242;240;236m [48;2;0;0;0m[38;2;249;145;87m80[48;2;0;0;0m[38;2;204;153;204mf[48;2;0;0;0m[38;2;242;240;236m [48;2;0;0;0m[38;2;211;208;200m||[48;2;0;0;0m[38;2;242;240;236m [48;2;0;0;0m[38;2;242;119;122ms[48;2;0;0;0m[38;2;242;240;236m.[48;2;0;0;0m[38;2;242;119;122mRadiationDose[48;2;0;0;0m[38;2;242;240;236m [48;2;0;0;0m[38;2;211;208;200m>=[48;2;0;0;0m[38;2;242;240;236m [48;2;0;0;0m[38;2;249;145;87m80[48;2;0;0;0m[38;2;204;153;204mf[48;2;0;0;0m[38;2;242;240;236m
         481  [48;2;0;0;0m[38;2;242;240;236m                    [48;2;0;0;0m[38;2;211;208;200m||[48;2;0;0;0m[38;2;242;240;236m [48;2;0;0;0m[38;2;242;119;122ms[48;2;0;0;0m[38;2;242;240;236m.[48;2;0;0;0m[38;2;242;119;122mHasAcuteRadiationSickness[48;2;0;0;0m[38;2;242;240;236m [48;2;0;0;0m[38;2;211;208;200m||[48;2;0;0;0m[38;2;242;240;236m [48;2;0;0;0m[38;2;242;119;122ms[48;2;0;0;0m[38;2;242;240;236m.[48;2;0;0;0m[38;2;242;119;122mHasAcuteRadiationSyndrome[48;2;0;0;0m[38;2;242;240;236m

    High total complexity (count = 129)

           1  [48;2;0;0;0m[38;2;204;153;204musing[48;2;0;0;0m[38;2;211;208;200m [48;2;0;0;0m[38;2;211;208;200mSystem[48;2;0;0;0m[38;2;211;208;200m;[48;2;0;0;0m[38;2;211;208;200m
           2  [48;2;0;0;0m[38;2;204;153;204musing[48;2;0;0;0m[38;2;211;208;200m [48;2;0;0;0m[38;2;211;208;200mSystem[48;2;0;0;0m[38;2;211;208;200m.[48;2;0;0;0m[38;2;211;208;200mCollections[48;2;0;0;0m[38;2;211;208;200m.[48;2;0;0;0m[38;2;211;208;200mGeneric[48;2;0;0;0m[38;2;211;208;200m;[48;2;0;0;0m[38;2;211;208;200m
           3  [48;2;0;0;0m[38;2;204;153;204musing[48;2;0;0;0m[38;2;211;208;200m [48;2;0;0;0m[38;2;211;208;200mUnityEngine[48;2;0;0;0m[38;2;211;208;200m;[48;2;0;0;0m[38;2;211;208;200m
           4  [48;2;0;0;0m[38;2;204;153;204musing[48;2;0;0;0m[38;2;211;208;200m [48;2;0;0;0m[38;2;211;208;200mAtomicWar[48;2;0;0;0m[38;2;211;208;200m.[48;2;0;0;0m[38;2;211;208;200m_Game[48;2;0;0;0m[38;2;211;208;200m.[48;2;0;0;0m[38;2;211;208;200mData[48;2;0;0;0m[38;2;211;208;200m;[48;2;0;0;0m[38;2;211;208;200m
           5  [48;2;0;0;0m[38;2;204;153;204musing[48;2;0;0;0m[38;2;211;208;200m [48;2;0;0;0m[38;2;211;208;200mAtomicWar[48;2;0;0;0m[38;2;211;208;200m.[48;2;0;0;0m[38;2;211;208;200m_Game[48;2;0;0;0m[38;2;211;208;200m.[48;2;0;0;0m[38;2;211;208;200mInventory[48;2;0;0;0m[38;2;211;208;200m;[48;2;0;0;0m[38;2;211;208;200m
           6  [48;2;0;0;0m[38;2;204;153;204musing[48;2;0;0;0m[38;2;211;208;200m [48;2;0;0;0m[38;2;211;208;200mAtomicWar[48;2;0;0;0m[38;2;211;208;200m.[48;2;0;0;0m[38;2;211;208;200m_Game[48;2;0;0;0m[38;2;211;208;200m.[48;2;0;0;0m[38;2;211;208;200mSurvivors[48;2;0;0;0m[38;2;211;208;200m;[48;2;0;0;0m[38;2;211;208;200m
              [hid 584 additional lines]

    Function with high complexity (count = 21): FromSaveData

         302  [48;2;0;0;0m[38;2;242;240;236m        [48;2;0;0;0m[38;2;204;153;204mpublic[48;2;0;0;0m[38;2;242;240;236m [48;2;0;0;0m[38;2;204;153;204mstatic[48;2;0;0;0m[38;2;242;240;236m [48;2;0;0;0m[38;2;242;240;236mEndgameSummaryData[48;2;0;0;0m[38;2;242;240;236m [48;2;0;0;0m[38;2;102;153;204mFromSaveData[48;2;0;0;0m[38;2;242;240;236m([48;2;0;0;0m[38;2;242;240;236mSaveData[48;2;0;0;0m[38;2;242;240;236m [48;2;0;0;0m[38;2;242;119;122msave[48;2;0;0;0m[38;2;242;240;236m,[48;2;0;0;0m[38;2;242;240;236m [48;2;0;0;0m[38;2;242;240;236mVictoryProjectSave[48;2;0;0;0m[38;2;242;240;236m [48;2;0;0;0m[38;2;242;119;122mvictory[48;2;0;0;0m[38;2;242;240;236m [48;2;0;0;0m[38;2;211;208;200m=[48;2;0;0;0m[38;2;242;240;236m [48;2;0;0;0m[38;2;249;145;87mnull[48;2;0;0;0m[38;2;242;240;236m)[48;2;0;0;0m[38;2;242;240;236m
         303  [48;2;0;0;0m[38;2;242;240;236m        [48;2;0;0;0m[38;2;242;240;236m{[48;2;0;0;0m[38;2;242;240;236m
         304  [48;2;0;0;0m[38;2;242;240;236m            [48;2;0;0;0m[38;2;204;153;204mvar[48;2;0;0;0m[38;2;242;240;236m [48;2;0;0;0m[38;2;242;119;122mdata[48;2;0;0;0m[38;2;242;240;236m [48;2;0;0;0m[38;2;211;208;200m=[48;2;0;0;0m[38;2;242;240;236m [48;2;0;0;0m[38;2;211;208;200mnew[48;2;0;0;0m[38;2;242;240;236m [48;2;0;0;0m[38;2;242;240;236mEndgameSummaryData[48;2;0;0;0m[38;2;242;240;236m([48;2;0;0;0m[38;2;242;240;236m)[48;2;0;0;0m[38;2;242;240;236m;[48;2;0;0;0m[38;2;242;240;236m
         305  [48;2;0;0;0m[38;2;242;240;236m            [48;2;0;0;0m[38;2;204;153;204mif[48;2;0;0;0m[38;2;242;240;236m [48;2;0;0;0m[38;2;242;240;236m([48;2;0;0;0m[38;2;242;119;122msave[48;2;0;0;0m[38;2;242;240;236m [48;2;0;0;0m[38;2;211;208;200m==[48;2;0;0;0m[38;2;242;240;236m [48;2;0;0;0m[38;2;249;145;87mnull[48;2;0;0;0m[38;2;242;240;236m)[48;2;0;0;0m[38;2;242;240;236m [48;2;0;0;0m[38;2;204;153;204mreturn[48;2;0;0;0m[38;2;242;240;236m [48;2;0;0;0m[38;2;242;119;122mdata[48;2;0;0;0m[38;2;242;240;236m;[48;2;0;0;0m[38;2;242;240;236m
         306  [48;2;0;0;0m[38;2;242;240;236m
         307  [48;2;0;0;0m[38;2;242;240;236m            [48;2;0;0;0m[38;2;242;119;122mdata[48;2;0;0;0m[38;2;242;240;236m.[48;2;0;0;0m[38;2;242;119;122mDaysSurvived[48;2;0;0;0m[38;2;242;240;236m [48;2;0;0;0m[38;2;211;208;200m=[48;2;0;0;0m[38;2;242;240;236m [48;2;0;0;0m[38;2;242;119;122msave[48;2;0;0;0m[38;2;242;240;236m.[48;2;0;0;0m[38;2;242;119;122mGameState[48;2;0;0;0m[38;2;242;240;236m [48;2;0;0;0m[38;2;211;208;200m!=[48;2;0;0;0m[38;2;242;240;236m [48;2;0;0;0m[38;2;249;145;87mnull[48;2;0;0;0m[38;2;242;240;236m [48;2;0;0;0m[38;2;211;208;200m?[48;2;0;0;0m[38;2;242;240;236m [48;2;0;0;0m[38;2;242;119;122mMath[48;2;0;0;0m[38;2;242;240;236m.[48;2;0;0;0m[38;2;102;153;204mMax[48;2;0;0;0m[38;2;242;240;236m([48;2;0;0;0m[38;2;249;145;87m1[48;2;0;0;0m[38;2;242;240;236m,[48;2;0;0;0m[38;2;242;240;236m [48;2;0;0;0m[38;2;242;119;122msave[48;2;0;0;0m[38;2;242;240;236m.[48;2;0;0;0m[38;2;242;119;122mGameState[48;2;0;0;0m[38;2;242;240;236m.[48;2;0;0;0m[38;2;242;119;122mDay[48;2;0;0;0m[38;2;242;240;236m)[48;2;0;0;0m[38;2;242;240;236m [48;2;0;0;0m[38;2;211;208;200m:[48;2;0;0;0m[38;2;242;240;236m [48;2;0;0;0m[38;2;249;145;87m1[48;2;0;0;0m[38;2;242;240;236m;[48;2;0;0;0m[38;2;242;240;236m
              [hid 31 additional lines]

    Function with high complexity (count = 29): ClassifyDeaths

         461  [48;2;0;0;0m[38;2;242;240;236m        [48;2;0;0;0m[38;2;204;153;204mprivate[48;2;0;0;0m[38;2;242;240;236m [48;2;0;0;0m[38;2;204;153;204mstatic[48;2;0;0;0m[38;2;242;240;236m [48;2;0;0;0m[38;2;204;153;204mvoid[48;2;0;0;0m[38;2;242;240;236m [48;2;0;0;0m[38;2;102;153;204mClassifyDeaths[48;2;0;0;0m[38;2;242;240;236m([48;2;0;0;0m[38;2;242;240;236m
         462  [48;2;0;0;0m[38;2;242;240;236m            [48;2;0;0;0m[38;2;242;240;236mIReadOnlyList[48;2;0;0;0m[38;2;242;240;236m<[48;2;0;0;0m[38;2;242;240;236mSurvivor[48;2;0;0;0m[38;2;242;240;236m>[48;2;0;0;0m[38;2;242;240;236m [48;2;0;0;0m[38;2;242;119;122msurvivors[48;2;0;0;0m[38;2;242;240;236m,[48;2;0;0;0m[38;2;242;240;236m
         463  [48;2;0;0;0m[38;2;242;240;236m            [48;2;0;0;0m[38;2;204;153;204mout[48;2;0;0;0m[38;2;242;240;236m [48;2;0;0;0m[38;2;242;240;236mEndgameState[48;2;0;0;0m[38;2;242;240;236m [48;2;0;0;0m[38;2;242;119;122mstate[48;2;0;0;0m[38;2;242;240;236m,[48;2;0;0;0m[38;2;242;240;236m
         464  [48;2;0;0;0m[38;2;242;240;236m            [48;2;0;0;0m[38;2;204;153;204mout[48;2;0;0;0m[38;2;242;240;236m [48;2;0;0;0m[38;2;242;240;236mDeathScreenKind[48;2;0;0;0m[38;2;242;240;236m [48;2;0;0;0m[38;2;242;119;122mscreen[48;2;0;0;0m[38;2;242;240;236m,[48;2;0;0;0m[38;2;242;240;236m
         465  [48;2;0;0;0m[38;2;242;240;236m            [48;2;0;0;0m[38;2;204;153;204mout[48;2;0;0;0m[38;2;242;240;236m [48;2;0;0;0m[38;2;204;153;204mstring[48;2;0;0;0m[38;2;242;240;236m [48;2;0;0;0m[38;2;242;119;122mreason[48;2;0;0;0m[38;2;242;240;236m)[48;2;0;0;0m[38;2;242;240;236m
         466  [48;2;0;0;0m[38;2;242;240;236m        [48;2;0;0;0m[38;2;242;240;236m{[48;2;0;0;0m[38;2;242;240;236m
              [hid 50 additional lines]


Assets/_Game/Crafting/CraftingSystem.cs
    Function with many returns (count = 7): TryCraftAntibioticsFromMold

          62  [48;2;0;0;0m[38;2;242;240;236m        [48;2;0;0;0m[38;2;204;153;204mpublic[48;2;0;0;0m[38;2;242;240;236m [48;2;0;0;0m[38;2;204;153;204mbool[48;2;0;0;0m[38;2;242;240;236m [48;2;0;0;0m[38;2;102;153;204mTryCraftAntibioticsFromMold[48;2;0;0;0m[38;2;242;240;236m([48;2;0;0;0m[38;2;242;240;236m
          63  [48;2;0;0;0m[38;2;242;240;236m            [48;2;0;0;0m[38;2;242;240;236mSurvivor[48;2;0;0;0m[38;2;242;240;236m [48;2;0;0;0m[38;2;242;119;122mcrafter[48;2;0;0;0m[38;2;242;240;236m,[48;2;0;0;0m[38;2;242;240;236m
          64  [48;2;0;0;0m[38;2;242;240;236m            [48;2;0;0;0m[38;2;242;240;236mItemDefinition[48;2;0;0;0m[38;2;242;240;236m [48;2;0;0;0m[38;2;242;119;122mmold[48;2;0;0;0m[38;2;242;240;236m,[48;2;0;0;0m[38;2;242;240;236m
          65  [48;2;0;0;0m[38;2;242;240;236m            [48;2;0;0;0m[38;2;242;240;236mItemDefinition[48;2;0;0;0m[38;2;242;240;236m [48;2;0;0;0m[38;2;242;119;122mdirtyWater[48;2;0;0;0m[38;2;242;240;236m,[48;2;0;0;0m[38;2;242;240;236m
          66  [48;2;0;0;0m[38;2;242;240;236m            [48;2;0;0;0m[38;2;242;240;236mItemDefinition[48;2;0;0;0m[38;2;242;240;236m [48;2;0;0;0m[38;2;242;119;122mantibiotics[48;2;0;0;0m[38;2;242;240;236m)[48;2;0;0;0m[38;2;242;240;236m
          67  [48;2;0;0;0m[38;2;242;240;236m        [48;2;0;0;0m[38;2;242;240;236m{[48;2;0;0;0m[38;2;242;240;236m
              [hid 15 additional lines]

    Function with many returns (count = 6): TryCraftAntiRadFromChemicalScrap

          87  [48;2;0;0;0m[38;2;242;240;236m        [48;2;0;0;0m[38;2;204;153;204mpublic[48;2;0;0;0m[38;2;242;240;236m [48;2;0;0;0m[38;2;204;153;204mbool[48;2;0;0;0m[38;2;242;240;236m [48;2;0;0;0m[38;2;102;153;204mTryCraftAntiRadFromChemicalScrap[48;2;0;0;0m[38;2;242;240;236m([48;2;0;0;0m[38;2;242;240;236m
          88  [48;2;0;0;0m[38;2;242;240;236m            [48;2;0;0;0m[38;2;242;240;236mSurvivor[48;2;0;0;0m[38;2;242;240;236m [48;2;0;0;0m[38;2;242;119;122mcrafter[48;2;0;0;0m[38;2;242;240;236m,[48;2;0;0;0m[38;2;242;240;236m
          89  [48;2;0;0;0m[38;2;242;240;236m            [48;2;0;0;0m[38;2;242;240;236mItemDefinition[48;2;0;0;0m[38;2;242;240;236m [48;2;0;0;0m[38;2;242;119;122mchemicalScrap[48;2;0;0;0m[38;2;242;240;236m,[48;2;0;0;0m[38;2;242;240;236m
          90  [48;2;0;0;0m[38;2;242;240;236m            [48;2;0;0;0m[38;2;242;240;236mItemDefinition[48;2;0;0;0m[38;2;242;240;236m [48;2;0;0;0m[38;2;242;119;122mantiRad[48;2;0;0;0m[38;2;242;240;236m)[48;2;0;0;0m[38;2;242;240;236m
          91  [48;2;0;0;0m[38;2;242;240;236m        [48;2;0;0;0m[38;2;242;240;236m{[48;2;0;0;0m[38;2;242;240;236m
          92  [48;2;0;0;0m[38;2;242;240;236m            [48;2;0;0;0m[38;2;204;153;204mif[48;2;0;0;0m[38;2;242;240;236m [48;2;0;0;0m[38;2;242;240;236m([48;2;0;0;0m[38;2;242;119;122mcrafter[48;2;0;0;0m[38;2;242;240;236m [48;2;0;0;0m[38;2;211;208;200m==[48;2;0;0;0m[38;2;242;240;236m [48;2;0;0;0m[38;2;249;145;87mnull[48;2;0;0;0m[38;2;242;240;236m [48;2;0;0;0m[38;2;211;208;200m||[48;2;0;0;0m[38;2;242;240;236m [48;2;0;0;0m[38;2;211;208;200m![48;2;0;0;0m[38;2;242;119;122mcrafter[48;2;0;0;0m[38;2;242;240;236m.[48;2;0;0;0m[38;2;242;119;122mIsAlive[48;2;0;0;0m[38;2;242;240;236m)[48;2;0;0;0m[38;2;242;240;236m [48;2;0;0;0m[38;2;204;153;204mreturn[48;2;0;0;0m[38;2;242;240;236m [48;2;0;0;0m[38;2;249;145;87mfalse[48;2;0;0;0m[38;2;242;240;236m;[48;2;0;0;0m[38;2;242;240;236m
              [hid 8 additional lines]

    Function with many returns (count = 6): CanCraft

         147  [48;2;0;0;0m[38;2;242;240;236m        [48;2;0;0;0m[38;2;204;153;204mpublic[48;2;0;0;0m[38;2;242;240;236m [48;2;0;0;0m[38;2;204;153;204mbool[48;2;0;0;0m[38;2;242;240;236m [48;2;0;0;0m[38;2;102;153;204mCanCraft[48;2;0;0;0m[38;2;242;240;236m([48;2;0;0;0m[38;2;242;240;236mRecipe[48;2;0;0;0m[38;2;242;240;236m [48;2;0;0;0m[38;2;242;119;122mrecipe[48;2;0;0;0m[38;2;242;240;236m,[48;2;0;0;0m[38;2;242;240;236m [48;2;0;0;0m[38;2;242;240;236mSurvivor[48;2;0;0;0m[38;2;242;240;236m [48;2;0;0;0m[38;2;242;119;122mcrafter[48;2;0;0;0m[38;2;242;240;236m)[48;2;0;0;0m[38;2;242;240;236m
         148  [48;2;0;0;0m[38;2;242;240;236m        [48;2;0;0;0m[38;2;242;240;236m{[48;2;0;0;0m[38;2;242;240;236m
         149  [48;2;0;0;0m[38;2;242;240;236m            [48;2;0;0;0m[38;2;204;153;204mif[48;2;0;0;0m[38;2;242;240;236m [48;2;0;0;0m[38;2;242;240;236m([48;2;0;0;0m[38;2;242;119;122mrecipe[48;2;0;0;0m[38;2;242;240;236m [48;2;0;0;0m[38;2;211;208;200m==[48;2;0;0;0m[38;2;242;240;236m [48;2;0;0;0m[38;2;249;145;87mnull[48;2;0;0;0m[38;2;242;240;236m)[48;2;0;0;0m[38;2;242;240;236m
         150  [48;2;0;0;0m[38;2;242;240;236m            [48;2;0;0;0m[38;2;242;240;236m{[48;2;0;0;0m[38;2;242;240;236m
         151  [48;2;0;0;0m[38;2;242;240;236m                [48;2;0;0;0m[38;2;204;153;204mreturn[48;2;0;0;0m[38;2;242;240;236m [48;2;0;0;0m[38;2;249;145;87mfalse[48;2;0;0;0m[38;2;242;240;236m;[48;2;0;0;0m[38;2;242;240;236m
         152  [48;2;0;0;0m[38;2;242;240;236m            [48;2;0;0;0m[38;2;242;240;236m}[48;2;0;0;0m[38;2;242;240;236m
              [hid 35 additional lines]

    Complex binary expression

         222  [48;2;0;0;0m[38;2;242;240;236m            [48;2;0;0;0m[38;2;204;153;204mif[48;2;0;0;0m[38;2;242;240;236m [48;2;0;0;0m[38;2;242;240;236m([48;2;0;0;0m[38;2;242;119;122mcrafter[48;2;0;0;0m[38;2;242;240;236m [48;2;0;0;0m[38;2;211;208;200m!=[48;2;0;0;0m[38;2;242;240;236m [48;2;0;0;0m[38;2;249;145;87mnull[48;2;0;0;0m[38;2;242;240;236m [48;2;0;0;0m[38;2;211;208;200m&&[48;2;0;0;0m[38;2;242;240;236m [48;2;0;0;0m[38;2;242;119;122m_survivalPerks[48;2;0;0;0m[38;2;242;240;236m [48;2;0;0;0m[38;2;211;208;200m!=[48;2;0;0;0m[38;2;242;240;236m [48;2;0;0;0m[38;2;249;145;87mnull[48;2;0;0;0m[38;2;242;240;236m

    Complex binary expression

         283  [48;2;0;0;0m[38;2;242;240;236m            [48;2;0;0;0m[38;2;204;153;204mif[48;2;0;0;0m[38;2;242;240;236m [48;2;0;0;0m[38;2;242;240;236m([48;2;0;0;0m[38;2;242;119;122mresult[48;2;0;0;0m[38;2;242;240;236m [48;2;0;0;0m[38;2;211;208;200m!=[48;2;0;0;0m[38;2;242;240;236m [48;2;0;0;0m[38;2;249;145;87mnull[48;2;0;0;0m[38;2;242;240;236m [48;2;0;0;0m[38;2;211;208;200m&&[48;2;0;0;0m[38;2;242;240;236m [48;2;0;0;0m[38;2;242;119;122mamount[48;2;0;0;0m[38;2;242;240;236m [48;2;0;0;0m[38;2;211;208;200m>[48;2;0;0;0m[38;2;242;240;236m [48;2;0;0;0m[38;2;249;145;87m0[48;2;0;0;0m[38;2;242;240;236m [48;2;0;0;0m[38;2;211;208;200m&&[48;2;0;0;0m[38;2;242;240;236m [48;2;0;0;0m[38;2;242;119;122mcrafter[48;2;0;0;0m[38;2;242;240;236m [48;2;0;0;0m[38;2;211;208;200m!=[48;2;0;0;0m[38;2;242;240;236m [48;2;0;0;0m[38;2;249;145;87mnull[48;2;0;0;0m[38;2;242;240;236m [48;2;0;0;0m[38;2;211;208;200m&&[48;2;0;0;0m[38;2;242;240;236m [48;2;0;0;0m[38;2;242;119;122m_personalQuests[48;2;0;0;0m[38;2;242;240;236m [48;2;0;0;0m[38;2;211;208;200m!=[48;2;0;0;0m[38;2;242;240;236m [48;2;0;0;0m[38;2;249;145;87mnull[48;2;0;0;0m[38;2;242;240;236m

    Complex binary expression

         312  [48;2;0;0;0m[38;2;242;240;236m            [48;2;0;0;0m[38;2;204;153;204mreturn[48;2;0;0;0m[38;2;242;240;236m [48;2;0;0;0m[38;2;242;119;122mSurvivalPerkSystem[48;2;0;0;0m[38;2;242;240;236m.[48;2;0;0;0m[38;2;102;153;204mIsAntibioticId[48;2;0;0;0m[38;2;242;240;236m([48;2;0;0;0m[38;2;242;119;122mid[48;2;0;0;0m[38;2;242;240;236m)[48;2;0;0;0m[38;2;242;240;236m
         313  [48;2;0;0;0m[38;2;242;240;236m                   [48;2;0;0;0m[38;2;211;208;200m||[48;2;0;0;0m[38;2;242;240;236m [48;2;0;0;0m[38;2;242;119;122mSurvivalPerkSystem[48;2;0;0;0m[38;2;242;240;236m.[48;2;0;0;0m[38;2;102;153;204mIsIodineId[48;2;0;0;0m[38;2;242;240;236m([48;2;0;0;0m[38;2;242;119;122mid[48;2;0;0;0m[38;2;242;240;236m)[48;2;0;0;0m[38;2;242;240;236m
         314  [48;2;0;0;0m[38;2;242;240;236m                   [48;2;0;0;0m[38;2;211;208;200m||[48;2;0;0;0m[38;2;242;240;236m [48;2;0;0;0m[38;2;204;153;204mstring[48;2;0;0;0m[38;2;242;240;236m.[48;2;0;0;0m[38;2;102;153;204mEquals[48;2;0;0;0m[38;2;242;240;236m([48;2;0;0;0m[38;2;242;119;122mid[48;2;0;0;0m[38;2;242;240;236m,[48;2;0;0;0m[38;2;242;240;236m [48;2;0;0;0m[38;2;211;208;200m"[48;2;0;0;0m[38;2;153;204;153mbandage[48;2;0;0;0m[38;2;211;208;200m"[48;2;0;0;0m[38;2;242;240;236m,[48;2;0;0;0m[38;2;242;240;236m [48;2;0;0;0m[38;2;242;119;122mStringComparison[48;2;0;0;0m[38;2;242;240;236m.[48;2;0;0;0m[38;2;242;119;122mOrdinalIgnoreCase[48;2;0;0;0m[38;2;242;240;236m)[48;2;0;0;0m[38;2;242;240;236m

    High total complexity (count = 86)

           1  [48;2;0;0;0m[38;2;204;153;204musing[48;2;0;0;0m[38;2;211;208;200m [48;2;0;0;0m[38;2;211;208;200mSystem[48;2;0;0;0m[38;2;211;208;200m;[48;2;0;0;0m[38;2;211;208;200m
           2  [48;2;0;0;0m[38;2;204;153;204musing[48;2;0;0;0m[38;2;211;208;200m [48;2;0;0;0m[38;2;211;208;200mSystem[48;2;0;0;0m[38;2;211;208;200m.[48;2;0;0;0m[38;2;211;208;200mCollections[48;2;0;0;0m[38;2;211;208;200m.[48;2;0;0;0m[38;2;211;208;200mGeneric[48;2;0;0;0m[38;2;211;208;200m;[48;2;0;0;0m[38;2;211;208;200m
           3  [48;2;0;0;0m[38;2;204;153;204musing[48;2;0;0;0m[38;2;211;208;200m [48;2;0;0;0m[38;2;211;208;200mUnityEngine[48;2;0;0;0m[38;2;211;208;200m;[48;2;0;0;0m[38;2;211;208;200m
           4  [48;2;0;0;0m[38;2;204;153;204musing[48;2;0;0;0m[38;2;211;208;200m [48;2;0;0;0m[38;2;211;208;200mAtomicWar[48;2;0;0;0m[38;2;211;208;200m.[48;2;0;0;0m[38;2;211;208;200m_Game[48;2;0;0;0m[38;2;211;208;200m.[48;2;0;0;0m[38;2;211;208;200mInventory[48;2;0;0;0m[38;2;211;208;200m;[48;2;0;0;0m[38;2;211;208;200m
           5  [48;2;0;0;0m[38;2;204;153;204musing[48;2;0;0;0m[38;2;211;208;200m [48;2;0;0;0m[38;2;211;208;200mAtomicWar[48;2;0;0;0m[38;2;211;208;200m.[48;2;0;0;0m[38;2;211;208;200m_Game[48;2;0;0;0m[38;2;211;208;200m.[48;2;0;0;0m[38;2;211;208;200mSurvivors[48;2;0;0;0m[38;2;211;208;200m;[48;2;0;0;0m[38;2;211;208;200m
           6  [48;2;0;0;0m[38;2;211;208;200m
              [hid 439 additional lines]


Assets/_Game/Crafting/WorkbenchSystem.cs
    Function with many returns (count = 7): CanCraftMoonshine

         172  [48;2;0;0;0m[38;2;242;240;236m        [48;2;0;0;0m[38;2;204;153;204mpublic[48;2;0;0;0m[38;2;242;240;236m [48;2;0;0;0m[38;2;204;153;204mbool[48;2;0;0;0m[38;2;242;240;236m [48;2;0;0;0m[38;2;102;153;204mCanCraftMoonshine[48;2;0;0;0m[38;2;242;240;236m([48;2;0;0;0m[38;2;242;240;236mSurvivor[48;2;0;0;0m[38;2;242;240;236m [48;2;0;0;0m[38;2;242;119;122mbrewer[48;2;0;0;0m[38;2;242;240;236m)[48;2;0;0;0m[38;2;242;240;236m
         173  [48;2;0;0;0m[38;2;242;240;236m        [48;2;0;0;0m[38;2;242;240;236m{[48;2;0;0;0m[38;2;242;240;236m
         174  [48;2;0;0;0m[38;2;242;240;236m            [48;2;0;0;0m[38;2;204;153;204mif[48;2;0;0;0m[38;2;242;240;236m [48;2;0;0;0m[38;2;242;240;236m([48;2;0;0;0m[38;2;242;119;122mbrewer[48;2;0;0;0m[38;2;242;240;236m [48;2;0;0;0m[38;2;211;208;200m==[48;2;0;0;0m[38;2;242;240;236m [48;2;0;0;0m[38;2;249;145;87mnull[48;2;0;0;0m[38;2;242;240;236m [48;2;0;0;0m[38;2;211;208;200m||[48;2;0;0;0m[38;2;242;240;236m [48;2;0;0;0m[38;2;211;208;200m![48;2;0;0;0m[38;2;242;119;122mbrewer[48;2;0;0;0m[38;2;242;240;236m.[48;2;0;0;0m[38;2;242;119;122mIsAlive[48;2;0;0;0m[38;2;242;240;236m)[48;2;0;0;0m[38;2;242;240;236m [48;2;0;0;0m[38;2;204;153;204mreturn[48;2;0;0;0m[38;2;242;240;236m [48;2;0;0;0m[38;2;249;145;87mfalse[48;2;0;0;0m[38;2;242;240;236m;[48;2;0;0;0m[38;2;242;240;236m
         175  [48;2;0;0;0m[38;2;242;240;236m            [48;2;0;0;0m[38;2;204;153;204mif[48;2;0;0;0m[38;2;242;240;236m [48;2;0;0;0m[38;2;242;240;236m([48;2;0;0;0m[38;2;242;119;122m_survivalPerks[48;2;0;0;0m[38;2;242;240;236m [48;2;0;0;0m[38;2;211;208;200m==[48;2;0;0;0m[38;2;242;240;236m [48;2;0;0;0m[38;2;249;145;87mnull[48;2;0;0;0m[38;2;242;240;236m [48;2;0;0;0m[38;2;211;208;200m||[48;2;0;0;0m[38;2;242;240;236m [48;2;0;0;0m[38;2;211;208;200m![48;2;0;0;0m[38;2;242;119;122m_survivalPerks[48;2;0;0;0m[38;2;242;240;236m.[48;2;0;0;0m[38;2;102;153;204mCanCraftMoonshine[48;2;0;0;0m[38;2;242;240;236m([48;2;0;0;0m[38;2;242;119;122mbrewer[48;2;0;0;0m[38;2;242;240;236m)[48;2;0;0;0m[38;2;242;240;236m)[48;2;0;0;0m[38;2;242;240;236m [48;2;0;0;0m[38;2;204;153;204mreturn[48;2;0;0;0m[38;2;242;240;236m [48;2;0;0;0m[38;2;249;145;87mfalse[48;2;0;0;0m[38;2;242;240;236m;[48;2;0;0;0m[38;2;242;240;236m
         176  [48;2;0;0;0m[38;2;242;240;236m            [48;2;0;0;0m[38;2;204;153;204mif[48;2;0;0;0m[38;2;242;240;236m [48;2;0;0;0m[38;2;242;240;236m([48;2;0;0;0m[38;2;211;208;200m![48;2;0;0;0m[38;2;102;153;204mHasOperationalWorkbench[48;2;0;0;0m[38;2;242;240;236m([48;2;0;0;0m[38;2;242;240;236m)[48;2;0;0;0m[38;2;242;240;236m)[48;2;0;0;0m[38;2;242;240;236m [48;2;0;0;0m[38;2;204;153;204mreturn[48;2;0;0;0m[38;2;242;240;236m [48;2;0;0;0m[38;2;249;145;87mfalse[48;2;0;0;0m[38;2;242;240;236m;[48;2;0;0;0m[38;2;242;240;236m
         177  [48;2;0;0;0m[38;2;242;240;236m            [48;2;0;0;0m[38;2;102;153;204mEnsureMoonshineItems[48;2;0;0;0m[38;2;242;240;236m([48;2;0;0;0m[38;2;242;240;236m)[48;2;0;0;0m[38;2;242;240;236m;[48;2;0;0;0m[38;2;242;240;236m
              [hid 9 additional lines]

    Function with many returns (count = 6): CanDisassemble

         382  [48;2;0;0;0m[38;2;242;240;236m        [48;2;0;0;0m[38;2;204;153;204mpublic[48;2;0;0;0m[38;2;242;240;236m [48;2;0;0;0m[38;2;204;153;204mbool[48;2;0;0;0m[38;2;242;240;236m [48;2;0;0;0m[38;2;102;153;204mCanDisassemble[48;2;0;0;0m[38;2;242;240;236m([48;2;0;0;0m[38;2;242;240;236mItemDefinition[48;2;0;0;0m[38;2;242;240;236m [48;2;0;0;0m[38;2;242;119;122mitem[48;2;0;0;0m[38;2;242;240;236m)[48;2;0;0;0m[38;2;242;240;236m
         383  [48;2;0;0;0m[38;2;242;240;236m        [48;2;0;0;0m[38;2;242;240;236m{[48;2;0;0;0m[38;2;242;240;236m
         384  [48;2;0;0;0m[38;2;242;240;236m            [48;2;0;0;0m[38;2;204;153;204mif[48;2;0;0;0m[38;2;242;240;236m [48;2;0;0;0m[38;2;242;240;236m([48;2;0;0;0m[38;2;242;119;122mitem[48;2;0;0;0m[38;2;242;240;236m [48;2;0;0;0m[38;2;211;208;200m==[48;2;0;0;0m[38;2;242;240;236m [48;2;0;0;0m[38;2;249;145;87mnull[48;2;0;0;0m[38;2;242;240;236m [48;2;0;0;0m[38;2;211;208;200m||[48;2;0;0;0m[38;2;242;240;236m [48;2;0;0;0m[38;2;211;208;200m![48;2;0;0;0m[38;2;242;119;122mitem[48;2;0;0;0m[38;2;242;240;236m.[48;2;0;0;0m[38;2;242;119;122mCanDisassemble[48;2;0;0;0m[38;2;242;240;236m)[48;2;0;0;0m[38;2;242;240;236m [48;2;0;0;0m[38;2;204;153;204mreturn[48;2;0;0;0m[38;2;242;240;236m [48;2;0;0;0m[38;2;249;145;87mfalse[48;2;0;0;0m[38;2;242;240;236m;[48;2;0;0;0m[38;2;242;240;236m
         385  [48;2;0;0;0m[38;2;242;240;236m            [48;2;0;0;0m[38;2;204;153;204mif[48;2;0;0;0m[38;2;242;240;236m [48;2;0;0;0m[38;2;242;240;236m([48;2;0;0;0m[38;2;211;208;200m![48;2;0;0;0m[38;2;102;153;204mHasOperationalWorkbench[48;2;0;0;0m[38;2;242;240;236m([48;2;0;0;0m[38;2;242;240;236m)[48;2;0;0;0m[38;2;242;240;236m)[48;2;0;0;0m[38;2;242;240;236m [48;2;0;0;0m[38;2;204;153;204mreturn[48;2;0;0;0m[38;2;242;240;236m [48;2;0;0;0m[38;2;249;145;87mfalse[48;2;0;0;0m[38;2;242;240;236m;[48;2;0;0;0m[38;2;242;240;236m
         386  [48;2;0;0;0m[38;2;242;240;236m            [48;2;0;0;0m[38;2;204;153;204mif[48;2;0;0;0m[38;2;242;240;236m [48;2;0;0;0m[38;2;242;240;236m([48;2;0;0;0m[38;2;242;119;122m_inventory[48;2;0;0;0m[38;2;242;240;236m.[48;2;0;0;0m[38;2;102;153;204mCount[48;2;0;0;0m[38;2;242;240;236m([48;2;0;0;0m[38;2;242;119;122mitem[48;2;0;0;0m[38;2;242;240;236m)[48;2;0;0;0m[38;2;242;240;236m [48;2;0;0;0m[38;2;211;208;200m<[48;2;0;0;0m[38;2;242;240;236m [48;2;0;0;0m[38;2;249;145;87m1[48;2;0;0;0m[38;2;242;240;236m)[48;2;0;0;0m[38;2;242;240;236m [48;2;0;0;0m[38;2;204;153;204mreturn[48;2;0;0;0m[38;2;242;240;236m [48;2;0;0;0m[38;2;249;145;87mfalse[48;2;0;0;0m[38;2;242;240;236m;[48;2;0;0;0m[38;2;242;240;236m
         387  [48;2;0;0;0m[38;2;242;240;236m            [48;2;0;0;0m[38;2;204;153;204mvar[48;2;0;0;0m[38;2;242;240;236m [48;2;0;0;0m[38;2;242;119;122myield[48;2;0;0;0m[38;2;242;240;236m [48;2;0;0;0m[38;2;211;208;200m=[48;2;0;0;0m[38;2;242;240;236m [48;2;0;0;0m[38;2;102;153;204mGetDisassembleYield[48;2;0;0;0m[38;2;242;240;236m([48;2;0;0;0m[38;2;242;119;122mitem[48;2;0;0;0m[38;2;242;240;236m)[48;2;0;0;0m[38;2;242;240;236m;[48;2;0;0;0m[38;2;242;240;236m
              [hid 8 additional lines]

    Function with many returns (count = 8): ExecuteLine

         690  [48;2;0;0;0m[38;2;242;240;236m        [48;2;0;0;0m[38;2;204;153;204mpublic[48;2;0;0;0m[38;2;242;240;236m [48;2;0;0;0m[38;2;204;153;204mbool[48;2;0;0;0m[38;2;242;240;236m [48;2;0;0;0m[38;2;102;153;204mExecuteLine[48;2;0;0;0m[38;2;242;240;236m([48;2;0;0;0m[38;2;242;240;236mWorkbenchLine[48;2;0;0;0m[38;2;242;240;236m [48;2;0;0;0m[38;2;242;119;122mline[48;2;0;0;0m[38;2;242;240;236m)[48;2;0;0;0m[38;2;242;240;236m
         691  [48;2;0;0;0m[38;2;242;240;236m        [48;2;0;0;0m[38;2;242;240;236m{[48;2;0;0;0m[38;2;242;240;236m
         692  [48;2;0;0;0m[38;2;242;240;236m            [48;2;0;0;0m[38;2;204;153;204mif[48;2;0;0;0m[38;2;242;240;236m [48;2;0;0;0m[38;2;242;240;236m([48;2;0;0;0m[38;2;242;119;122mline[48;2;0;0;0m[38;2;242;240;236m [48;2;0;0;0m[38;2;211;208;200m==[48;2;0;0;0m[38;2;242;240;236m [48;2;0;0;0m[38;2;249;145;87mnull[48;2;0;0;0m[38;2;242;240;236m)[48;2;0;0;0m[38;2;242;240;236m [48;2;0;0;0m[38;2;204;153;204mreturn[48;2;0;0;0m[38;2;242;240;236m [48;2;0;0;0m[38;2;249;145;87mfalse[48;2;0;0;0m[38;2;242;240;236m;[48;2;0;0;0m[38;2;242;240;236m
         693  [48;2;0;0;0m[38;2;242;240;236m            [48;2;0;0;0m[38;2;204;153;204mswitch[48;2;0;0;0m[38;2;242;240;236m [48;2;0;0;0m[38;2;242;240;236m([48;2;0;0;0m[38;2;242;119;122mline[48;2;0;0;0m[38;2;242;240;236m.[48;2;0;0;0m[38;2;242;119;122mKind[48;2;0;0;0m[38;2;242;240;236m)[48;2;0;0;0m[38;2;242;240;236m
         694  [48;2;0;0;0m[38;2;242;240;236m            [48;2;0;0;0m[38;2;242;240;236m{[48;2;0;0;0m[38;2;242;240;236m
         695  [48;2;0;0;0m[38;2;242;240;236m                [48;2;0;0;0m[38;2;204;153;204mcase[48;2;0;0;0m[38;2;242;240;236m [48;2;0;0;0m[38;2;242;119;122mWorkbenchActionKind[48;2;0;0;0m[38;2;242;240;236m.[48;2;0;0;0m[38;2;249;145;87mDisassemble[48;2;0;0;0m[38;2;242;240;236m:[48;2;0;0;0m[38;2;242;240;236m
              [hid 15 additional lines]

    Function with many returns (count = 7): ConsumeMaterialWithSubstitute

         808  [48;2;0;0;0m[38;2;242;240;236m        [48;2;0;0;0m[38;2;204;153;204mprivate[48;2;0;0;0m[38;2;242;240;236m [48;2;0;0;0m[38;2;204;153;204mbool[48;2;0;0;0m[38;2;242;240;236m [48;2;0;0;0m[38;2;102;153;204mConsumeMaterialWithSubstitute[48;2;0;0;0m[38;2;242;240;236m([48;2;0;0;0m[38;2;204;153;204mstring[48;2;0;0;0m[38;2;242;240;236m [48;2;0;0;0m[38;2;242;119;122mmaterialId[48;2;0;0;0m[38;2;242;240;236m,[48;2;0;0;0m[38;2;242;240;236m [48;2;0;0;0m[38;2;204;153;204mint[48;2;0;0;0m[38;2;242;240;236m [48;2;0;0;0m[38;2;242;119;122mamount[48;2;0;0;0m[38;2;242;240;236m,[48;2;0;0;0m[38;2;242;240;236m [48;2;0;0;0m[38;2;204;153;204mbool[48;2;0;0;0m[38;2;242;240;236m [48;2;0;0;0m[38;2;242;119;122mcanSubstitute[48;2;0;0;0m[38;2;242;240;236m)[48;2;0;0;0m[38;2;242;240;236m
         809  [48;2;0;0;0m[38;2;242;240;236m        [48;2;0;0;0m[38;2;242;240;236m{[48;2;0;0;0m[38;2;242;240;236m
         810  [48;2;0;0;0m[38;2;242;240;236m            [48;2;0;0;0m[38;2;204;153;204mif[48;2;0;0;0m[38;2;242;240;236m [48;2;0;0;0m[38;2;242;240;236m([48;2;0;0;0m[38;2;242;119;122mamount[48;2;0;0;0m[38;2;242;240;236m [48;2;0;0;0m[38;2;211;208;200m<=[48;2;0;0;0m[38;2;242;240;236m [48;2;0;0;0m[38;2;249;145;87m0[48;2;0;0;0m[38;2;242;240;236m)[48;2;0;0;0m[38;2;242;240;236m [48;2;0;0;0m[38;2;204;153;204mreturn[48;2;0;0;0m[38;2;242;240;236m [48;2;0;0;0m[38;2;249;145;87mtrue[48;2;0;0;0m[38;2;242;240;236m;[48;2;0;0;0m[38;2;242;240;236m
         811  [48;2;0;0;0m[38;2;242;240;236m            [48;2;0;0;0m[38;2;204;153;204mvar[48;2;0;0;0m[38;2;242;240;236m [48;2;0;0;0m[38;2;242;119;122mmat[48;2;0;0;0m[38;2;242;240;236m [48;2;0;0;0m[38;2;211;208;200m=[48;2;0;0;0m[38;2;242;240;236m [48;2;0;0;0m[38;2;102;153;204mResolveMaterial[48;2;0;0;0m[38;2;242;240;236m([48;2;0;0;0m[38;2;242;119;122mmaterialId[48;2;0;0;0m[38;2;242;240;236m)[48;2;0;0;0m[38;2;242;240;236m;[48;2;0;0;0m[38;2;242;240;236m
         812  [48;2;0;0;0m[38;2;242;240;236m            [48;2;0;0;0m[38;2;204;153;204mint[48;2;0;0;0m[38;2;242;240;236m [48;2;0;0;0m[38;2;242;119;122mhave[48;2;0;0;0m[38;2;242;240;236m [48;2;0;0;0m[38;2;211;208;200m=[48;2;0;0;0m[38;2;242;240;236m [48;2;0;0;0m[38;2;242;119;122mmat[48;2;0;0;0m[38;2;242;240;236m [48;2;0;0;0m[38;2;211;208;200m!=[48;2;0;0;0m[38;2;242;240;236m [48;2;0;0;0m[38;2;249;145;87mnull[48;2;0;0;0m[38;2;242;240;236m [48;2;0;0;0m[38;2;211;208;200m?[48;2;0;0;0m[38;2;242;240;236m [48;2;0;0;0m[38;2;242;119;122m_inventory[48;2;0;0;0m[38;2;242;240;236m.[48;2;0;0;0m[38;2;102;153;204mCount[48;2;0;0;0m[38;2;242;240;236m([48;2;0;0;0m[38;2;242;119;122mmat[48;2;0;0;0m[38;2;242;240;236m)[48;2;0;0;0m[38;2;242;240;236m [48;2;0;0;0m[38;2;211;208;200m:[48;2;0;0;0m[38;2;242;240;236m [48;2;0;0;0m[38;2;249;145;87m0[48;2;0;0;0m[38;2;242;240;236m;[48;2;0;0;0m[38;2;242;240;236m
         813  [48;2;0;0;0m[38;2;242;240;236m            [48;2;0;0;0m[38;2;204;153;204mint[48;2;0;0;0m[38;2;242;240;236m [48;2;0;0;0m[38;2;242;119;122mfromPrimary[48;2;0;0;0m[38;2;242;240;236m [48;2;0;0;0m[38;2;211;208;200m=[48;2;0;0;0m[38;2;242;240;236m [48;2;0;0;0m[38;2;242;119;122mMathf[48;2;0;0;0m[38;2;242;240;236m.[48;2;0;0;0m[38;2;102;153;204mMin[48;2;0;0;0m[38;2;242;240;236m([48;2;0;0;0m[38;2;242;119;122mhave[48;2;0;0;0m[38;2;242;240;236m,[48;2;0;0;0m[38;2;242;240;236m [48;2;0;0;0m[38;2;242;119;122mamount[48;2;0;0;0m[38;2;242;240;236m)[48;2;0;0;0m[38;2;242;240;236m;[48;2;0;0;0m[38;2;242;240;236m
              [hid 13 additional lines]

    High total complexity (count = 188)

           1  [48;2;0;0;0m[38;2;204;153;204musing[48;2;0;0;0m[38;2;211;208;200m [48;2;0;0;0m[38;2;211;208;200mSystem[48;2;0;0;0m[38;2;211;208;200m;[48;2;0;0;0m[38;2;211;208;200m
           2  [48;2;0;0;0m[38;2;204;153;204musing[48;2;0;0;0m[38;2;211;208;200m [48;2;0;0;0m[38;2;211;208;200mSystem[48;2;0;0;0m[38;2;211;208;200m.[48;2;0;0;0m[38;2;211;208;200mCollections[48;2;0;0;0m[38;2;211;208;200m.[48;2;0;0;0m[38;2;211;208;200mGeneric[48;2;0;0;0m[38;2;211;208;200m;[48;2;0;0;0m[38;2;211;208;200m
           3  [48;2;0;0;0m[38;2;204;153;204musing[48;2;0;0;0m[38;2;211;208;200m [48;2;0;0;0m[38;2;211;208;200mUnityEngine[48;2;0;0;0m[38;2;211;208;200m;[48;2;0;0;0m[38;2;211;208;200m
           4  [48;2;0;0;0m[38;2;204;153;204musing[48;2;0;0;0m[38;2;211;208;200m [48;2;0;0;0m[38;2;211;208;200mAtomicWar[48;2;0;0;0m[38;2;211;208;200m.[48;2;0;0;0m[38;2;211;208;200m_Game[48;2;0;0;0m[38;2;211;208;200m.[48;2;0;0;0m[38;2;211;208;200mInventory[48;2;0;0;0m[38;2;211;208;200m;[48;2;0;0;0m[38;2;211;208;200m
           5  [48;2;0;0;0m[38;2;204;153;204musing[48;2;0;0;0m[38;2;211;208;200m [48;2;0;0;0m[38;2;211;208;200mAtomicWar[48;2;0;0;0m[38;2;211;208;200m.[48;2;0;0;0m[38;2;211;208;200m_Game[48;2;0;0;0m[38;2;211;208;200m.[48;2;0;0;0m[38;2;211;208;200mRadiation[48;2;0;0;0m[38;2;211;208;200m;[48;2;0;0;0m[38;2;211;208;200m
           6  [48;2;0;0;0m[38;2;204;153;204musing[48;2;0;0;0m[38;2;211;208;200m [48;2;0;0;0m[38;2;211;208;200mAtomicWar[48;2;0;0;0m[38;2;211;208;200m.[48;2;0;0;0m[38;2;211;208;200m_Game[48;2;0;0;0m[38;2;211;208;200m.[48;2;0;0;0m[38;2;211;208;200mShelter[48;2;0;0;0m[38;2;211;208;200m;[48;2;0;0;0m[38;2;211;208;200m
              [hid 898 additional lines]


Assets/_Game/Data/IntelNode.cs
    Function with many parameters (count = 6): CreatePlumeReport

          70  [48;2;0;0;0m[38;2;242;240;236m        [48;2;0;0;0m[38;2;204;153;204mpublic[48;2;0;0;0m[38;2;242;240;236m [48;2;0;0;0m[38;2;204;153;204mstatic[48;2;0;0;0m[38;2;242;240;236m [48;2;0;0;0m[38;2;242;240;236mIntelNode[48;2;0;0;0m[38;2;242;240;236m [48;2;0;0;0m[38;2;102;153;204mCreatePlumeReport[48;2;0;0;0m[38;2;242;240;236m([48;2;0;0;0m[38;2;204;153;204mstring[48;2;0;0;0m[38;2;242;240;236m [48;2;0;0;0m[38;2;242;119;122mlocationId[48;2;0;0;0m[38;2;242;240;236m,[48;2;0;0;0m[38;2;242;240;236m [48;2;0;0;0m[38;2;204;153;204mfloat[48;2;0;0;0m[38;2;242;240;236m [48;2;0;0;0m[38;2;242;119;122mrumoredRad[48;2;0;0;0m[38;2;242;240;236m,[48;2;0;0;0m[38;2;242;240;236m [48;2;0;0;0m[38;2;204;153;204mfloat[48;2;0;0;0m[38;2;242;240;236m [48;2;0;0;0m[38;2;242;119;122mconfidence[48;2;0;0;0m[38;2;242;240;236m,[48;2;0;0;0m[38;2;242;240;236m [48;2;0;0;0m[38;2;204;153;204mint[48;2;0;0;0m[38;2;242;240;236m [48;2;0;0;0m[38;2;242;119;122mextractedDay[48;2;0;0;0m[38;2;242;240;236m,[48;2;0;0;0m[38;2;242;240;236m [48;2;0;0;0m[38;2;204;153;204mint[48;2;0;0;0m[38;2;242;240;236m [48;2;0;0;0m[38;2;242;119;122mexpirationDay[48;2;0;0;0m[38;2;242;240;236m,[48;2;0;0;0m[38;2;242;240;236m [48;2;0;0;0m[38;2;204;153;204mstring[48;2;0;0;0m[38;2;242;240;236m [48;2;0;0;0m[38;2;242;119;122mtext[48;2;0;0;0m[38;2;242;240;236m)[48;2;0;0;0m[38;2;242;240;236m

    Function with many parameters (count = 6): CreateLootLocation

         101  [48;2;0;0;0m[38;2;242;240;236m        [48;2;0;0;0m[38;2;204;153;204mpublic[48;2;0;0;0m[38;2;242;240;236m [48;2;0;0;0m[38;2;204;153;204mstatic[48;2;0;0;0m[38;2;242;240;236m [48;2;0;0;0m[38;2;242;240;236mIntelNode[48;2;0;0;0m[38;2;242;240;236m [48;2;0;0;0m[38;2;102;153;204mCreateLootLocation[48;2;0;0;0m[38;2;242;240;236m([48;2;0;0;0m[38;2;204;153;204mstring[48;2;0;0;0m[38;2;242;240;236m [48;2;0;0;0m[38;2;242;119;122mlocationId[48;2;0;0;0m[38;2;242;240;236m,[48;2;0;0;0m[38;2;242;240;236m [48;2;0;0;0m[38;2;204;153;204mfloat[48;2;0;0;0m[38;2;242;240;236m [48;2;0;0;0m[38;2;242;119;122msupplyValue[48;2;0;0;0m[38;2;242;240;236m,[48;2;0;0;0m[38;2;242;240;236m [48;2;0;0;0m[38;2;204;153;204mfloat[48;2;0;0;0m[38;2;242;240;236m [48;2;0;0;0m[38;2;242;119;122mconfidence[48;2;0;0;0m[38;2;242;240;236m,[48;2;0;0;0m[38;2;242;240;236m [48;2;0;0;0m[38;2;204;153;204mint[48;2;0;0;0m[38;2;242;240;236m [48;2;0;0;0m[38;2;242;119;122mextractedDay[48;2;0;0;0m[38;2;242;240;236m,[48;2;0;0;0m[38;2;242;240;236m [48;2;0;0;0m[38;2;204;153;204mint[48;2;0;0;0m[38;2;242;240;236m [48;2;0;0;0m[38;2;242;119;122mexpirationDay[48;2;0;0;0m[38;2;242;240;236m,[48;2;0;0;0m[38;2;242;240;236m [48;2;0;0;0m[38;2;204;153;204mstring[48;2;0;0;0m[38;2;242;240;236m [48;2;0;0;0m[38;2;242;119;122mtext[48;2;0;0;0m[38;2;242;240;236m)[48;2;0;0;0m[38;2;242;240;236m


Assets/_Game/Data/ItemCatalogSO.cs
    Found 17 lines of similar code in 3 locations (mass = 99)

          11  [48;2;0;0;0m[38;2;211;208;200m    [48;2;0;0;0m[38;2;211;208;200m[[48;2;0;0;0m[38;2;242;119;122mCreateAssetMenu[48;2;0;0;0m[38;2;211;208;200m([48;2;0;0;0m[38;2;242;119;122mfileName[48;2;0;0;0m[38;2;211;208;200m [48;2;0;0;0m[38;2;211;208;200m=[48;2;0;0;0m[38;2;211;208;200m [48;2;0;0;0m[38;2;211;208;200m"[48;2;0;0;0m[38;2;153;204;153mNewItemCatalog[48;2;0;0;0m[38;2;211;208;200m"[48;2;0;0;0m[38;2;211;208;200m,[48;2;0;0;0m[38;2;211;208;200m [48;2;0;0;0m[38;2;242;119;122mmenuName[48;2;0;0;0m[38;2;211;208;200m [48;2;0;0;0m[38;2;211;208;200m=[48;2;0;0;0m[38;2;211;208;200m [48;2;0;0;0m[38;2;211;208;200m"[48;2;0;0;0m[38;2;153;204;153mASHFALL/Data/Item Catalog[48;2;0;0;0m[38;2;211;208;200m"[48;2;0;0;0m[38;2;211;208;200m)[48;2;0;0;0m[38;2;211;208;200m][48;2;0;0;0m[38;2;211;208;200m
          12  [48;2;0;0;0m[38;2;211;208;200m    [48;2;0;0;0m[38;2;204;153;204mpublic[48;2;0;0;0m[38;2;211;208;200m [48;2;0;0;0m[38;2;204;153;204mclass[48;2;0;0;0m[38;2;242;240;236m [48;2;0;0;0m[38;2;255;204;102mItemCatalogSO[48;2;0;0;0m[38;2;242;240;236m [48;2;0;0;0m[38;2;242;240;236m:[48;2;0;0;0m[38;2;242;240;236m [48;2;0;0;0m[38;2;153;204;153mScriptableObject[48;2;0;0;0m[38;2;242;240;236m
          13  [48;2;0;0;0m[38;2;242;240;236m    [48;2;0;0;0m[38;2;242;240;236m{[48;2;0;0;0m[38;2;242;240;236m
          14  [48;2;0;0;0m[38;2;242;240;236m        [48;2;0;0;0m[38;2;204;153;204mpublic[48;2;0;0;0m[38;2;242;240;236m [48;2;0;0;0m[38;2;242;240;236mList[48;2;0;0;0m[38;2;242;240;236m<[48;2;0;0;0m[38;2;242;240;236mItemDefinition[48;2;0;0;0m[38;2;242;240;236m>[48;2;0;0;0m[38;2;242;240;236m [48;2;0;0;0m[38;2;242;119;122mitems[48;2;0;0;0m[38;2;242;240;236m [48;2;0;0;0m[38;2;211;208;200m=[48;2;0;0;0m[38;2;242;240;236m [48;2;0;0;0m[38;2;211;208;200mnew[48;2;0;0;0m[38;2;242;240;236m [48;2;0;0;0m[38;2;242;240;236mList[48;2;0;0;0m[38;2;242;240;236m<[48;2;0;0;0m[38;2;242;240;236mItemDefinition[48;2;0;0;0m[38;2;242;240;236m>[48;2;0;0;0m[38;2;242;240;236m([48;2;0;0;0m[38;2;242;240;236m)[48;2;0;0;0m[38;2;242;240;236m;[48;2;0;0;0m[38;2;242;240;236m
          15  [48;2;0;0;0m[38;2;242;240;236m
          16  [48;2;0;0;0m[38;2;242;240;236m        [48;2;0;0;0m[38;2;116;115;105m///[48;2;0;0;0m[38;2;116;115;105m [48;2;0;0;0m[38;2;116;115;105m<[48;2;0;0;0m[38;2;242;119;122msummary[48;2;0;0;0m[38;2;116;115;105m>[48;2;0;0;0m[38;2;116;115;105mLook up an item definition by its snake_case id[48;2;0;0;0m[38;2;116;115;105m.[48;2;0;0;0m[38;2;116;115;105m</[48;2;0;0;0m[38;2;242;119;122msummary[48;2;0;0;0m[38;2;116;115;105m>[48;2;0;0;0m[38;2;116;115;105m
              [hid 11 additional lines]
        also found at Assets/_Game/Data/LocationCatalogSO.cs
        also found at Assets/_Game/Data/SurvivorCatalogSO.cs


Assets/_Game/Data/LocationCatalogSO.cs
    Found 17 lines of similar code in 3 locations (mass = 99)

          10  [48;2;0;0;0m[38;2;211;208;200m    [48;2;0;0;0m[38;2;211;208;200m[[48;2;0;0;0m[38;2;242;119;122mCreateAssetMenu[48;2;0;0;0m[38;2;211;208;200m([48;2;0;0;0m[38;2;242;119;122mfileName[48;2;0;0;0m[38;2;211;208;200m [48;2;0;0;0m[38;2;211;208;200m=[48;2;0;0;0m[38;2;211;208;200m [48;2;0;0;0m[38;2;211;208;200m"[48;2;0;0;0m[38;2;153;204;153mNewLocationCatalog[48;2;0;0;0m[38;2;211;208;200m"[48;2;0;0;0m[38;2;211;208;200m,[48;2;0;0;0m[38;2;211;208;200m [48;2;0;0;0m[38;2;242;119;122mmenuName[48;2;0;0;0m[38;2;211;208;200m [48;2;0;0;0m[38;2;211;208;200m=[48;2;0;0;0m[38;2;211;208;200m [48;2;0;0;0m[38;2;211;208;200m"[48;2;0;0;0m[38;2;153;204;153mASHFALL/Data/Location Catalog[48;2;0;0;0m[38;2;211;208;200m"[48;2;0;0;0m[38;2;211;208;200m)[48;2;0;0;0m[38;2;211;208;200m][48;2;0;0;0m[38;2;211;208;200m
          11  [48;2;0;0;0m[38;2;211;208;200m    [48;2;0;0;0m[38;2;204;153;204mpublic[48;2;0;0;0m[38;2;211;208;200m [48;2;0;0;0m[38;2;204;153;204mclass[48;2;0;0;0m[38;2;242;240;236m [48;2;0;0;0m[38;2;255;204;102mLocationCatalogSO[48;2;0;0;0m[38;2;242;240;236m [48;2;0;0;0m[38;2;242;240;236m:[48;2;0;0;0m[38;2;242;240;236m [48;2;0;0;0m[38;2;153;204;153mScriptableObject[48;2;0;0;0m[38;2;242;240;236m
          12  [48;2;0;0;0m[38;2;242;240;236m    [48;2;0;0;0m[38;2;242;240;236m{[48;2;0;0;0m[38;2;242;240;236m
          13  [48;2;0;0;0m[38;2;242;240;236m        [48;2;0;0;0m[38;2;204;153;204mpublic[48;2;0;0;0m[38;2;242;240;236m [48;2;0;0;0m[38;2;242;240;236mList[48;2;0;0;0m[38;2;242;240;236m<[48;2;0;0;0m[38;2;242;240;236mLocationDefinitionSO[48;2;0;0;0m[38;2;242;240;236m>[48;2;0;0;0m[38;2;242;240;236m [48;2;0;0;0m[38;2;242;119;122mlocations[48;2;0;0;0m[38;2;242;240;236m [48;2;0;0;0m[38;2;211;208;200m=[48;2;0;0;0m[38;2;242;240;236m [48;2;0;0;0m[38;2;211;208;200mnew[48;2;0;0;0m[38;2;242;240;236m [48;2;0;0;0m[38;2;242;240;236mList[48;2;0;0;0m[38;2;242;240;236m<[48;2;0;0;0m[38;2;242;240;236mLocationDefinitionSO[48;2;0;0;0m[38;2;242;240;236m>[48;2;0;0;0m[38;2;242;240;236m([48;2;0;0;0m[38;2;242;240;236m)[48;2;0;0;0m[38;2;242;240;236m;[48;2;0;0;0m[38;2;242;240;236m
          14  [48;2;0;0;0m[38;2;242;240;236m
          15  [48;2;0;0;0m[38;2;242;240;236m        [48;2;0;0;0m[38;2;116;115;105m///[48;2;0;0;0m[38;2;116;115;105m [48;2;0;0;0m[38;2;116;115;105m<[48;2;0;0;0m[38;2;242;119;122msummary[48;2;0;0;0m[38;2;116;115;105m>[48;2;0;0;0m[38;2;116;115;105mLook up a location by its snake_case id[48;2;0;0;0m[38;2;116;115;105m.[48;2;0;0;0m[38;2;116;115;105m</[48;2;0;0;0m[38;2;242;119;122msummary[48;2;0;0;0m[38;2;116;115;105m>[48;2;0;0;0m[38;2;116;115;105m
              [hid 11 additional lines]
        also found at Assets/_Game/Data/SurvivorCatalogSO.cs
        also found at Assets/_Game/Data/ItemCatalogSO.cs


Assets/_Game/Data/RadioFrequencySO.cs
    Function with many returns (count = 6): DefaultChannelTagForType

          90  [48;2;0;0;0m[38;2;242;240;236m        [48;2;0;0;0m[38;2;204;153;204mpublic[48;2;0;0;0m[38;2;242;240;236m [48;2;0;0;0m[38;2;204;153;204mstatic[48;2;0;0;0m[38;2;242;240;236m [48;2;0;0;0m[38;2;204;153;204mstring[48;2;0;0;0m[38;2;242;240;236m [48;2;0;0;0m[38;2;102;153;204mDefaultChannelTagForType[48;2;0;0;0m[38;2;242;240;236m([48;2;0;0;0m[38;2;242;240;236mRadioFrequencyType[48;2;0;0;0m[38;2;242;240;236m [48;2;0;0;0m[38;2;242;119;122mtype[48;2;0;0;0m[38;2;242;240;236m)[48;2;0;0;0m[38;2;242;240;236m
          91  [48;2;0;0;0m[38;2;242;240;236m        [48;2;0;0;0m[38;2;242;240;236m{[48;2;0;0;0m[38;2;242;240;236m
          92  [48;2;0;0;0m[38;2;242;240;236m            [48;2;0;0;0m[38;2;204;153;204mswitch[48;2;0;0;0m[38;2;242;240;236m [48;2;0;0;0m[38;2;242;240;236m([48;2;0;0;0m[38;2;242;119;122mtype[48;2;0;0;0m[38;2;242;240;236m)[48;2;0;0;0m[38;2;242;240;236m
          93  [48;2;0;0;0m[38;2;242;240;236m            [48;2;0;0;0m[38;2;242;240;236m{[48;2;0;0;0m[38;2;242;240;236m
          94  [48;2;0;0;0m[38;2;242;240;236m                [48;2;0;0;0m[38;2;204;153;204mcase[48;2;0;0;0m[38;2;242;240;236m [48;2;0;0;0m[38;2;242;119;122mRadioFrequencyType[48;2;0;0;0m[38;2;242;240;236m.[48;2;0;0;0m[38;2;249;145;87mMilitary[48;2;0;0;0m[38;2;242;240;236m:[48;2;0;0;0m[38;2;242;240;236m [48;2;0;0;0m[38;2;204;153;204mreturn[48;2;0;0;0m[38;2;242;240;236m [48;2;0;0;0m[38;2;211;208;200m"[48;2;0;0;0m[38;2;153;204;153mCH-7 MILBAND[48;2;0;0;0m[38;2;211;208;200m"[48;2;0;0;0m[38;2;242;240;236m;[48;2;0;0;0m[38;2;242;240;236m
          95  [48;2;0;0;0m[38;2;242;240;236m                [48;2;0;0;0m[38;2;204;153;204mcase[48;2;0;0;0m[38;2;242;240;236m [48;2;0;0;0m[38;2;242;119;122mRadioFrequencyType[48;2;0;0;0m[38;2;242;240;236m.[48;2;0;0;0m[38;2;249;145;87mCivilian[48;2;0;0;0m[38;2;242;240;236m:[48;2;0;0;0m[38;2;242;240;236m [48;2;0;0;0m[38;2;204;153;204mreturn[48;2;0;0;0m[38;2;242;240;236m [48;2;0;0;0m[38;2;211;208;200m"[48;2;0;0;0m[38;2;153;204;153mCH-3 ASH ROAD[48;2;0;0;0m[38;2;211;208;200m"[48;2;0;0;0m[38;2;242;240;236m;[48;2;0;0;0m[38;2;242;240;236m
              [hid 6 additional lines]


Assets/_Game/Data/SurvivorCatalogSO.cs
    Found 17 lines of similar code in 3 locations (mass = 99)

          10  [48;2;0;0;0m[38;2;211;208;200m    [48;2;0;0;0m[38;2;211;208;200m[[48;2;0;0;0m[38;2;242;119;122mCreateAssetMenu[48;2;0;0;0m[38;2;211;208;200m([48;2;0;0;0m[38;2;242;119;122mfileName[48;2;0;0;0m[38;2;211;208;200m [48;2;0;0;0m[38;2;211;208;200m=[48;2;0;0;0m[38;2;211;208;200m [48;2;0;0;0m[38;2;211;208;200m"[48;2;0;0;0m[38;2;153;204;153mNewSurvivorCatalog[48;2;0;0;0m[38;2;211;208;200m"[48;2;0;0;0m[38;2;211;208;200m,[48;2;0;0;0m[38;2;211;208;200m [48;2;0;0;0m[38;2;242;119;122mmenuName[48;2;0;0;0m[38;2;211;208;200m [48;2;0;0;0m[38;2;211;208;200m=[48;2;0;0;0m[38;2;211;208;200m [48;2;0;0;0m[38;2;211;208;200m"[48;2;0;0;0m[38;2;153;204;153mASHFALL/Data/Survivor Catalog[48;2;0;0;0m[38;2;211;208;200m"[48;2;0;0;0m[38;2;211;208;200m)[48;2;0;0;0m[38;2;211;208;200m][48;2;0;0;0m[38;2;211;208;200m
          11  [48;2;0;0;0m[38;2;211;208;200m    [48;2;0;0;0m[38;2;204;153;204mpublic[48;2;0;0;0m[38;2;211;208;200m [48;2;0;0;0m[38;2;204;153;204mclass[48;2;0;0;0m[38;2;242;240;236m [48;2;0;0;0m[38;2;255;204;102mSurvivorCatalogSO[48;2;0;0;0m[38;2;242;240;236m [48;2;0;0;0m[38;2;242;240;236m:[48;2;0;0;0m[38;2;242;240;236m [48;2;0;0;0m[38;2;153;204;153mScriptableObject[48;2;0;0;0m[38;2;242;240;236m
          12  [48;2;0;0;0m[38;2;242;240;236m    [48;2;0;0;0m[38;2;242;240;236m{[48;2;0;0;0m[38;2;242;240;236m
          13  [48;2;0;0;0m[38;2;242;240;236m        [48;2;0;0;0m[38;2;204;153;204mpublic[48;2;0;0;0m[38;2;242;240;236m [48;2;0;0;0m[38;2;242;240;236mList[48;2;0;0;0m[38;2;242;240;236m<[48;2;0;0;0m[38;2;242;240;236mSurvivorArchetypeSO[48;2;0;0;0m[38;2;242;240;236m>[48;2;0;0;0m[38;2;242;240;236m [48;2;0;0;0m[38;2;242;119;122marchetypes[48;2;0;0;0m[38;2;242;240;236m [48;2;0;0;0m[38;2;211;208;200m=[48;2;0;0;0m[38;2;242;240;236m [48;2;0;0;0m[38;2;211;208;200mnew[48;2;0;0;0m[38;2;242;240;236m [48;2;0;0;0m[38;2;242;240;236mList[48;2;0;0;0m[38;2;242;240;236m<[48;2;0;0;0m[38;2;242;240;236mSurvivorArchetypeSO[48;2;0;0;0m[38;2;242;240;236m>[48;2;0;0;0m[38;2;242;240;236m([48;2;0;0;0m[38;2;242;240;236m)[48;2;0;0;0m[38;2;242;240;236m;[48;2;0;0;0m[38;2;242;240;236m
          14  [48;2;0;0;0m[38;2;242;240;236m
          15  [48;2;0;0;0m[38;2;242;240;236m        [48;2;0;0;0m[38;2;116;115;105m///[48;2;0;0;0m[38;2;116;115;105m [48;2;0;0;0m[38;2;116;115;105m<[48;2;0;0;0m[38;2;242;119;122msummary[48;2;0;0;0m[38;2;116;115;105m>[48;2;0;0;0m[38;2;116;115;105mLook up an archetype by its snake_case id[48;2;0;0;0m[38;2;116;115;105m.[48;2;0;0;0m[38;2;116;115;105m</[48;2;0;0;0m[38;2;242;119;122msummary[48;2;0;0;0m[38;2;116;115;105m>[48;2;0;0;0m[38;2;116;115;105m
              [hid 11 additional lines]
        also found at Assets/_Game/Data/LocationCatalogSO.cs
        also found at Assets/_Game/Data/ItemCatalogSO.cs


Assets/_Game/Data/TradeEconomy.cs
    Function with many returns (count = 19): GetBaseTradeValue

          38  [48;2;0;0;0m[38;2;242;240;236m        [48;2;0;0;0m[38;2;204;153;204mpublic[48;2;0;0;0m[38;2;242;240;236m [48;2;0;0;0m[38;2;204;153;204mstatic[48;2;0;0;0m[38;2;242;240;236m [48;2;0;0;0m[38;2;204;153;204mfloat[48;2;0;0;0m[38;2;242;240;236m [48;2;0;0;0m[38;2;102;153;204mGetBaseTradeValue[48;2;0;0;0m[38;2;242;240;236m([48;2;0;0;0m[38;2;242;240;236mItemDefinition[48;2;0;0;0m[38;2;242;240;236m [48;2;0;0;0m[38;2;242;119;122mitem[48;2;0;0;0m[38;2;242;240;236m)[48;2;0;0;0m[38;2;242;240;236m
          39  [48;2;0;0;0m[38;2;242;240;236m        [48;2;0;0;0m[38;2;242;240;236m{[48;2;0;0;0m[38;2;242;240;236m
          40  [48;2;0;0;0m[38;2;242;240;236m            [48;2;0;0;0m[38;2;204;153;204mif[48;2;0;0;0m[38;2;242;240;236m [48;2;0;0;0m[38;2;242;240;236m([48;2;0;0;0m[38;2;242;119;122mitem[48;2;0;0;0m[38;2;242;240;236m [48;2;0;0;0m[38;2;211;208;200m==[48;2;0;0;0m[38;2;242;240;236m [48;2;0;0;0m[38;2;249;145;87mnull[48;2;0;0;0m[38;2;242;240;236m)[48;2;0;0;0m[38;2;242;240;236m [48;2;0;0;0m[38;2;204;153;204mreturn[48;2;0;0;0m[38;2;242;240;236m [48;2;0;0;0m[38;2;249;145;87m0[48;2;0;0;0m[38;2;204;153;204mf[48;2;0;0;0m[38;2;242;240;236m;[48;2;0;0;0m[38;2;242;240;236m
          41  [48;2;0;0;0m[38;2;242;240;236m            [48;2;0;0;0m[38;2;204;153;204mif[48;2;0;0;0m[38;2;242;240;236m [48;2;0;0;0m[38;2;242;240;236m([48;2;0;0;0m[38;2;242;119;122mitem[48;2;0;0;0m[38;2;242;240;236m.[48;2;0;0;0m[38;2;242;119;122mtradeValue[48;2;0;0;0m[38;2;242;240;236m [48;2;0;0;0m[38;2;211;208;200m>[48;2;0;0;0m[38;2;242;240;236m [48;2;0;0;0m[38;2;249;145;87m0[48;2;0;0;0m[38;2;204;153;204mf[48;2;0;0;0m[38;2;242;240;236m)[48;2;0;0;0m[38;2;242;240;236m [48;2;0;0;0m[38;2;204;153;204mreturn[48;2;0;0;0m[38;2;242;240;236m [48;2;0;0;0m[38;2;242;119;122mitem[48;2;0;0;0m[38;2;242;240;236m.[48;2;0;0;0m[38;2;242;119;122mtradeValue[48;2;0;0;0m[38;2;242;240;236m;[48;2;0;0;0m[38;2;242;240;236m
          42  [48;2;0;0;0m[38;2;242;240;236m
          43  [48;2;0;0;0m[38;2;242;240;236m            [48;2;0;0;0m[38;2;204;153;204mswitch[48;2;0;0;0m[38;2;242;240;236m [48;2;0;0;0m[38;2;242;240;236m([48;2;0;0;0m[38;2;242;119;122mitem[48;2;0;0;0m[38;2;242;240;236m.[48;2;0;0;0m[38;2;242;119;122mtype[48;2;0;0;0m[38;2;242;240;236m)[48;2;0;0;0m[38;2;242;240;236m
              [hid 20 additional lines]

    Function with many returns (count = 9): GetEffectiveValue

          66  [48;2;0;0;0m[38;2;242;240;236m        [48;2;0;0;0m[38;2;204;153;204mpublic[48;2;0;0;0m[38;2;242;240;236m [48;2;0;0;0m[38;2;204;153;204mstatic[48;2;0;0;0m[38;2;242;240;236m [48;2;0;0;0m[38;2;204;153;204mfloat[48;2;0;0;0m[38;2;242;240;236m [48;2;0;0;0m[38;2;102;153;204mGetEffectiveValue[48;2;0;0;0m[38;2;242;240;236m([48;2;0;0;0m[38;2;242;240;236mItemDefinition[48;2;0;0;0m[38;2;242;240;236m [48;2;0;0;0m[38;2;242;119;122mitem[48;2;0;0;0m[38;2;242;240;236m,[48;2;0;0;0m[38;2;242;240;236m [48;2;0;0;0m[38;2;242;240;236mWorldPhase[48;2;0;0;0m[38;2;242;240;236m [48;2;0;0;0m[38;2;242;119;122mphase[48;2;0;0;0m[38;2;242;240;236m)[48;2;0;0;0m[38;2;242;240;236m
          67  [48;2;0;0;0m[38;2;242;240;236m        [48;2;0;0;0m[38;2;242;240;236m{[48;2;0;0;0m[38;2;242;240;236m
          68  [48;2;0;0;0m[38;2;242;240;236m            [48;2;0;0;0m[38;2;204;153;204mif[48;2;0;0;0m[38;2;242;240;236m [48;2;0;0;0m[38;2;242;240;236m([48;2;0;0;0m[38;2;242;119;122mitem[48;2;0;0;0m[38;2;242;240;236m [48;2;0;0;0m[38;2;211;208;200m==[48;2;0;0;0m[38;2;242;240;236m [48;2;0;0;0m[38;2;249;145;87mnull[48;2;0;0;0m[38;2;242;240;236m)[48;2;0;0;0m[38;2;242;240;236m [48;2;0;0;0m[38;2;204;153;204mreturn[48;2;0;0;0m[38;2;242;240;236m [48;2;0;0;0m[38;2;249;145;87m0[48;2;0;0;0m[38;2;204;153;204mf[48;2;0;0;0m[38;2;242;240;236m;[48;2;0;0;0m[38;2;242;240;236m
          69  [48;2;0;0;0m[38;2;242;240;236m            [48;2;0;0;0m[38;2;204;153;204mfloat[48;2;0;0;0m[38;2;242;240;236m [48;2;0;0;0m[38;2;242;119;122mbaseVal[48;2;0;0;0m[38;2;242;240;236m [48;2;0;0;0m[38;2;211;208;200m=[48;2;0;0;0m[38;2;242;240;236m [48;2;0;0;0m[38;2;102;153;204mGetBaseTradeValue[48;2;0;0;0m[38;2;242;240;236m([48;2;0;0;0m[38;2;242;119;122mitem[48;2;0;0;0m[38;2;242;240;236m)[48;2;0;0;0m[38;2;242;240;236m;[48;2;0;0;0m[38;2;242;240;236m
          70  [48;2;0;0;0m[38;2;242;240;236m
          71  [48;2;0;0;0m[38;2;242;240;236m            [48;2;0;0;0m[38;2;204;153;204mif[48;2;0;0;0m[38;2;242;240;236m [48;2;0;0;0m[38;2;242;240;236m([48;2;0;0;0m[38;2;102;153;204mIsPostFlashpoint[48;2;0;0;0m[38;2;242;240;236m([48;2;0;0;0m[38;2;242;119;122mphase[48;2;0;0;0m[38;2;242;240;236m)[48;2;0;0;0m[38;2;242;240;236m)[48;2;0;0;0m[38;2;242;240;236m
              [hid 23 additional lines]


Assets/_Game/Economy/DynamicEconomySystem.cs
    Function with many parameters (count = 13): MakeFaction

        1270  [48;2;0;0;0m[38;2;242;240;236m        [48;2;0;0;0m[38;2;204;153;204mprivate[48;2;0;0;0m[38;2;242;240;236m [48;2;0;0;0m[38;2;204;153;204mstatic[48;2;0;0;0m[38;2;242;240;236m [48;2;0;0;0m[38;2;242;240;236mFactionSO[48;2;0;0;0m[38;2;242;240;236m [48;2;0;0;0m[38;2;102;153;204mMakeFaction[48;2;0;0;0m[38;2;242;240;236m([48;2;0;0;0m[38;2;242;240;236m
        1271  [48;2;0;0;0m[38;2;242;240;236m            [48;2;0;0;0m[38;2;204;153;204mstring[48;2;0;0;0m[38;2;242;240;236m [48;2;0;0;0m[38;2;242;119;122mid[48;2;0;0;0m[38;2;242;240;236m,[48;2;0;0;0m[38;2;242;240;236m [48;2;0;0;0m[38;2;204;153;204mstring[48;2;0;0;0m[38;2;242;240;236m [48;2;0;0;0m[38;2;242;119;122mname[48;2;0;0;0m[38;2;242;240;236m,[48;2;0;0;0m[38;2;242;240;236m [48;2;0;0;0m[38;2;204;153;204mstring[48;2;0;0;0m[38;2;242;240;236m [48;2;0;0;0m[38;2;242;119;122mdesc[48;2;0;0;0m[38;2;242;240;236m,[48;2;0;0;0m[38;2;242;240;236m
        1272  [48;2;0;0;0m[38;2;242;240;236m            [48;2;0;0;0m[38;2;204;153;204mfloat[48;2;0;0;0m[38;2;242;240;236m [48;2;0;0;0m[38;2;242;119;122mstartingTrust[48;2;0;0;0m[38;2;242;240;236m,[48;2;0;0;0m[38;2;242;240;236m [48;2;0;0;0m[38;2;204;153;204mfloat[48;2;0;0;0m[38;2;242;240;236m [48;2;0;0;0m[38;2;242;119;122mraidAggression[48;2;0;0;0m[38;2;242;240;236m,[48;2;0;0;0m[38;2;242;240;236m [48;2;0;0;0m[38;2;204;153;204mfloat[48;2;0;0;0m[38;2;242;240;236m [48;2;0;0;0m[38;2;242;119;122mraidThreshold[48;2;0;0;0m[38;2;242;240;236m,[48;2;0;0;0m[38;2;242;240;236m
        1273  [48;2;0;0;0m[38;2;242;240;236m            [48;2;0;0;0m[38;2;204;153;204mfloat[48;2;0;0;0m[38;2;242;240;236m [48;2;0;0;0m[38;2;242;119;122mminTrade[48;2;0;0;0m[38;2;242;240;236m,[48;2;0;0;0m[38;2;242;240;236m [48;2;0;0;0m[38;2;204;153;204mfloat[48;2;0;0;0m[38;2;242;240;236m [48;2;0;0;0m[38;2;242;119;122mrob[48;2;0;0;0m[38;2;242;240;236m,[48;2;0;0;0m[38;2;242;240;236m [48;2;0;0;0m[38;2;204;153;204mfloat[48;2;0;0;0m[38;2;242;240;236m [48;2;0;0;0m[38;2;242;119;122mintel[48;2;0;0;0m[38;2;242;240;236m,[48;2;0;0;0m[38;2;242;240;236m
        1274  [48;2;0;0;0m[38;2;242;240;236m            [48;2;0;0;0m[38;2;204;153;204mbool[48;2;0;0;0m[38;2;242;240;236m [48;2;0;0;0m[38;2;242;119;122mtrustInversion[48;2;0;0;0m[38;2;242;240;236m [48;2;0;0;0m[38;2;211;208;200m=[48;2;0;0;0m[38;2;242;240;236m [48;2;0;0;0m[38;2;249;145;87mfalse[48;2;0;0;0m[38;2;242;240;236m,[48;2;0;0;0m[38;2;242;240;236m
        1275  [48;2;0;0;0m[38;2;242;240;236m            [48;2;0;0;0m[38;2;204;153;204mfloat[48;2;0;0;0m[38;2;242;240;236m [48;2;0;0;0m[38;2;242;119;122mhealthyRadiationCeiling[48;2;0;0;0m[38;2;242;240;236m [48;2;0;0;0m[38;2;211;208;200m=[48;2;0;0;0m[38;2;242;240;236m [48;2;0;0;0m[38;2;249;145;87m20[48;2;0;0;0m[38;2;204;153;204mf[48;2;0;0;0m[38;2;242;240;236m,[48;2;0;0;0m[38;2;242;240;236m
              [hid 2 additional lines]

    Function with many parameters (count = 9): GetParleyOfferFlavor

        1404  [48;2;0;0;0m[38;2;242;240;236m        [48;2;0;0;0m[38;2;204;153;204mpublic[48;2;0;0;0m[38;2;242;240;236m [48;2;0;0;0m[38;2;204;153;204mstatic[48;2;0;0;0m[38;2;242;240;236m [48;2;0;0;0m[38;2;204;153;204mvoid[48;2;0;0;0m[38;2;242;240;236m [48;2;0;0;0m[38;2;102;153;204mGetParleyOfferFlavor[48;2;0;0;0m[38;2;242;240;236m([48;2;0;0;0m[38;2;242;240;236m
        1405  [48;2;0;0;0m[38;2;242;240;236m            [48;2;0;0;0m[38;2;204;153;204mstring[48;2;0;0;0m[38;2;242;240;236m [48;2;0;0;0m[38;2;242;119;122mfactionId[48;2;0;0;0m[38;2;242;240;236m,[48;2;0;0;0m[38;2;242;240;236m
        1406  [48;2;0;0;0m[38;2;242;240;236m            [48;2;0;0;0m[38;2;204;153;204mstring[48;2;0;0;0m[38;2;242;240;236m [48;2;0;0;0m[38;2;242;119;122mfactionDisplayName[48;2;0;0;0m[38;2;242;240;236m,[48;2;0;0;0m[38;2;242;240;236m
        1407  [48;2;0;0;0m[38;2;242;240;236m            [48;2;0;0;0m[38;2;204;153;204mstring[48;2;0;0;0m[38;2;242;240;236m [48;2;0;0;0m[38;2;242;119;122mleaderName[48;2;0;0;0m[38;2;242;240;236m,[48;2;0;0;0m[38;2;242;240;236m
        1408  [48;2;0;0;0m[38;2;242;240;236m            [48;2;0;0;0m[38;2;204;153;204mstring[48;2;0;0;0m[38;2;242;240;236m [48;2;0;0;0m[38;2;242;119;122mchannelTag[48;2;0;0;0m[38;2;242;240;236m,[48;2;0;0;0m[38;2;242;240;236m
        1409  [48;2;0;0;0m[38;2;242;240;236m            [48;2;0;0;0m[38;2;204;153;204mout[48;2;0;0;0m[38;2;242;240;236m [48;2;0;0;0m[38;2;204;153;204mstring[48;2;0;0;0m[38;2;242;240;236m [48;2;0;0;0m[38;2;242;119;122mtitle[48;2;0;0;0m[38;2;242;240;236m,[48;2;0;0;0m[38;2;242;240;236m
              [hid 4 additional lines]

    Function with many returns (count = 9): GetEffectiveTrust

         340  [48;2;0;0;0m[38;2;242;240;236m        [48;2;0;0;0m[38;2;204;153;204mpublic[48;2;0;0;0m[38;2;242;240;236m [48;2;0;0;0m[38;2;204;153;204mfloat[48;2;0;0;0m[38;2;242;240;236m [48;2;0;0;0m[38;2;102;153;204mGetEffectiveTrust[48;2;0;0;0m[38;2;242;240;236m([48;2;0;0;0m[38;2;204;153;204mstring[48;2;0;0;0m[38;2;242;240;236m [48;2;0;0;0m[38;2;242;119;122mfactionId[48;2;0;0;0m[38;2;242;240;236m)[48;2;0;0;0m[38;2;242;240;236m
         341  [48;2;0;0;0m[38;2;242;240;236m        [48;2;0;0;0m[38;2;242;240;236m{[48;2;0;0;0m[38;2;242;240;236m
         342  [48;2;0;0;0m[38;2;242;240;236m            [48;2;0;0;0m[38;2;204;153;204mfloat[48;2;0;0;0m[38;2;242;240;236m [48;2;0;0;0m[38;2;242;119;122mstored[48;2;0;0;0m[38;2;242;240;236m [48;2;0;0;0m[38;2;211;208;200m=[48;2;0;0;0m[38;2;242;240;236m [48;2;0;0;0m[38;2;102;153;204mGetTrust[48;2;0;0;0m[38;2;242;240;236m([48;2;0;0;0m[38;2;242;119;122mfactionId[48;2;0;0;0m[38;2;242;240;236m)[48;2;0;0;0m[38;2;242;240;236m;[48;2;0;0;0m[38;2;242;240;236m
         343  [48;2;0;0;0m[38;2;242;240;236m            [48;2;0;0;0m[38;2;116;115;105m//[48;2;0;0;0m[38;2;116;115;105m #257 Hated: all military factions are shot-on-sight (−100 trust).
         344  [48;2;0;0;0m[38;2;242;240;236m            [48;2;0;0;0m[38;2;204;153;204mif[48;2;0;0;0m[38;2;242;240;236m [48;2;0;0;0m[38;2;242;240;236m([48;2;0;0;0m[38;2;242;119;122m_personalQuests[48;2;0;0;0m[38;2;242;240;236m [48;2;0;0;0m[38;2;211;208;200m!=[48;2;0;0;0m[38;2;242;240;236m [48;2;0;0;0m[38;2;249;145;87mnull[48;2;0;0;0m[38;2;242;240;236m [48;2;0;0;0m[38;2;211;208;200m&&[48;2;0;0;0m[38;2;242;240;236m [48;2;0;0;0m[38;2;242;119;122m_getSurvivors[48;2;0;0;0m[38;2;242;240;236m [48;2;0;0;0m[38;2;211;208;200m!=[48;2;0;0;0m[38;2;242;240;236m [48;2;0;0;0m[38;2;249;145;87mnull[48;2;0;0;0m[38;2;242;240;236m
         345  [48;2;0;0;0m[38;2;242;240;236m                [48;2;0;0;0m[38;2;211;208;200m&&[48;2;0;0;0m[38;2;242;240;236m [48;2;0;0;0m[38;2;102;153;204mIsMilitaryFaction[48;2;0;0;0m[38;2;242;240;236m([48;2;0;0;0m[38;2;242;119;122mfactionId[48;2;0;0;0m[38;2;242;240;236m)[48;2;0;0;0m[38;2;242;240;236m)[48;2;0;0;0m[38;2;242;240;236m
              [hid 48 additional lines]

    Function with many returns (count = 6): GetStance

         437  [48;2;0;0;0m[38;2;242;240;236m        [48;2;0;0;0m[38;2;204;153;204mpublic[48;2;0;0;0m[38;2;242;240;236m [48;2;0;0;0m[38;2;242;240;236mTradeStance[48;2;0;0;0m[38;2;242;240;236m [48;2;0;0;0m[38;2;102;153;204mGetStance[48;2;0;0;0m[38;2;242;240;236m([48;2;0;0;0m[38;2;204;153;204mstring[48;2;0;0;0m[38;2;242;240;236m [48;2;0;0;0m[38;2;242;119;122mfactionId[48;2;0;0;0m[38;2;242;240;236m)[48;2;0;0;0m[38;2;242;240;236m
         438  [48;2;0;0;0m[38;2;242;240;236m        [48;2;0;0;0m[38;2;242;240;236m{[48;2;0;0;0m[38;2;242;240;236m
         439  [48;2;0;0;0m[38;2;242;240;236m            [48;2;0;0;0m[38;2;116;115;105m//[48;2;0;0;0m[38;2;116;115;105m Pre-activation (Cult Day gate): refuse without raid pressure.
         440  [48;2;0;0;0m[38;2;242;240;236m            [48;2;0;0;0m[38;2;204;153;204mif[48;2;0;0;0m[38;2;242;240;236m [48;2;0;0;0m[38;2;242;240;236m([48;2;0;0;0m[38;2;211;208;200m![48;2;0;0;0m[38;2;102;153;204mIsFactionActive[48;2;0;0;0m[38;2;242;240;236m([48;2;0;0;0m[38;2;242;119;122mfactionId[48;2;0;0;0m[38;2;242;240;236m)[48;2;0;0;0m[38;2;242;240;236m)[48;2;0;0;0m[38;2;242;240;236m
         441  [48;2;0;0;0m[38;2;242;240;236m                [48;2;0;0;0m[38;2;204;153;204mreturn[48;2;0;0;0m[38;2;242;240;236m [48;2;0;0;0m[38;2;242;119;122mTradeStance[48;2;0;0;0m[38;2;242;240;236m.[48;2;0;0;0m[38;2;242;119;122mRefuse[48;2;0;0;0m[38;2;242;240;236m;[48;2;0;0;0m[38;2;242;240;236m
         442  [48;2;0;0;0m[38;2;242;240;236m
              [hid 13 additional lines]

    Function with many returns (count = 8): TryExecuteTrade

         910  [48;2;0;0;0m[38;2;242;240;236m        [48;2;0;0;0m[38;2;204;153;204mpublic[48;2;0;0;0m[38;2;242;240;236m [48;2;0;0;0m[38;2;204;153;204mbool[48;2;0;0;0m[38;2;242;240;236m [48;2;0;0;0m[38;2;102;153;204mTryExecuteTrade[48;2;0;0;0m[38;2;242;240;236m([48;2;0;0;0m[38;2;242;240;236m
         911  [48;2;0;0;0m[38;2;242;240;236m            [48;2;0;0;0m[38;2;242;240;236mInventory[48;2;0;0;0m[38;2;242;240;236m.[48;2;0;0;0m[38;2;242;240;236mInventory[48;2;0;0;0m[38;2;242;240;236m [48;2;0;0;0m[38;2;242;119;122mplayerInv[48;2;0;0;0m[38;2;242;240;236m,[48;2;0;0;0m[38;2;242;240;236m
         912  [48;2;0;0;0m[38;2;242;240;236m            [48;2;0;0;0m[38;2;242;240;236mInventory[48;2;0;0;0m[38;2;242;240;236m.[48;2;0;0;0m[38;2;242;240;236mInventory[48;2;0;0;0m[38;2;242;240;236m [48;2;0;0;0m[38;2;242;119;122mfactionStock[48;2;0;0;0m[38;2;242;240;236m,[48;2;0;0;0m[38;2;242;240;236m
         913  [48;2;0;0;0m[38;2;242;240;236m            [48;2;0;0;0m[38;2;242;240;236mIReadOnlyList[48;2;0;0;0m[38;2;242;240;236m<[48;2;0;0;0m[38;2;242;240;236mBarterLine[48;2;0;0;0m[38;2;242;240;236m>[48;2;0;0;0m[38;2;242;240;236m [48;2;0;0;0m[38;2;242;119;122mplayerOffers[48;2;0;0;0m[38;2;242;240;236m,[48;2;0;0;0m[38;2;242;240;236m
         914  [48;2;0;0;0m[38;2;242;240;236m            [48;2;0;0;0m[38;2;242;240;236mIReadOnlyList[48;2;0;0;0m[38;2;242;240;236m<[48;2;0;0;0m[38;2;242;240;236mBarterLine[48;2;0;0;0m[38;2;242;240;236m>[48;2;0;0;0m[38;2;242;240;236m [48;2;0;0;0m[38;2;242;119;122mfactionAsks[48;2;0;0;0m[38;2;242;240;236m,[48;2;0;0;0m[38;2;242;240;236m
         915  [48;2;0;0;0m[38;2;242;240;236m            [48;2;0;0;0m[38;2;204;153;204mstring[48;2;0;0;0m[38;2;242;240;236m [48;2;0;0;0m[38;2;242;119;122mfactionId[48;2;0;0;0m[38;2;242;240;236m)[48;2;0;0;0m[38;2;242;240;236m
              [hid 31 additional lines]

    Function with many returns (count = 6): IsOfferBarterOnlyAcceptable

        1177  [48;2;0;0;0m[38;2;242;240;236m        [48;2;0;0;0m[38;2;204;153;204mpublic[48;2;0;0;0m[38;2;242;240;236m [48;2;0;0;0m[38;2;204;153;204mbool[48;2;0;0;0m[38;2;242;240;236m [48;2;0;0;0m[38;2;102;153;204mIsOfferBarterOnlyAcceptable[48;2;0;0;0m[38;2;242;240;236m([48;2;0;0;0m[38;2;242;240;236mIReadOnlyList[48;2;0;0;0m[38;2;242;240;236m<[48;2;0;0;0m[38;2;242;240;236mBarterLine[48;2;0;0;0m[38;2;242;240;236m>[48;2;0;0;0m[38;2;242;240;236m [48;2;0;0;0m[38;2;242;119;122mplayerOffers[48;2;0;0;0m[38;2;242;240;236m)[48;2;0;0;0m[38;2;242;240;236m
        1178  [48;2;0;0;0m[38;2;242;240;236m        [48;2;0;0;0m[38;2;242;240;236m{[48;2;0;0;0m[38;2;242;240;236m
        1179  [48;2;0;0;0m[38;2;242;240;236m            [48;2;0;0;0m[38;2;204;153;204mif[48;2;0;0;0m[38;2;242;240;236m [48;2;0;0;0m[38;2;242;240;236m([48;2;0;0;0m[38;2;211;208;200m![48;2;0;0;0m[38;2;242;119;122m_barterOnlyMode[48;2;0;0;0m[38;2;242;240;236m)[48;2;0;0;0m[38;2;242;240;236m [48;2;0;0;0m[38;2;204;153;204mreturn[48;2;0;0;0m[38;2;242;240;236m [48;2;0;0;0m[38;2;249;145;87mtrue[48;2;0;0;0m[38;2;242;240;236m;[48;2;0;0;0m[38;2;242;240;236m
        1180  [48;2;0;0;0m[38;2;242;240;236m            [48;2;0;0;0m[38;2;204;153;204mif[48;2;0;0;0m[38;2;242;240;236m [48;2;0;0;0m[38;2;242;240;236m([48;2;0;0;0m[38;2;242;119;122mplayerOffers[48;2;0;0;0m[38;2;242;240;236m [48;2;0;0;0m[38;2;211;208;200m==[48;2;0;0;0m[38;2;242;240;236m [48;2;0;0;0m[38;2;249;145;87mnull[48;2;0;0;0m[38;2;242;240;236m [48;2;0;0;0m[38;2;211;208;200m||[48;2;0;0;0m[38;2;242;240;236m [48;2;0;0;0m[38;2;242;119;122mplayerOffers[48;2;0;0;0m[38;2;242;240;236m.[48;2;0;0;0m[38;2;242;119;122mCount[48;2;0;0;0m[38;2;242;240;236m [48;2;0;0;0m[38;2;211;208;200m==[48;2;0;0;0m[38;2;242;240;236m [48;2;0;0;0m[38;2;249;145;87m0[48;2;0;0;0m[38;2;242;240;236m)[48;2;0;0;0m[38;2;242;240;236m [48;2;0;0;0m[38;2;204;153;204mreturn[48;2;0;0;0m[38;2;242;240;236m [48;2;0;0;0m[38;2;249;145;87mfalse[48;2;0;0;0m[38;2;242;240;236m;[48;2;0;0;0m[38;2;242;240;236m
        1181  [48;2;0;0;0m[38;2;242;240;236m            [48;2;0;0;0m[38;2;204;153;204mif[48;2;0;0;0m[38;2;242;240;236m [48;2;0;0;0m[38;2;242;240;236m([48;2;0;0;0m[38;2;242;119;122m_barterOnlyAcceptedItemIds[48;2;0;0;0m[38;2;242;240;236m.[48;2;0;0;0m[38;2;242;119;122mCount[48;2;0;0;0m[38;2;242;240;236m [48;2;0;0;0m[38;2;211;208;200m==[48;2;0;0;0m[38;2;242;240;236m [48;2;0;0;0m[38;2;249;145;87m0[48;2;0;0;0m[38;2;242;240;236m)[48;2;0;0;0m[38;2;242;240;236m [48;2;0;0;0m[38;2;204;153;204mreturn[48;2;0;0;0m[38;2;242;240;236m [48;2;0;0;0m[38;2;249;145;87mfalse[48;2;0;0;0m[38;2;242;240;236m;[48;2;0;0;0m[38;2;242;240;236m
        1182  [48;2;0;0;0m[38;2;242;240;236m            [48;2;0;0;0m[38;2;204;153;204mfor[48;2;0;0;0m[38;2;242;240;236m [48;2;0;0;0m[38;2;242;240;236m([48;2;0;0;0m[38;2;204;153;204mint[48;2;0;0;0m[38;2;242;240;236m [48;2;0;0;0m[38;2;242;119;122mi[48;2;0;0;0m[38;2;242;240;236m [48;2;0;0;0m[38;2;211;208;200m=[48;2;0;0;0m[38;2;242;240;236m [48;2;0;0;0m[38;2;249;145;87m0[48;2;0;0;0m[38;2;242;240;236m;[48;2;0;0;0m[38;2;242;240;236m [48;2;0;0;0m[38;2;242;119;122mi[48;2;0;0;0m[38;2;242;240;236m [48;2;0;0;0m[38;2;211;208;200m<[48;2;0;0;0m[38;2;242;240;236m [48;2;0;0;0m[38;2;242;119;122mplayerOffers[48;2;0;0;0m[38;2;242;240;236m.[48;2;0;0;0m[38;2;242;119;122mCount[48;2;0;0;0m[38;2;242;240;236m;[48;2;0;0;0m[38;2;242;240;236m [48;2;0;0;0m[38;2;242;119;122mi[48;2;0;0;0m[38;2;211;208;200m+[48;2;0;0;0m[38;2;211;208;200m+[48;2;0;0;0m[38;2;242;240;236m)[48;2;0;0;0m[38;2;242;240;236m
              [hid 7 additional lines]

    Complex binary expression

         837  [48;2;0;0;0m[38;2;242;240;236m            [48;2;0;0;0m[38;2;204;153;204mif[48;2;0;0;0m[38;2;242;240;236m [48;2;0;0;0m[38;2;242;240;236m([48;2;0;0;0m[38;2;211;208;200m![48;2;0;0;0m[38;2;242;119;122mplayerSelling[48;2;0;0;0m[38;2;242;240;236m
         838  [48;2;0;0;0m[38;2;242;240;236m                [48;2;0;0;0m[38;2;211;208;200m&&[48;2;0;0;0m[38;2;242;240;236m [48;2;0;0;0m[38;2;242;119;122mfac[48;2;0;0;0m[38;2;242;240;236m [48;2;0;0;0m[38;2;211;208;200m!=[48;2;0;0;0m[38;2;242;240;236m [48;2;0;0;0m[38;2;249;145;87mnull[48;2;0;0;0m[38;2;242;240;236m

    High total complexity (count = 308)

           1  [48;2;0;0;0m[38;2;204;153;204musing[48;2;0;0;0m[38;2;211;208;200m [48;2;0;0;0m[38;2;211;208;200mSystem[48;2;0;0;0m[38;2;211;208;200m;[48;2;0;0;0m[38;2;211;208;200m
           2  [48;2;0;0;0m[38;2;204;153;204musing[48;2;0;0;0m[38;2;211;208;200m [48;2;0;0;0m[38;2;211;208;200mSystem[48;2;0;0;0m[38;2;211;208;200m.[48;2;0;0;0m[38;2;211;208;200mCollections[48;2;0;0;0m[38;2;211;208;200m.[48;2;0;0;0m[38;2;211;208;200mGeneric[48;2;0;0;0m[38;2;211;208;200m;[48;2;0;0;0m[38;2;211;208;200m
           3  [48;2;0;0;0m[38;2;204;153;204musing[48;2;0;0;0m[38;2;211;208;200m [48;2;0;0;0m[38;2;211;208;200mSystem[48;2;0;0;0m[38;2;211;208;200m.[48;2;0;0;0m[38;2;211;208;200mLinq[48;2;0;0;0m[38;2;211;208;200m;[48;2;0;0;0m[38;2;211;208;200m
           4  [48;2;0;0;0m[38;2;204;153;204musing[48;2;0;0;0m[38;2;211;208;200m [48;2;0;0;0m[38;2;211;208;200mUnityEngine[48;2;0;0;0m[38;2;211;208;200m;[48;2;0;0;0m[38;2;211;208;200m
           5  [48;2;0;0;0m[38;2;204;153;204musing[48;2;0;0;0m[38;2;211;208;200m [48;2;0;0;0m[38;2;211;208;200mAtomicWar[48;2;0;0;0m[38;2;211;208;200m.[48;2;0;0;0m[38;2;211;208;200m_Game[48;2;0;0;0m[38;2;211;208;200m.[48;2;0;0;0m[38;2;211;208;200mData[48;2;0;0;0m[38;2;211;208;200m;[48;2;0;0;0m[38;2;211;208;200m
           6  [48;2;0;0;0m[38;2;204;153;204musing[48;2;0;0;0m[38;2;211;208;200m [48;2;0;0;0m[38;2;211;208;200mAtomicWar[48;2;0;0;0m[38;2;211;208;200m.[48;2;0;0;0m[38;2;211;208;200m_Game[48;2;0;0;0m[38;2;211;208;200m.[48;2;0;0;0m[38;2;211;208;200mEvents[48;2;0;0;0m[38;2;211;208;200m;[48;2;0;0;0m[38;2;211;208;200m
              [hid 1657 additional lines]

    Function with high complexity (count = 27): GetEffectiveTrust

         340  [48;2;0;0;0m[38;2;242;240;236m        [48;2;0;0;0m[38;2;204;153;204mpublic[48;2;0;0;0m[38;2;242;240;236m [48;2;0;0;0m[38;2;204;153;204mfloat[48;2;0;0;0m[38;2;242;240;236m [48;2;0;0;0m[38;2;102;153;204mGetEffectiveTrust[48;2;0;0;0m[38;2;242;240;236m([48;2;0;0;0m[38;2;204;153;204mstring[48;2;0;0;0m[38;2;242;240;236m [48;2;0;0;0m[38;2;242;119;122mfactionId[48;2;0;0;0m[38;2;242;240;236m)[48;2;0;0;0m[38;2;242;240;236m
         341  [48;2;0;0;0m[38;2;242;240;236m        [48;2;0;0;0m[38;2;242;240;236m{[48;2;0;0;0m[38;2;242;240;236m
         342  [48;2;0;0;0m[38;2;242;240;236m            [48;2;0;0;0m[38;2;204;153;204mfloat[48;2;0;0;0m[38;2;242;240;236m [48;2;0;0;0m[38;2;242;119;122mstored[48;2;0;0;0m[38;2;242;240;236m [48;2;0;0;0m[38;2;211;208;200m=[48;2;0;0;0m[38;2;242;240;236m [48;2;0;0;0m[38;2;102;153;204mGetTrust[48;2;0;0;0m[38;2;242;240;236m([48;2;0;0;0m[38;2;242;119;122mfactionId[48;2;0;0;0m[38;2;242;240;236m)[48;2;0;0;0m[38;2;242;240;236m;[48;2;0;0;0m[38;2;242;240;236m
         343  [48;2;0;0;0m[38;2;242;240;236m            [48;2;0;0;0m[38;2;116;115;105m//[48;2;0;0;0m[38;2;116;115;105m #257 Hated: all military factions are shot-on-sight (−100 trust).
         344  [48;2;0;0;0m[38;2;242;240;236m            [48;2;0;0;0m[38;2;204;153;204mif[48;2;0;0;0m[38;2;242;240;236m [48;2;0;0;0m[38;2;242;240;236m([48;2;0;0;0m[38;2;242;119;122m_personalQuests[48;2;0;0;0m[38;2;242;240;236m [48;2;0;0;0m[38;2;211;208;200m!=[48;2;0;0;0m[38;2;242;240;236m [48;2;0;0;0m[38;2;249;145;87mnull[48;2;0;0;0m[38;2;242;240;236m [48;2;0;0;0m[38;2;211;208;200m&&[48;2;0;0;0m[38;2;242;240;236m [48;2;0;0;0m[38;2;242;119;122m_getSurvivors[48;2;0;0;0m[38;2;242;240;236m [48;2;0;0;0m[38;2;211;208;200m!=[48;2;0;0;0m[38;2;242;240;236m [48;2;0;0;0m[38;2;249;145;87mnull[48;2;0;0;0m[38;2;242;240;236m
         345  [48;2;0;0;0m[38;2;242;240;236m                [48;2;0;0;0m[38;2;211;208;200m&&[48;2;0;0;0m[38;2;242;240;236m [48;2;0;0;0m[38;2;102;153;204mIsMilitaryFaction[48;2;0;0;0m[38;2;242;240;236m([48;2;0;0;0m[38;2;242;119;122mfactionId[48;2;0;0;0m[38;2;242;240;236m)[48;2;0;0;0m[38;2;242;240;236m)[48;2;0;0;0m[38;2;242;240;236m
              [hid 48 additional lines]

    Function with high complexity (count = 24): GetTradeValue

         717  [48;2;0;0;0m[38;2;242;240;236m        [48;2;0;0;0m[38;2;204;153;204mpublic[48;2;0;0;0m[38;2;242;240;236m [48;2;0;0;0m[38;2;204;153;204mfloat[48;2;0;0;0m[38;2;242;240;236m [48;2;0;0;0m[38;2;102;153;204mGetTradeValue[48;2;0;0;0m[38;2;242;240;236m([48;2;0;0;0m[38;2;242;240;236mItemDefinition[48;2;0;0;0m[38;2;242;240;236m [48;2;0;0;0m[38;2;242;119;122mitem[48;2;0;0;0m[38;2;242;240;236m)[48;2;0;0;0m[38;2;242;240;236m
         718  [48;2;0;0;0m[38;2;242;240;236m        [48;2;0;0;0m[38;2;242;240;236m{[48;2;0;0;0m[38;2;242;240;236m
         719  [48;2;0;0;0m[38;2;242;240;236m            [48;2;0;0;0m[38;2;204;153;204mif[48;2;0;0;0m[38;2;242;240;236m [48;2;0;0;0m[38;2;242;240;236m([48;2;0;0;0m[38;2;242;119;122mitem[48;2;0;0;0m[38;2;242;240;236m [48;2;0;0;0m[38;2;211;208;200m==[48;2;0;0;0m[38;2;242;240;236m [48;2;0;0;0m[38;2;249;145;87mnull[48;2;0;0;0m[38;2;242;240;236m)[48;2;0;0;0m[38;2;242;240;236m [48;2;0;0;0m[38;2;204;153;204mreturn[48;2;0;0;0m[38;2;242;240;236m [48;2;0;0;0m[38;2;249;145;87m0[48;2;0;0;0m[38;2;204;153;204mf[48;2;0;0;0m[38;2;242;240;236m;[48;2;0;0;0m[38;2;242;240;236m
         720  [48;2;0;0;0m[38;2;242;240;236m            [48;2;0;0;0m[38;2;204;153;204mfloat[48;2;0;0;0m[38;2;242;240;236m [48;2;0;0;0m[38;2;242;119;122mphaseVal[48;2;0;0;0m[38;2;242;240;236m [48;2;0;0;0m[38;2;211;208;200m=[48;2;0;0;0m[38;2;242;240;236m [48;2;0;0;0m[38;2;242;119;122mTradeEconomy[48;2;0;0;0m[38;2;242;240;236m.[48;2;0;0;0m[38;2;102;153;204mGetEffectiveValue[48;2;0;0;0m[38;2;242;240;236m([48;2;0;0;0m[38;2;242;119;122mitem[48;2;0;0;0m[38;2;242;240;236m,[48;2;0;0;0m[38;2;242;240;236m [48;2;0;0;0m[38;2;242;119;122mCurrentPhase[48;2;0;0;0m[38;2;242;240;236m)[48;2;0;0;0m[38;2;242;240;236m;[48;2;0;0;0m[38;2;242;240;236m
         721  [48;2;0;0;0m[38;2;242;240;236m            [48;2;0;0;0m[38;2;204;153;204mif[48;2;0;0;0m[38;2;242;240;236m [48;2;0;0;0m[38;2;242;240;236m([48;2;0;0;0m[38;2;242;119;122mphaseVal[48;2;0;0;0m[38;2;242;240;236m [48;2;0;0;0m[38;2;211;208;200m<=[48;2;0;0;0m[38;2;242;240;236m [48;2;0;0;0m[38;2;249;145;87m0[48;2;0;0;0m[38;2;204;153;204mf[48;2;0;0;0m[38;2;242;240;236m)[48;2;0;0;0m[38;2;242;240;236m [48;2;0;0;0m[38;2;204;153;204mreturn[48;2;0;0;0m[38;2;242;240;236m [48;2;0;0;0m[38;2;249;145;87m0[48;2;0;0;0m[38;2;204;153;204mf[48;2;0;0;0m[38;2;242;240;236m;[48;2;0;0;0m[38;2;242;240;236m
         722  [48;2;0;0;0m[38;2;242;240;236m            [48;2;0;0;0m[38;2;204;153;204mfloat[48;2;0;0;0m[38;2;242;240;236m [48;2;0;0;0m[38;2;242;119;122mv[48;2;0;0;0m[38;2;242;240;236m [48;2;0;0;0m[38;2;211;208;200m=[48;2;0;0;0m[38;2;242;240;236m [48;2;0;0;0m[38;2;242;119;122mphaseVal[48;2;0;0;0m[38;2;242;240;236m [48;2;0;0;0m[38;2;211;208;200m*[48;2;0;0;0m[38;2;242;240;236m [48;2;0;0;0m[38;2;102;153;204mGetDemandMultiplier[48;2;0;0;0m[38;2;242;240;236m([48;2;0;0;0m[38;2;242;119;122mitem[48;2;0;0;0m[38;2;242;240;236m.[48;2;0;0;0m[38;2;242;119;122mid[48;2;0;0;0m[38;2;242;240;236m)[48;2;0;0;0m[38;2;242;240;236m;[48;2;0;0;0m[38;2;242;240;236m
              [hid 38 additional lines]

    Function with high complexity (count = 26): RestoreState

        1519  [48;2;0;0;0m[38;2;242;240;236m        [48;2;0;0;0m[38;2;204;153;204mpublic[48;2;0;0;0m[38;2;242;240;236m [48;2;0;0;0m[38;2;204;153;204mvoid[48;2;0;0;0m[38;2;242;240;236m [48;2;0;0;0m[38;2;102;153;204mRestoreState[48;2;0;0;0m[38;2;242;240;236m([48;2;0;0;0m[38;2;242;240;236mDynamicEconomySave[48;2;0;0;0m[38;2;242;240;236m [48;2;0;0;0m[38;2;242;119;122msave[48;2;0;0;0m[38;2;242;240;236m)[48;2;0;0;0m[38;2;242;240;236m
        1520  [48;2;0;0;0m[38;2;242;240;236m        [48;2;0;0;0m[38;2;242;240;236m{[48;2;0;0;0m[38;2;242;240;236m
        1521  [48;2;0;0;0m[38;2;242;240;236m            [48;2;0;0;0m[38;2;204;153;204mif[48;2;0;0;0m[38;2;242;240;236m [48;2;0;0;0m[38;2;242;240;236m([48;2;0;0;0m[38;2;242;119;122msave[48;2;0;0;0m[38;2;242;240;236m [48;2;0;0;0m[38;2;211;208;200m==[48;2;0;0;0m[38;2;242;240;236m [48;2;0;0;0m[38;2;249;145;87mnull[48;2;0;0;0m[38;2;242;240;236m)[48;2;0;0;0m[38;2;242;240;236m [48;2;0;0;0m[38;2;204;153;204mreturn[48;2;0;0;0m[38;2;242;240;236m;[48;2;0;0;0m[38;2;242;240;236m
        1522  [48;2;0;0;0m[38;2;242;240;236m            [48;2;0;0;0m[38;2;242;119;122m_trust[48;2;0;0;0m[38;2;242;240;236m.[48;2;0;0;0m[38;2;102;153;204mClear[48;2;0;0;0m[38;2;242;240;236m([48;2;0;0;0m[38;2;242;240;236m)[48;2;0;0;0m[38;2;242;240;236m;[48;2;0;0;0m[38;2;242;240;236m
        1523  [48;2;0;0;0m[38;2;242;240;236m            [48;2;0;0;0m[38;2;242;119;122m_aggressionOverride[48;2;0;0;0m[38;2;242;240;236m.[48;2;0;0;0m[38;2;102;153;204mClear[48;2;0;0;0m[38;2;242;240;236m([48;2;0;0;0m[38;2;242;240;236m)[48;2;0;0;0m[38;2;242;240;236m;[48;2;0;0;0m[38;2;242;240;236m
        1524  [48;2;0;0;0m[38;2;242;240;236m            [48;2;0;0;0m[38;2;242;119;122m_successionGeneration[48;2;0;0;0m[38;2;242;240;236m.[48;2;0;0;0m[38;2;102;153;204mClear[48;2;0;0;0m[38;2;242;240;236m([48;2;0;0;0m[38;2;242;240;236m)[48;2;0;0;0m[38;2;242;240;236m;[48;2;0;0;0m[38;2;242;240;236m
              [hid 43 additional lines]

    Found 17 lines of similar code in 2 locations (mass = 85)

        1583  [48;2;0;0;0m[38;2;211;208;200m    [48;2;0;0;0m[38;2;211;208;200m[[48;2;0;0;0m[38;2;242;119;122mSerializable[48;2;0;0;0m[38;2;211;208;200m][48;2;0;0;0m[38;2;211;208;200m
        1584  [48;2;0;0;0m[38;2;211;208;200m    [48;2;0;0;0m[38;2;204;153;204mpublic[48;2;0;0;0m[38;2;211;208;200m [48;2;0;0;0m[38;2;204;153;204mclass[48;2;0;0;0m[38;2;242;240;236m [48;2;0;0;0m[38;2;255;204;102mFactionRaidResult[48;2;0;0;0m[38;2;242;240;236m
        1585  [48;2;0;0;0m[38;2;242;240;236m    [48;2;0;0;0m[38;2;242;240;236m{[48;2;0;0;0m[38;2;242;240;236m
        1586  [48;2;0;0;0m[38;2;242;240;236m        [48;2;0;0;0m[38;2;204;153;204mpublic[48;2;0;0;0m[38;2;242;240;236m [48;2;0;0;0m[38;2;204;153;204mstring[48;2;0;0;0m[38;2;242;240;236m [48;2;0;0;0m[38;2;242;119;122mFactionId[48;2;0;0;0m[38;2;242;240;236m;[48;2;0;0;0m[38;2;242;240;236m
        1587  [48;2;0;0;0m[38;2;242;240;236m        [48;2;0;0;0m[38;2;204;153;204mpublic[48;2;0;0;0m[38;2;242;240;236m [48;2;0;0;0m[38;2;204;153;204mbool[48;2;0;0;0m[38;2;242;240;236m [48;2;0;0;0m[38;2;242;119;122mLaunched[48;2;0;0;0m[38;2;242;240;236m;[48;2;0;0;0m[38;2;242;240;236m
        1588  [48;2;0;0;0m[38;2;242;240;236m        [48;2;0;0;0m[38;2;204;153;204mpublic[48;2;0;0;0m[38;2;242;240;236m [48;2;0;0;0m[38;2;204;153;204mbool[48;2;0;0;0m[38;2;242;240;236m [48;2;0;0;0m[38;2;242;119;122mRepelled[48;2;0;0;0m[38;2;242;240;236m;[48;2;0;0;0m[38;2;242;240;236m
              [hid 11 additional lines]
        also found at Assets/_Game/Shelter/ShelterAtmosphereSystem.cs


Assets/_Game/Editor/CreateDefaultBeliefProfiles.cs
    Function with many parameters (count = 11): CreateOrUpdate

          32  [48;2;0;0;0m[38;2;242;240;236m        [48;2;0;0;0m[38;2;204;153;204mprivate[48;2;0;0;0m[38;2;242;240;236m [48;2;0;0;0m[38;2;204;153;204mstatic[48;2;0;0;0m[38;2;242;240;236m [48;2;0;0;0m[38;2;204;153;204mvoid[48;2;0;0;0m[38;2;242;240;236m [48;2;0;0;0m[38;2;102;153;204mCreateOrUpdate[48;2;0;0;0m[38;2;242;240;236m([48;2;0;0;0m[38;2;242;240;236m
          33  [48;2;0;0;0m[38;2;242;240;236m            [48;2;0;0;0m[38;2;242;240;236mRiskBiasTrait[48;2;0;0;0m[38;2;242;240;236m [48;2;0;0;0m[38;2;242;119;122mtrait[48;2;0;0;0m[38;2;242;240;236m,[48;2;0;0;0m[38;2;242;240;236m [48;2;0;0;0m[38;2;204;153;204mfloat[48;2;0;0;0m[38;2;242;240;236m [48;2;0;0;0m[38;2;242;119;122mexperienceGainRate[48;2;0;0;0m[38;2;242;240;236m,[48;2;0;0;0m[38;2;242;240;236m [48;2;0;0;0m[38;2;204;153;204mfloat[48;2;0;0;0m[38;2;242;240;236m [48;2;0;0;0m[38;2;242;119;122mexperienceDecayRate[48;2;0;0;0m[38;2;242;240;236m,[48;2;0;0;0m[38;2;242;240;236m
          34  [48;2;0;0;0m[38;2;242;240;236m            [48;2;0;0;0m[38;2;204;153;204mfloat[48;2;0;0;0m[38;2;242;240;236m [48;2;0;0;0m[38;2;242;119;122msicknessObservedGainMultiplier[48;2;0;0;0m[38;2;242;240;236m,[48;2;0;0;0m[38;2;242;240;236m [48;2;0;0;0m[38;2;204;153;204mfloat[48;2;0;0;0m[38;2;242;240;236m [48;2;0;0;0m[38;2;242;119;122msurvivedHotTripOverconfidenceMultiplier[48;2;0;0;0m[38;2;242;240;236m,[48;2;0;0;0m[38;2;242;240;236m
          35  [48;2;0;0;0m[38;2;242;240;236m            [48;2;0;0;0m[38;2;204;153;204mfloat[48;2;0;0;0m[38;2;242;240;236m [48;2;0;0;0m[38;2;242;119;122muncertaintyDampens[48;2;0;0;0m[38;2;242;240;236m,[48;2;0;0;0m[38;2;242;240;236m [48;2;0;0;0m[38;2;204;153;204mfloat[48;2;0;0;0m[38;2;242;240;236m [48;2;0;0;0m[38;2;242;119;122manxietyGainRate[48;2;0;0;0m[38;2;242;240;236m,[48;2;0;0;0m[38;2;242;240;236m [48;2;0;0;0m[38;2;204;153;204mfloat[48;2;0;0;0m[38;2;242;240;236m [48;2;0;0;0m[38;2;242;119;122mnumbnessGainRate[48;2;0;0;0m[38;2;242;240;236m,[48;2;0;0;0m[38;2;242;240;236m
          36  [48;2;0;0;0m[38;2;242;240;236m            [48;2;0;0;0m[38;2;204;153;204mfloat[48;2;0;0;0m[38;2;242;240;236m [48;2;0;0;0m[38;2;242;119;122mnumbnessProneness[48;2;0;0;0m[38;2;242;240;236m,[48;2;0;0;0m[38;2;242;240;236m [48;2;0;0;0m[38;2;204;153;204mfloat[48;2;0;0;0m[38;2;242;240;236m [48;2;0;0;0m[38;2;242;119;122mriskBiasFactor[48;2;0;0;0m[38;2;242;240;236m,[48;2;0;0;0m[38;2;242;240;236m [48;2;0;0;0m[38;2;242;240;236mAnimationCurve[48;2;0;0;0m[38;2;242;240;236m [48;2;0;0;0m[38;2;242;119;122mscavengeUncertaintyCurve[48;2;0;0;0m[38;2;242;240;236m)[48;2;0;0;0m[38;2;242;240;236m


Assets/_Game/Editor/JsonDataImporter.cs
    High total complexity (count = 140)

           1  [48;2;0;0;0m[38;2;204;153;204m#[48;2;0;0;0m[38;2;204;153;204mif[48;2;0;0;0m[38;2;211;208;200m [48;2;0;0;0m[38;2;249;145;87mUNITY_EDITOR[48;2;0;0;0m[38;2;211;208;200m
           2  [48;2;0;0;0m[38;2;204;153;204musing[48;2;0;0;0m[38;2;211;208;200m [48;2;0;0;0m[38;2;211;208;200mSystem[48;2;0;0;0m[38;2;211;208;200m;[48;2;0;0;0m[38;2;211;208;200m
           3  [48;2;0;0;0m[38;2;204;153;204musing[48;2;0;0;0m[38;2;211;208;200m [48;2;0;0;0m[38;2;211;208;200mSystem[48;2;0;0;0m[38;2;211;208;200m.[48;2;0;0;0m[38;2;211;208;200mCollections[48;2;0;0;0m[38;2;211;208;200m.[48;2;0;0;0m[38;2;211;208;200mGeneric[48;2;0;0;0m[38;2;211;208;200m;[48;2;0;0;0m[38;2;211;208;200m
           4  [48;2;0;0;0m[38;2;204;153;204musing[48;2;0;0;0m[38;2;211;208;200m [48;2;0;0;0m[38;2;211;208;200mSystem[48;2;0;0;0m[38;2;211;208;200m.[48;2;0;0;0m[38;2;211;208;200mIO[48;2;0;0;0m[38;2;211;208;200m;[48;2;0;0;0m[38;2;211;208;200m
           5  [48;2;0;0;0m[38;2;204;153;204musing[48;2;0;0;0m[38;2;211;208;200m [48;2;0;0;0m[38;2;211;208;200mSystem[48;2;0;0;0m[38;2;211;208;200m.[48;2;0;0;0m[38;2;211;208;200mLinq[48;2;0;0;0m[38;2;211;208;200m;[48;2;0;0;0m[38;2;211;208;200m
           6  [48;2;0;0;0m[38;2;204;153;204musing[48;2;0;0;0m[38;2;211;208;200m [48;2;0;0;0m[38;2;211;208;200mSystem[48;2;0;0;0m[38;2;211;208;200m.[48;2;0;0;0m[38;2;211;208;200mText[48;2;0;0;0m[38;2;211;208;200m.[48;2;0;0;0m[38;2;211;208;200mRegularExpressions[48;2;0;0;0m[38;2;211;208;200m;[48;2;0;0;0m[38;2;211;208;200m
              [hid 651 additional lines]

    Function with high complexity (count = 31): ValidateEntry

         369  [48;2;0;0;0m[38;2;242;240;236m        [48;2;0;0;0m[38;2;204;153;204mstatic[48;2;0;0;0m[38;2;242;240;236m [48;2;0;0;0m[38;2;204;153;204mvoid[48;2;0;0;0m[38;2;242;240;236m [48;2;0;0;0m[38;2;102;153;204mValidateEntry[48;2;0;0;0m[38;2;242;240;236m<[48;2;0;0;0m[38;2;242;240;236mT[48;2;0;0;0m[38;2;242;240;236m>[48;2;0;0;0m[38;2;242;240;236m([48;2;0;0;0m[38;2;242;240;236mT[48;2;0;0;0m[38;2;242;240;236m [48;2;0;0;0m[38;2;242;119;122mentry[48;2;0;0;0m[38;2;242;240;236m,[48;2;0;0;0m[38;2;242;240;236m [48;2;0;0;0m[38;2;204;153;204mstring[48;2;0;0;0m[38;2;242;240;236m [48;2;0;0;0m[38;2;242;119;122mtypeName[48;2;0;0;0m[38;2;242;240;236m,[48;2;0;0;0m[38;2;242;240;236m [48;2;0;0;0m[38;2;204;153;204mint[48;2;0;0;0m[38;2;242;240;236m [48;2;0;0;0m[38;2;242;119;122mindex[48;2;0;0;0m[38;2;242;240;236m,[48;2;0;0;0m[38;2;242;240;236m [48;2;0;0;0m[38;2;242;240;236mList[48;2;0;0;0m[38;2;242;240;236m<[48;2;0;0;0m[38;2;204;153;204mstring[48;2;0;0;0m[38;2;242;240;236m>[48;2;0;0;0m[38;2;242;240;236m [48;2;0;0;0m[38;2;242;119;122merrors[48;2;0;0;0m[38;2;242;240;236m)[48;2;0;0;0m[38;2;242;240;236m
         370  [48;2;0;0;0m[38;2;242;240;236m        [48;2;0;0;0m[38;2;242;240;236m{[48;2;0;0;0m[38;2;242;240;236m
         371  [48;2;0;0;0m[38;2;242;240;236m            [48;2;0;0;0m[38;2;204;153;204mstring[48;2;0;0;0m[38;2;242;240;236m [48;2;0;0;0m[38;2;242;119;122mid[48;2;0;0;0m[38;2;242;240;236m [48;2;0;0;0m[38;2;211;208;200m=[48;2;0;0;0m[38;2;242;240;236m [48;2;0;0;0m[38;2;102;153;204mGetId[48;2;0;0;0m[38;2;242;240;236m([48;2;0;0;0m[38;2;242;119;122mentry[48;2;0;0;0m[38;2;242;240;236m)[48;2;0;0;0m[38;2;242;240;236m;[48;2;0;0;0m[38;2;242;240;236m
         372  [48;2;0;0;0m[38;2;242;240;236m
         373  [48;2;0;0;0m[38;2;242;240;236m            [48;2;0;0;0m[38;2;204;153;204mif[48;2;0;0;0m[38;2;242;240;236m [48;2;0;0;0m[38;2;242;240;236m([48;2;0;0;0m[38;2;204;153;204mstring[48;2;0;0;0m[38;2;242;240;236m.[48;2;0;0;0m[38;2;102;153;204mIsNullOrEmpty[48;2;0;0;0m[38;2;242;240;236m([48;2;0;0;0m[38;2;242;119;122mid[48;2;0;0;0m[38;2;242;240;236m)[48;2;0;0;0m[38;2;242;240;236m)[48;2;0;0;0m[38;2;242;240;236m
         374  [48;2;0;0;0m[38;2;242;240;236m                [48;2;0;0;0m[38;2;242;119;122merrors[48;2;0;0;0m[38;2;242;240;236m.[48;2;0;0;0m[38;2;102;153;204mAdd[48;2;0;0;0m[38;2;242;240;236m([48;2;0;0;0m[38;2;211;208;200m$"[48;2;0;0;0m[38;2;153;204;153m[[48;2;0;0;0m[38;2;242;240;236m{[48;2;0;0;0m[38;2;242;119;122mtypeName[48;2;0;0;0m[38;2;242;240;236m}[48;2;0;0;0m[38;2;153;204;153m#[48;2;0;0;0m[38;2;242;240;236m{[48;2;0;0;0m[38;2;242;119;122mindex[48;2;0;0;0m[38;2;242;240;236m}[48;2;0;0;0m[38;2;153;204;153m] id is null or empty[48;2;0;0;0m[38;2;211;208;200m"[48;2;0;0;0m[38;2;242;240;236m)[48;2;0;0;0m[38;2;242;240;236m;[48;2;0;0;0m[38;2;242;240;236m
              [hid 68 additional lines]

    Function with high complexity (count = 24): ImportItems

         467  [48;2;0;0;0m[38;2;242;240;236m        [48;2;0;0;0m[38;2;204;153;204mstatic[48;2;0;0;0m[38;2;242;240;236m [48;2;0;0;0m[38;2;242;240;236mDictionary[48;2;0;0;0m[38;2;242;240;236m<[48;2;0;0;0m[38;2;204;153;204mstring[48;2;0;0;0m[38;2;242;240;236m,[48;2;0;0;0m[38;2;242;240;236m [48;2;0;0;0m[38;2;242;240;236mItemDefinition[48;2;0;0;0m[38;2;242;240;236m>[48;2;0;0;0m[38;2;242;240;236m [48;2;0;0;0m[38;2;102;153;204mImportItems[48;2;0;0;0m[38;2;242;240;236m([48;2;0;0;0m[38;2;242;240;236mList[48;2;0;0;0m[38;2;242;240;236m<[48;2;0;0;0m[38;2;242;240;236mItemJson[48;2;0;0;0m[38;2;242;240;236m>[48;2;0;0;0m[38;2;242;240;236m [48;2;0;0;0m[38;2;242;119;122mitems[48;2;0;0;0m[38;2;242;240;236m)[48;2;0;0;0m[38;2;242;240;236m
         468  [48;2;0;0;0m[38;2;242;240;236m        [48;2;0;0;0m[38;2;242;240;236m{[48;2;0;0;0m[38;2;242;240;236m
         469  [48;2;0;0;0m[38;2;242;240;236m            [48;2;0;0;0m[38;2;204;153;204mvar[48;2;0;0;0m[38;2;242;240;236m [48;2;0;0;0m[38;2;242;119;122mmap[48;2;0;0;0m[38;2;242;240;236m [48;2;0;0;0m[38;2;211;208;200m=[48;2;0;0;0m[38;2;242;240;236m [48;2;0;0;0m[38;2;211;208;200mnew[48;2;0;0;0m[38;2;242;240;236m [48;2;0;0;0m[38;2;242;240;236mDictionary[48;2;0;0;0m[38;2;242;240;236m<[48;2;0;0;0m[38;2;204;153;204mstring[48;2;0;0;0m[38;2;242;240;236m,[48;2;0;0;0m[38;2;242;240;236m [48;2;0;0;0m[38;2;242;240;236mItemDefinition[48;2;0;0;0m[38;2;242;240;236m>[48;2;0;0;0m[38;2;242;240;236m([48;2;0;0;0m[38;2;242;240;236m)[48;2;0;0;0m[38;2;242;240;236m;[48;2;0;0;0m[38;2;242;240;236m
         470  [48;2;0;0;0m[38;2;242;240;236m            [48;2;0;0;0m[38;2;204;153;204mforeach[48;2;0;0;0m[38;2;242;240;236m [48;2;0;0;0m[38;2;242;240;236m([48;2;0;0;0m[38;2;204;153;204mvar[48;2;0;0;0m[38;2;242;240;236m [48;2;0;0;0m[38;2;242;119;122mjson[48;2;0;0;0m[38;2;242;240;236m [48;2;0;0;0m[38;2;204;153;204min[48;2;0;0;0m[38;2;242;240;236m [48;2;0;0;0m[38;2;242;119;122mitems[48;2;0;0;0m[38;2;242;240;236m)[48;2;0;0;0m[38;2;242;240;236m
         471  [48;2;0;0;0m[38;2;242;240;236m            [48;2;0;0;0m[38;2;242;240;236m{[48;2;0;0;0m[38;2;242;240;236m
         472  [48;2;0;0;0m[38;2;242;240;236m                [48;2;0;0;0m[38;2;204;153;204mvar[48;2;0;0;0m[38;2;242;240;236m [48;2;0;0;0m[38;2;242;119;122mso[48;2;0;0;0m[38;2;242;240;236m [48;2;0;0;0m[38;2;211;208;200m=[48;2;0;0;0m[38;2;242;240;236m [48;2;0;0;0m[38;2;102;153;204mFindOrCreate[48;2;0;0;0m[38;2;242;240;236m<[48;2;0;0;0m[38;2;242;240;236mItemDefinition[48;2;0;0;0m[38;2;242;240;236m>[48;2;0;0;0m[38;2;242;240;236m([48;2;0;0;0m[38;2;242;119;122mPath[48;2;0;0;0m[38;2;242;240;236m.[48;2;0;0;0m[38;2;102;153;204mCombine[48;2;0;0;0m[38;2;242;240;236m([48;2;0;0;0m[38;2;242;119;122mOutputRoot[48;2;0;0;0m[38;2;242;240;236m,[48;2;0;0;0m[38;2;242;240;236m [48;2;0;0;0m[38;2;211;208;200m"[48;2;0;0;0m[38;2;153;204;153mItems[48;2;0;0;0m[38;2;211;208;200m"[48;2;0;0;0m[38;2;242;240;236m)[48;2;0;0;0m[38;2;242;240;236m,[48;2;0;0;0m[38;2;242;240;236m [48;2;0;0;0m[38;2;242;119;122mjson[48;2;0;0;0m[38;2;242;240;236m.[48;2;0;0;0m[38;2;242;119;122mid[48;2;0;0;0m[38;2;242;240;236m)[48;2;0;0;0m[38;2;242;240;236m;[48;2;0;0;0m[38;2;242;240;236m
              [hid 49 additional lines]


Assets/_Game/Environment/GeneratedMap.cs
    Function with many returns (count = 7): WeatherTravelMultiplier

          52  [48;2;0;0;0m[38;2;242;240;236m        [48;2;0;0;0m[38;2;204;153;204mpublic[48;2;0;0;0m[38;2;242;240;236m [48;2;0;0;0m[38;2;204;153;204mstatic[48;2;0;0;0m[38;2;242;240;236m [48;2;0;0;0m[38;2;204;153;204mfloat[48;2;0;0;0m[38;2;242;240;236m [48;2;0;0;0m[38;2;102;153;204mWeatherTravelMultiplier[48;2;0;0;0m[38;2;242;240;236m([48;2;0;0;0m[38;2;242;240;236mWeatherKind[48;2;0;0;0m[38;2;242;240;236m [48;2;0;0;0m[38;2;242;119;122mweather[48;2;0;0;0m[38;2;242;240;236m)[48;2;0;0;0m[38;2;242;240;236m
          53  [48;2;0;0;0m[38;2;242;240;236m        [48;2;0;0;0m[38;2;242;240;236m{[48;2;0;0;0m[38;2;242;240;236m
          54  [48;2;0;0;0m[38;2;242;240;236m            [48;2;0;0;0m[38;2;204;153;204mswitch[48;2;0;0;0m[38;2;242;240;236m [48;2;0;0;0m[38;2;242;240;236m([48;2;0;0;0m[38;2;242;119;122mweather[48;2;0;0;0m[38;2;242;240;236m)[48;2;0;0;0m[38;2;242;240;236m
          55  [48;2;0;0;0m[38;2;242;240;236m            [48;2;0;0;0m[38;2;242;240;236m{[48;2;0;0;0m[38;2;242;240;236m
          56  [48;2;0;0;0m[38;2;242;240;236m                [48;2;0;0;0m[38;2;204;153;204mcase[48;2;0;0;0m[38;2;242;240;236m [48;2;0;0;0m[38;2;242;119;122mWeatherKind[48;2;0;0;0m[38;2;242;240;236m.[48;2;0;0;0m[38;2;249;145;87mBlizzard[48;2;0;0;0m[38;2;242;240;236m:[48;2;0;0;0m[38;2;242;240;236m [48;2;0;0;0m[38;2;204;153;204mreturn[48;2;0;0;0m[38;2;242;240;236m [48;2;0;0;0m[38;2;249;145;87m2[48;2;0;0;0m[38;2;204;153;204mf[48;2;0;0;0m[38;2;242;240;236m;[48;2;0;0;0m[38;2;242;240;236m
          57  [48;2;0;0;0m[38;2;242;240;236m                [48;2;0;0;0m[38;2;204;153;204mcase[48;2;0;0;0m[38;2;242;240;236m [48;2;0;0;0m[38;2;242;119;122mWeatherKind[48;2;0;0;0m[38;2;242;240;236m.[48;2;0;0;0m[38;2;249;145;87mBlackRain[48;2;0;0;0m[38;2;242;240;236m:[48;2;0;0;0m[38;2;242;240;236m [48;2;0;0;0m[38;2;204;153;204mreturn[48;2;0;0;0m[38;2;242;240;236m [48;2;0;0;0m[38;2;249;145;87m2[48;2;0;0;0m[38;2;204;153;204mf[48;2;0;0;0m[38;2;242;240;236m;[48;2;0;0;0m[38;2;242;240;236m
              [hid 7 additional lines]

    High total complexity (count = 114)

           1  [48;2;0;0;0m[38;2;204;153;204musing[48;2;0;0;0m[38;2;211;208;200m [48;2;0;0;0m[38;2;211;208;200mSystem[48;2;0;0;0m[38;2;211;208;200m;[48;2;0;0;0m[38;2;211;208;200m
           2  [48;2;0;0;0m[38;2;204;153;204musing[48;2;0;0;0m[38;2;211;208;200m [48;2;0;0;0m[38;2;211;208;200mSystem[48;2;0;0;0m[38;2;211;208;200m.[48;2;0;0;0m[38;2;211;208;200mCollections[48;2;0;0;0m[38;2;211;208;200m.[48;2;0;0;0m[38;2;211;208;200mGeneric[48;2;0;0;0m[38;2;211;208;200m;[48;2;0;0;0m[38;2;211;208;200m
           3  [48;2;0;0;0m[38;2;204;153;204musing[48;2;0;0;0m[38;2;211;208;200m [48;2;0;0;0m[38;2;211;208;200mUnityEngine[48;2;0;0;0m[38;2;211;208;200m;[48;2;0;0;0m[38;2;211;208;200m
           4  [48;2;0;0;0m[38;2;211;208;200m
           5  [48;2;0;0;0m[38;2;204;153;204mnamespace[48;2;0;0;0m[38;2;211;208;200m [48;2;0;0;0m[38;2;211;208;200mAtomicWar[48;2;0;0;0m[38;2;211;208;200m.[48;2;0;0;0m[38;2;211;208;200m_Game[48;2;0;0;0m[38;2;211;208;200m.[48;2;0;0;0m[38;2;211;208;200mEnvironment[48;2;0;0;0m[38;2;211;208;200m
           6  [48;2;0;0;0m[38;2;211;208;200m{[48;2;0;0;0m[38;2;211;208;200m
              [hid 393 additional lines]

    Function with high complexity (count = 18): TryFindPath

         104  [48;2;0;0;0m[38;2;242;240;236m        [48;2;0;0;0m[38;2;204;153;204mpublic[48;2;0;0;0m[38;2;242;240;236m [48;2;0;0;0m[38;2;204;153;204mbool[48;2;0;0;0m[38;2;242;240;236m [48;2;0;0;0m[38;2;102;153;204mTryFindPath[48;2;0;0;0m[38;2;242;240;236m([48;2;0;0;0m[38;2;204;153;204mstring[48;2;0;0;0m[38;2;242;240;236m [48;2;0;0;0m[38;2;242;119;122mfromId[48;2;0;0;0m[38;2;242;240;236m,[48;2;0;0;0m[38;2;242;240;236m [48;2;0;0;0m[38;2;204;153;204mstring[48;2;0;0;0m[38;2;242;240;236m [48;2;0;0;0m[38;2;242;119;122mtoId[48;2;0;0;0m[38;2;242;240;236m,[48;2;0;0;0m[38;2;242;240;236m [48;2;0;0;0m[38;2;242;240;236mList[48;2;0;0;0m[38;2;242;240;236m<[48;2;0;0;0m[38;2;204;153;204mstring[48;2;0;0;0m[38;2;242;240;236m>[48;2;0;0;0m[38;2;242;240;236m [48;2;0;0;0m[38;2;242;119;122mbuffer[48;2;0;0;0m[38;2;242;240;236m)[48;2;0;0;0m[38;2;242;240;236m
         105  [48;2;0;0;0m[38;2;242;240;236m        [48;2;0;0;0m[38;2;242;240;236m{[48;2;0;0;0m[38;2;242;240;236m
         106  [48;2;0;0;0m[38;2;242;240;236m            [48;2;0;0;0m[38;2;204;153;204mif[48;2;0;0;0m[38;2;242;240;236m [48;2;0;0;0m[38;2;242;240;236m([48;2;0;0;0m[38;2;242;119;122mbuffer[48;2;0;0;0m[38;2;242;240;236m [48;2;0;0;0m[38;2;211;208;200m!=[48;2;0;0;0m[38;2;242;240;236m [48;2;0;0;0m[38;2;249;145;87mnull[48;2;0;0;0m[38;2;242;240;236m)[48;2;0;0;0m[38;2;242;240;236m [48;2;0;0;0m[38;2;242;119;122mbuffer[48;2;0;0;0m[38;2;242;240;236m.[48;2;0;0;0m[38;2;102;153;204mClear[48;2;0;0;0m[38;2;242;240;236m([48;2;0;0;0m[38;2;242;240;236m)[48;2;0;0;0m[38;2;242;240;236m;[48;2;0;0;0m[38;2;242;240;236m
         107  [48;2;0;0;0m[38;2;242;240;236m            [48;2;0;0;0m[38;2;204;153;204mif[48;2;0;0;0m[38;2;242;240;236m [48;2;0;0;0m[38;2;242;240;236m([48;2;0;0;0m[38;2;204;153;204mstring[48;2;0;0;0m[38;2;242;240;236m.[48;2;0;0;0m[38;2;102;153;204mIsNullOrEmpty[48;2;0;0;0m[38;2;242;240;236m([48;2;0;0;0m[38;2;242;119;122mfromId[48;2;0;0;0m[38;2;242;240;236m)[48;2;0;0;0m[38;2;242;240;236m [48;2;0;0;0m[38;2;211;208;200m||[48;2;0;0;0m[38;2;242;240;236m [48;2;0;0;0m[38;2;204;153;204mstring[48;2;0;0;0m[38;2;242;240;236m.[48;2;0;0;0m[38;2;102;153;204mIsNullOrEmpty[48;2;0;0;0m[38;2;242;240;236m([48;2;0;0;0m[38;2;242;119;122mtoId[48;2;0;0;0m[38;2;242;240;236m)[48;2;0;0;0m[38;2;242;240;236m [48;2;0;0;0m[38;2;211;208;200m||[48;2;0;0;0m[38;2;242;240;236m [48;2;0;0;0m[38;2;242;119;122mbuffer[48;2;0;0;0m[38;2;242;240;236m [48;2;0;0;0m[38;2;211;208;200m==[48;2;0;0;0m[38;2;242;240;236m [48;2;0;0;0m[38;2;249;145;87mnull[48;2;0;0;0m[38;2;242;240;236m)[48;2;0;0;0m[38;2;242;240;236m [48;2;0;0;0m[38;2;204;153;204mreturn[48;2;0;0;0m[38;2;242;240;236m [48;2;0;0;0m[38;2;249;145;87mfalse[48;2;0;0;0m[38;2;242;240;236m;[48;2;0;0;0m[38;2;242;240;236m
         108  [48;2;0;0;0m[38;2;242;240;236m            [48;2;0;0;0m[38;2;204;153;204mif[48;2;0;0;0m[38;2;242;240;236m [48;2;0;0;0m[38;2;242;240;236m([48;2;0;0;0m[38;2;242;119;122mfromId[48;2;0;0;0m[38;2;242;240;236m [48;2;0;0;0m[38;2;211;208;200m==[48;2;0;0;0m[38;2;242;240;236m [48;2;0;0;0m[38;2;242;119;122mtoId[48;2;0;0;0m[38;2;242;240;236m)[48;2;0;0;0m[38;2;242;240;236m
         109  [48;2;0;0;0m[38;2;242;240;236m            [48;2;0;0;0m[38;2;242;240;236m{[48;2;0;0;0m[38;2;242;240;236m
              [hid 43 additional lines]

    Function with high complexity (count = 33): ComputeLayoutFingerprint

         260  [48;2;0;0;0m[38;2;242;240;236m        [48;2;0;0;0m[38;2;204;153;204mpublic[48;2;0;0;0m[38;2;242;240;236m [48;2;0;0;0m[38;2;204;153;204mstring[48;2;0;0;0m[38;2;242;240;236m [48;2;0;0;0m[38;2;102;153;204mComputeLayoutFingerprint[48;2;0;0;0m[38;2;242;240;236m([48;2;0;0;0m[38;2;242;240;236m)[48;2;0;0;0m[38;2;242;240;236m
         261  [48;2;0;0;0m[38;2;242;240;236m        [48;2;0;0;0m[38;2;242;240;236m{[48;2;0;0;0m[38;2;242;240;236m
         262  [48;2;0;0;0m[38;2;242;240;236m            [48;2;0;0;0m[38;2;204;153;204mvar[48;2;0;0;0m[38;2;242;240;236m [48;2;0;0;0m[38;2;242;119;122msb[48;2;0;0;0m[38;2;242;240;236m [48;2;0;0;0m[38;2;211;208;200m=[48;2;0;0;0m[38;2;242;240;236m [48;2;0;0;0m[38;2;211;208;200mnew[48;2;0;0;0m[38;2;242;240;236m [48;2;0;0;0m[38;2;242;240;236mSystem[48;2;0;0;0m[38;2;242;240;236m.[48;2;0;0;0m[38;2;242;240;236mText[48;2;0;0;0m[38;2;242;240;236m.[48;2;0;0;0m[38;2;242;240;236mStringBuilder[48;2;0;0;0m[38;2;242;240;236m([48;2;0;0;0m[38;2;242;240;236m)[48;2;0;0;0m[38;2;242;240;236m;[48;2;0;0;0m[38;2;242;240;236m
         263  [48;2;0;0;0m[38;2;242;240;236m            [48;2;0;0;0m[38;2;242;119;122msb[48;2;0;0;0m[38;2;242;240;236m.[48;2;0;0;0m[38;2;102;153;204mAppend[48;2;0;0;0m[38;2;242;240;236m([48;2;0;0;0m[38;2;211;208;200m"[48;2;0;0;0m[38;2;153;204;153mseed=[48;2;0;0;0m[38;2;211;208;200m"[48;2;0;0;0m[38;2;242;240;236m)[48;2;0;0;0m[38;2;242;240;236m.[48;2;0;0;0m[38;2;102;153;204mAppend[48;2;0;0;0m[38;2;242;240;236m([48;2;0;0;0m[38;2;242;119;122mSeed[48;2;0;0;0m[38;2;242;240;236m)[48;2;0;0;0m[38;2;242;240;236m.[48;2;0;0;0m[38;2;102;153;204mAppend[48;2;0;0;0m[38;2;242;240;236m([48;2;0;0;0m[38;2;249;145;87m';'[48;2;0;0;0m[38;2;242;240;236m)[48;2;0;0;0m[38;2;242;240;236m;[48;2;0;0;0m[38;2;242;240;236m
         264  [48;2;0;0;0m[38;2;242;240;236m            [48;2;0;0;0m[38;2;204;153;204mif[48;2;0;0;0m[38;2;242;240;236m [48;2;0;0;0m[38;2;242;240;236m([48;2;0;0;0m[38;2;242;119;122mNodes[48;2;0;0;0m[38;2;242;240;236m [48;2;0;0;0m[38;2;211;208;200m!=[48;2;0;0;0m[38;2;242;240;236m [48;2;0;0;0m[38;2;249;145;87mnull[48;2;0;0;0m[38;2;242;240;236m)[48;2;0;0;0m[38;2;242;240;236m
         265  [48;2;0;0;0m[38;2;242;240;236m            [48;2;0;0;0m[38;2;242;240;236m{[48;2;0;0;0m[38;2;242;240;236m
              [hid 47 additional lines]


Assets/_Game/Environment/MapGenerator.cs
    Function with many parameters (count = 13): CreateRing

         217  [48;2;0;0;0m[38;2;242;240;236m        [48;2;0;0;0m[38;2;204;153;204mprivate[48;2;0;0;0m[38;2;242;240;236m [48;2;0;0;0m[38;2;204;153;204mstatic[48;2;0;0;0m[38;2;242;240;236m [48;2;0;0;0m[38;2;242;240;236mList[48;2;0;0;0m[38;2;242;240;236m<[48;2;0;0;0m[38;2;242;240;236mMapNode[48;2;0;0;0m[38;2;242;240;236m>[48;2;0;0;0m[38;2;242;240;236m [48;2;0;0;0m[38;2;102;153;204mCreateRing[48;2;0;0;0m[38;2;242;240;236m([48;2;0;0;0m[38;2;242;240;236m
         218  [48;2;0;0;0m[38;2;242;240;236m            [48;2;0;0;0m[38;2;242;240;236mRandom[48;2;0;0;0m[38;2;242;240;236m [48;2;0;0;0m[38;2;242;119;122mrng[48;2;0;0;0m[38;2;242;240;236m,[48;2;0;0;0m[38;2;242;240;236m
         219  [48;2;0;0;0m[38;2;242;240;236m            [48;2;0;0;0m[38;2;242;240;236mDangerRing[48;2;0;0;0m[38;2;242;240;236m [48;2;0;0;0m[38;2;242;119;122mring[48;2;0;0;0m[38;2;242;240;236m,[48;2;0;0;0m[38;2;242;240;236m
         220  [48;2;0;0;0m[38;2;242;240;236m            [48;2;0;0;0m[38;2;204;153;204mint[48;2;0;0;0m[38;2;242;240;236m [48;2;0;0;0m[38;2;242;119;122mcount[48;2;0;0;0m[38;2;242;240;236m,[48;2;0;0;0m[38;2;242;240;236m
         221  [48;2;0;0;0m[38;2;242;240;236m            [48;2;0;0;0m[38;2;204;153;204mfloat[48;2;0;0;0m[38;2;242;240;236m [48;2;0;0;0m[38;2;242;119;122mlayoutRadius[48;2;0;0;0m[38;2;242;240;236m,[48;2;0;0;0m[38;2;242;240;236m
         222  [48;2;0;0;0m[38;2;242;240;236m            [48;2;0;0;0m[38;2;204;153;204mstring[48;2;0;0;0m[38;2;242;240;236m[[48;2;0;0;0m[38;2;242;240;236m][48;2;0;0;0m[38;2;242;240;236m [48;2;0;0;0m[38;2;242;119;122mnamePool[48;2;0;0;0m[38;2;242;240;236m,[48;2;0;0;0m[38;2;242;240;236m
              [hid 8 additional lines]

    Function with many parameters (count = 6): ConnectRings

         284  [48;2;0;0;0m[38;2;242;240;236m        [48;2;0;0;0m[38;2;204;153;204mprivate[48;2;0;0;0m[38;2;242;240;236m [48;2;0;0;0m[38;2;204;153;204mstatic[48;2;0;0;0m[38;2;242;240;236m [48;2;0;0;0m[38;2;204;153;204mvoid[48;2;0;0;0m[38;2;242;240;236m [48;2;0;0;0m[38;2;102;153;204mConnectRings[48;2;0;0;0m[38;2;242;240;236m([48;2;0;0;0m[38;2;242;240;236m
         285  [48;2;0;0;0m[38;2;242;240;236m            [48;2;0;0;0m[38;2;242;240;236mGeneratedMap[48;2;0;0;0m[38;2;242;240;236m [48;2;0;0;0m[38;2;242;119;122mmap[48;2;0;0;0m[38;2;242;240;236m,[48;2;0;0;0m[38;2;242;240;236m
         286  [48;2;0;0;0m[38;2;242;240;236m            [48;2;0;0;0m[38;2;242;240;236mList[48;2;0;0;0m[38;2;242;240;236m<[48;2;0;0;0m[38;2;242;240;236mMapNode[48;2;0;0;0m[38;2;242;240;236m>[48;2;0;0;0m[38;2;242;240;236m [48;2;0;0;0m[38;2;242;119;122minner[48;2;0;0;0m[38;2;242;240;236m,[48;2;0;0;0m[38;2;242;240;236m
         287  [48;2;0;0;0m[38;2;242;240;236m            [48;2;0;0;0m[38;2;242;240;236mList[48;2;0;0;0m[38;2;242;240;236m<[48;2;0;0;0m[38;2;242;240;236mMapNode[48;2;0;0;0m[38;2;242;240;236m>[48;2;0;0;0m[38;2;242;240;236m [48;2;0;0;0m[38;2;242;119;122mouter[48;2;0;0;0m[38;2;242;240;236m,[48;2;0;0;0m[38;2;242;240;236m
         288  [48;2;0;0;0m[38;2;242;240;236m            [48;2;0;0;0m[38;2;204;153;204mfloat[48;2;0;0;0m[38;2;242;240;236m [48;2;0;0;0m[38;2;242;119;122mbaseHoursMin[48;2;0;0;0m[38;2;242;240;236m,[48;2;0;0;0m[38;2;242;240;236m
         289  [48;2;0;0;0m[38;2;242;240;236m            [48;2;0;0;0m[38;2;204;153;204mfloat[48;2;0;0;0m[38;2;242;240;236m [48;2;0;0;0m[38;2;242;119;122mbaseHoursMax[48;2;0;0;0m[38;2;242;240;236m,[48;2;0;0;0m[38;2;242;240;236m
              [hid 1 additional lines]

    High total complexity (count = 58)

           1  [48;2;0;0;0m[38;2;204;153;204musing[48;2;0;0;0m[38;2;211;208;200m [48;2;0;0;0m[38;2;211;208;200mSystem[48;2;0;0;0m[38;2;211;208;200m;[48;2;0;0;0m[38;2;211;208;200m
           2  [48;2;0;0;0m[38;2;204;153;204musing[48;2;0;0;0m[38;2;211;208;200m [48;2;0;0;0m[38;2;211;208;200mSystem[48;2;0;0;0m[38;2;211;208;200m.[48;2;0;0;0m[38;2;211;208;200mCollections[48;2;0;0;0m[38;2;211;208;200m.[48;2;0;0;0m[38;2;211;208;200mGeneric[48;2;0;0;0m[38;2;211;208;200m;[48;2;0;0;0m[38;2;211;208;200m
           3  [48;2;0;0;0m[38;2;204;153;204musing[48;2;0;0;0m[38;2;211;208;200m [48;2;0;0;0m[38;2;211;208;200mUnityEngine[48;2;0;0;0m[38;2;211;208;200m;[48;2;0;0;0m[38;2;211;208;200m
           4  [48;2;0;0;0m[38;2;204;153;204musing[48;2;0;0;0m[38;2;211;208;200m [48;2;0;0;0m[38;2;211;208;200mRandom[48;2;0;0;0m[38;2;211;208;200m [48;2;0;0;0m[38;2;211;208;200m=[48;2;0;0;0m[38;2;211;208;200m [48;2;0;0;0m[38;2;211;208;200mSystem[48;2;0;0;0m[38;2;211;208;200m.[48;2;0;0;0m[38;2;211;208;200mRandom[48;2;0;0;0m[38;2;211;208;200m;[48;2;0;0;0m[38;2;211;208;200m
           5  [48;2;0;0;0m[38;2;211;208;200m
           6  [48;2;0;0;0m[38;2;204;153;204mnamespace[48;2;0;0;0m[38;2;211;208;200m [48;2;0;0;0m[38;2;211;208;200mAtomicWar[48;2;0;0;0m[38;2;211;208;200m.[48;2;0;0;0m[38;2;211;208;200m_Game[48;2;0;0;0m[38;2;211;208;200m.[48;2;0;0;0m[38;2;211;208;200mEnvironment[48;2;0;0;0m[38;2;211;208;200m
              [hid 393 additional lines]


Assets/_Game/Environment/PhotoperiodSystem.cs
    Function with many returns (count = 6): ComputeSkyClarity

         216  [48;2;0;0;0m[38;2;242;240;236m        [48;2;0;0;0m[38;2;204;153;204mprivate[48;2;0;0;0m[38;2;242;240;236m [48;2;0;0;0m[38;2;204;153;204mfloat[48;2;0;0;0m[38;2;242;240;236m [48;2;0;0;0m[38;2;102;153;204mComputeSkyClarity[48;2;0;0;0m[38;2;242;240;236m([48;2;0;0;0m[38;2;242;240;236m)[48;2;0;0;0m[38;2;242;240;236m
         217  [48;2;0;0;0m[38;2;242;240;236m        [48;2;0;0;0m[38;2;242;240;236m{[48;2;0;0;0m[38;2;242;240;236m
         218  [48;2;0;0;0m[38;2;242;240;236m            [48;2;0;0;0m[38;2;116;115;105m//[48;2;0;0;0m[38;2;116;115;105m Ash blackout overrides weather
         219  [48;2;0;0;0m[38;2;242;240;236m            [48;2;0;0;0m[38;2;204;153;204mif[48;2;0;0;0m[38;2;242;240;236m [48;2;0;0;0m[38;2;242;240;236m([48;2;0;0;0m[38;2;242;119;122m_ashBlackoutHoursRemaining[48;2;0;0;0m[38;2;242;240;236m [48;2;0;0;0m[38;2;211;208;200m>[48;2;0;0;0m[38;2;242;240;236m [48;2;0;0;0m[38;2;249;145;87m0[48;2;0;0;0m[38;2;204;153;204mf[48;2;0;0;0m[38;2;242;240;236m)[48;2;0;0;0m[38;2;242;240;236m
         220  [48;2;0;0;0m[38;2;242;240;236m            [48;2;0;0;0m[38;2;242;240;236m{[48;2;0;0;0m[38;2;242;240;236m
         221  [48;2;0;0;0m[38;2;242;240;236m                [48;2;0;0;0m[38;2;204;153;204mreturn[48;2;0;0;0m[38;2;242;240;236m [48;2;0;0;0m[38;2;249;145;87m0.02[48;2;0;0;0m[38;2;204;153;204mf[48;2;0;0;0m[38;2;242;240;236m;[48;2;0;0;0m[38;2;242;240;236m [48;2;0;0;0m[38;2;116;115;105m//[48;2;0;0;0m[38;2;116;115;105m near-zero but not absolute (a sliver of diffuse light)
              [hid 14 additional lines]


Assets/_Game/Environment/RadiationKnowledgeMap.cs
    Function with many returns (count = 6): GetPlayerView

         163  [48;2;0;0;0m[38;2;242;240;236m        [48;2;0;0;0m[38;2;204;153;204mpublic[48;2;0;0;0m[38;2;242;240;236m [48;2;0;0;0m[38;2;242;240;236mMapTilePlayerView[48;2;0;0;0m[38;2;242;240;236m [48;2;0;0;0m[38;2;102;153;204mGetPlayerView[48;2;0;0;0m[38;2;242;240;236m([48;2;0;0;0m[38;2;204;153;204mstring[48;2;0;0;0m[38;2;242;240;236m [48;2;0;0;0m[38;2;242;119;122mlocationId[48;2;0;0;0m[38;2;242;240;236m,[48;2;0;0;0m[38;2;242;240;236m [48;2;0;0;0m[38;2;204;153;204mint[48;2;0;0;0m[38;2;242;240;236m [48;2;0;0;0m[38;2;242;119;122mcurrentDay[48;2;0;0;0m[38;2;242;240;236m,[48;2;0;0;0m[38;2;242;240;236m [48;2;0;0;0m[38;2;204;153;204mbool[48;2;0;0;0m[38;2;242;240;236m [48;2;0;0;0m[38;2;242;119;122mhasWorkingGeiger[48;2;0;0;0m[38;2;242;240;236m)[48;2;0;0;0m[38;2;242;240;236m
         164  [48;2;0;0;0m[38;2;242;240;236m        [48;2;0;0;0m[38;2;242;240;236m{[48;2;0;0;0m[38;2;242;240;236m
         165  [48;2;0;0;0m[38;2;242;240;236m            [48;2;0;0;0m[38;2;204;153;204mvar[48;2;0;0;0m[38;2;242;240;236m [48;2;0;0;0m[38;2;242;119;122mtile[48;2;0;0;0m[38;2;242;240;236m [48;2;0;0;0m[38;2;211;208;200m=[48;2;0;0;0m[38;2;242;240;236m [48;2;0;0;0m[38;2;102;153;204mGetTile[48;2;0;0;0m[38;2;242;240;236m([48;2;0;0;0m[38;2;242;119;122mlocationId[48;2;0;0;0m[38;2;242;240;236m)[48;2;0;0;0m[38;2;242;240;236m;[48;2;0;0;0m[38;2;242;240;236m
         166  [48;2;0;0;0m[38;2;242;240;236m            [48;2;0;0;0m[38;2;204;153;204mvar[48;2;0;0;0m[38;2;242;240;236m [48;2;0;0;0m[38;2;242;119;122mview[48;2;0;0;0m[38;2;242;240;236m [48;2;0;0;0m[38;2;211;208;200m=[48;2;0;0;0m[38;2;242;240;236m [48;2;0;0;0m[38;2;211;208;200mnew[48;2;0;0;0m[38;2;242;240;236m [48;2;0;0;0m[38;2;242;240;236mMapTilePlayerView[48;2;0;0;0m[38;2;242;240;236m
         167  [48;2;0;0;0m[38;2;242;240;236m            [48;2;0;0;0m[38;2;242;240;236m{[48;2;0;0;0m[38;2;242;240;236m
         168  [48;2;0;0;0m[38;2;242;240;236m                [48;2;0;0;0m[38;2;242;119;122mLocationId[48;2;0;0;0m[38;2;242;240;236m [48;2;0;0;0m[38;2;211;208;200m=[48;2;0;0;0m[38;2;242;240;236m [48;2;0;0;0m[38;2;242;119;122mlocationId[48;2;0;0;0m[38;2;242;240;236m,[48;2;0;0;0m[38;2;242;240;236m
              [hid 82 additional lines]


Assets/_Game/Environment/SeasonProfile.cs
    Function with many returns (count = 8): GetWeight

         115  [48;2;0;0;0m[38;2;242;240;236m        [48;2;0;0;0m[38;2;204;153;204mpublic[48;2;0;0;0m[38;2;242;240;236m [48;2;0;0;0m[38;2;204;153;204mfloat[48;2;0;0;0m[38;2;242;240;236m [48;2;0;0;0m[38;2;102;153;204mGetWeight[48;2;0;0;0m[38;2;242;240;236m([48;2;0;0;0m[38;2;242;240;236mWeatherKind[48;2;0;0;0m[38;2;242;240;236m [48;2;0;0;0m[38;2;242;119;122mkind[48;2;0;0;0m[38;2;242;240;236m)[48;2;0;0;0m[38;2;242;240;236m
         116  [48;2;0;0;0m[38;2;242;240;236m        [48;2;0;0;0m[38;2;242;240;236m{[48;2;0;0;0m[38;2;242;240;236m
         117  [48;2;0;0;0m[38;2;242;240;236m            [48;2;0;0;0m[38;2;204;153;204mswitch[48;2;0;0;0m[38;2;242;240;236m [48;2;0;0;0m[38;2;242;240;236m([48;2;0;0;0m[38;2;242;119;122mkind[48;2;0;0;0m[38;2;242;240;236m)[48;2;0;0;0m[38;2;242;240;236m
         118  [48;2;0;0;0m[38;2;242;240;236m            [48;2;0;0;0m[38;2;242;240;236m{[48;2;0;0;0m[38;2;242;240;236m
         119  [48;2;0;0;0m[38;2;242;240;236m                [48;2;0;0;0m[38;2;204;153;204mcase[48;2;0;0;0m[38;2;242;240;236m [48;2;0;0;0m[38;2;242;119;122mWeatherKind[48;2;0;0;0m[38;2;242;240;236m.[48;2;0;0;0m[38;2;249;145;87mClear[48;2;0;0;0m[38;2;242;240;236m:[48;2;0;0;0m[38;2;242;240;236m [48;2;0;0;0m[38;2;204;153;204mreturn[48;2;0;0;0m[38;2;242;240;236m [48;2;0;0;0m[38;2;242;119;122mclearWeight[48;2;0;0;0m[38;2;242;240;236m;[48;2;0;0;0m[38;2;242;240;236m
         120  [48;2;0;0;0m[38;2;242;240;236m                [48;2;0;0;0m[38;2;204;153;204mcase[48;2;0;0;0m[38;2;242;240;236m [48;2;0;0;0m[38;2;242;119;122mWeatherKind[48;2;0;0;0m[38;2;242;240;236m.[48;2;0;0;0m[38;2;249;145;87mRain[48;2;0;0;0m[38;2;242;240;236m:[48;2;0;0;0m[38;2;242;240;236m [48;2;0;0;0m[38;2;204;153;204mreturn[48;2;0;0;0m[38;2;242;240;236m [48;2;0;0;0m[38;2;242;119;122mrainWeight[48;2;0;0;0m[38;2;242;240;236m;[48;2;0;0;0m[38;2;242;240;236m
              [hid 8 additional lines]


Assets/_Game/Environment/WeatherSystem.cs
    Function with many returns (count = 8): RollNextState

         256  [48;2;0;0;0m[38;2;242;240;236m        [48;2;0;0;0m[38;2;204;153;204mprivate[48;2;0;0;0m[38;2;242;240;236m [48;2;0;0;0m[38;2;242;240;236mWeatherKind[48;2;0;0;0m[38;2;242;240;236m [48;2;0;0;0m[38;2;102;153;204mRollNextState[48;2;0;0;0m[38;2;242;240;236m([48;2;0;0;0m[38;2;242;240;236m)[48;2;0;0;0m[38;2;242;240;236m
         257  [48;2;0;0;0m[38;2;242;240;236m        [48;2;0;0;0m[38;2;242;240;236m{[48;2;0;0;0m[38;2;242;240;236m
         258  [48;2;0;0;0m[38;2;242;240;236m            [48;2;0;0;0m[38;2;204;153;204mvar[48;2;0;0;0m[38;2;242;240;236m [48;2;0;0;0m[38;2;242;119;122mseason[48;2;0;0;0m[38;2;242;240;236m [48;2;0;0;0m[38;2;211;208;200m=[48;2;0;0;0m[38;2;242;240;236m [48;2;0;0;0m[38;2;242;119;122m_profile[48;2;0;0;0m[38;2;242;240;236m.[48;2;0;0;0m[38;2;102;153;204mGetSeasonForDay[48;2;0;0;0m[38;2;242;240;236m([48;2;0;0;0m[38;2;242;119;122mMathf[48;2;0;0;0m[38;2;242;240;236m.[48;2;0;0;0m[38;2;102;153;204mFloorToInt[48;2;0;0;0m[38;2;242;240;236m([48;2;0;0;0m[38;2;242;119;122m_totalElapsedHours[48;2;0;0;0m[38;2;242;240;236m [48;2;0;0;0m[38;2;211;208;200m/[48;2;0;0;0m[38;2;242;240;236m [48;2;0;0;0m[38;2;249;145;87m24[48;2;0;0;0m[38;2;204;153;204mf[48;2;0;0;0m[38;2;242;240;236m)[48;2;0;0;0m[38;2;242;240;236m)[48;2;0;0;0m[38;2;242;240;236m;[48;2;0;0;0m[38;2;242;240;236m
         259  [48;2;0;0;0m[38;2;242;240;236m            [48;2;0;0;0m[38;2;204;153;204mvar[48;2;0;0;0m[38;2;242;240;236m [48;2;0;0;0m[38;2;242;119;122mrng[48;2;0;0;0m[38;2;242;240;236m [48;2;0;0;0m[38;2;211;208;200m=[48;2;0;0;0m[38;2;242;240;236m [48;2;0;0;0m[38;2;211;208;200mnew[48;2;0;0;0m[38;2;242;240;236m [48;2;0;0;0m[38;2;242;240;236mRandom[48;2;0;0;0m[38;2;242;240;236m([48;2;0;0;0m[38;2;204;153;204munchecked[48;2;0;0;0m[38;2;242;240;236m([48;2;0;0;0m[38;2;242;119;122m_seed[48;2;0;0;0m[38;2;242;240;236m [48;2;0;0;0m[38;2;211;208;200m*[48;2;0;0;0m[38;2;242;240;236m [48;2;0;0;0m[38;2;249;145;87m397[48;2;0;0;0m[38;2;242;240;236m [48;2;0;0;0m[38;2;211;208;200m+[48;2;0;0;0m[38;2;242;240;236m [48;2;0;0;0m[38;2;242;119;122m_rollCount[48;2;0;0;0m[38;2;242;240;236m)[48;2;0;0;0m[38;2;242;240;236m)[48;2;0;0;0m[38;2;242;240;236m;[48;2;0;0;0m[38;2;242;240;236m
         260  [48;2;0;0;0m[38;2;242;240;236m            [48;2;0;0;0m[38;2;242;119;122m_rollCount[48;2;0;0;0m[38;2;211;208;200m+[48;2;0;0;0m[38;2;211;208;200m+[48;2;0;0;0m[38;2;242;240;236m;[48;2;0;0;0m[38;2;242;240;236m
         261  [48;2;0;0;0m[38;2;242;240;236m
              [hid 45 additional lines]


Assets/_Game/Events/GameEvent.cs
    Function with many returns (count = 6): PassesBeliefCheck

         150  [48;2;0;0;0m[38;2;242;240;236m        [48;2;0;0;0m[38;2;204;153;204mpublic[48;2;0;0;0m[38;2;242;240;236m [48;2;0;0;0m[38;2;204;153;204mbool[48;2;0;0;0m[38;2;242;240;236m [48;2;0;0;0m[38;2;102;153;204mPassesBeliefCheck[48;2;0;0;0m[38;2;242;240;236m([48;2;0;0;0m[38;2;242;240;236mSurvivor[48;2;0;0;0m[38;2;242;240;236m [48;2;0;0;0m[38;2;242;119;122msurvivor[48;2;0;0;0m[38;2;242;240;236m)[48;2;0;0;0m[38;2;242;240;236m
         151  [48;2;0;0;0m[38;2;242;240;236m        [48;2;0;0;0m[38;2;242;240;236m{[48;2;0;0;0m[38;2;242;240;236m
         152  [48;2;0;0;0m[38;2;242;240;236m            [48;2;0;0;0m[38;2;204;153;204mif[48;2;0;0;0m[38;2;242;240;236m [48;2;0;0;0m[38;2;242;240;236m([48;2;0;0;0m[38;2;242;119;122mBeliefCheck[48;2;0;0;0m[38;2;242;240;236m [48;2;0;0;0m[38;2;211;208;200m==[48;2;0;0;0m[38;2;242;240;236m [48;2;0;0;0m[38;2;249;145;87mnull[48;2;0;0;0m[38;2;242;240;236m)[48;2;0;0;0m[38;2;242;240;236m [48;2;0;0;0m[38;2;204;153;204mreturn[48;2;0;0;0m[38;2;242;240;236m [48;2;0;0;0m[38;2;249;145;87mtrue[48;2;0;0;0m[38;2;242;240;236m;[48;2;0;0;0m[38;2;242;240;236m
         153  [48;2;0;0;0m[38;2;242;240;236m            [48;2;0;0;0m[38;2;204;153;204mif[48;2;0;0;0m[38;2;242;240;236m [48;2;0;0;0m[38;2;242;240;236m([48;2;0;0;0m[38;2;242;119;122msurvivor[48;2;0;0;0m[38;2;242;240;236m [48;2;0;0;0m[38;2;211;208;200m==[48;2;0;0;0m[38;2;242;240;236m [48;2;0;0;0m[38;2;249;145;87mnull[48;2;0;0;0m[38;2;242;240;236m)[48;2;0;0;0m[38;2;242;240;236m [48;2;0;0;0m[38;2;204;153;204mreturn[48;2;0;0;0m[38;2;242;240;236m [48;2;0;0;0m[38;2;249;145;87mfalse[48;2;0;0;0m[38;2;242;240;236m;[48;2;0;0;0m[38;2;242;240;236m
         154  [48;2;0;0;0m[38;2;242;240;236m
         155  [48;2;0;0;0m[38;2;242;240;236m            [48;2;0;0;0m[38;2;204;153;204mif[48;2;0;0;0m[38;2;242;240;236m [48;2;0;0;0m[38;2;242;240;236m([48;2;0;0;0m[38;2;242;119;122mBeliefCheck[48;2;0;0;0m[38;2;242;240;236m.[48;2;0;0;0m[38;2;242;119;122mRequiredTraits[48;2;0;0;0m[38;2;242;240;236m [48;2;0;0;0m[38;2;211;208;200m!=[48;2;0;0;0m[38;2;242;240;236m [48;2;0;0;0m[38;2;249;145;87mnull[48;2;0;0;0m[38;2;242;240;236m [48;2;0;0;0m[38;2;211;208;200m&&[48;2;0;0;0m[38;2;242;240;236m [48;2;0;0;0m[38;2;242;119;122mBeliefCheck[48;2;0;0;0m[38;2;242;240;236m.[48;2;0;0;0m[38;2;242;119;122mRequiredTraits[48;2;0;0;0m[38;2;242;240;236m.[48;2;0;0;0m[38;2;242;119;122mCount[48;2;0;0;0m[38;2;242;240;236m [48;2;0;0;0m[38;2;211;208;200m>[48;2;0;0;0m[38;2;242;240;236m [48;2;0;0;0m[38;2;249;145;87m0[48;2;0;0;0m[38;2;242;240;236m
              [hid 14 additional lines]

    Function with many returns (count = 9): PassesTraitAndTrustGates

         172  [48;2;0;0;0m[38;2;242;240;236m        [48;2;0;0;0m[38;2;204;153;204mpublic[48;2;0;0;0m[38;2;242;240;236m [48;2;0;0;0m[38;2;204;153;204mbool[48;2;0;0;0m[38;2;242;240;236m [48;2;0;0;0m[38;2;102;153;204mPassesTraitAndTrustGates[48;2;0;0;0m[38;2;242;240;236m([48;2;0;0;0m[38;2;242;240;236mEventContext[48;2;0;0;0m[38;2;242;240;236m [48;2;0;0;0m[38;2;242;119;122mcontext[48;2;0;0;0m[38;2;242;240;236m)[48;2;0;0;0m[38;2;242;240;236m
         173  [48;2;0;0;0m[38;2;242;240;236m        [48;2;0;0;0m[38;2;242;240;236m{[48;2;0;0;0m[38;2;242;240;236m
         174  [48;2;0;0;0m[38;2;242;240;236m            [48;2;0;0;0m[38;2;204;153;204mif[48;2;0;0;0m[38;2;242;240;236m [48;2;0;0;0m[38;2;242;240;236m([48;2;0;0;0m[38;2;211;208;200m![48;2;0;0;0m[38;2;204;153;204mstring[48;2;0;0;0m[38;2;242;240;236m.[48;2;0;0;0m[38;2;102;153;204mIsNullOrEmpty[48;2;0;0;0m[38;2;242;240;236m([48;2;0;0;0m[38;2;242;119;122mRequiredTrait[48;2;0;0;0m[38;2;242;240;236m)[48;2;0;0;0m[38;2;242;240;236m)[48;2;0;0;0m[38;2;242;240;236m
         175  [48;2;0;0;0m[38;2;242;240;236m            [48;2;0;0;0m[38;2;242;240;236m{[48;2;0;0;0m[38;2;242;240;236m
         176  [48;2;0;0;0m[38;2;242;240;236m                [48;2;0;0;0m[38;2;204;153;204mif[48;2;0;0;0m[38;2;242;240;236m [48;2;0;0;0m[38;2;242;240;236m([48;2;0;0;0m[38;2;242;119;122mcontext[48;2;0;0;0m[38;2;242;240;236m [48;2;0;0;0m[38;2;211;208;200m==[48;2;0;0;0m[38;2;242;240;236m [48;2;0;0;0m[38;2;249;145;87mnull[48;2;0;0;0m[38;2;242;240;236m [48;2;0;0;0m[38;2;211;208;200m||[48;2;0;0;0m[38;2;242;240;236m [48;2;0;0;0m[38;2;211;208;200m![48;2;0;0;0m[38;2;242;119;122mcontext[48;2;0;0;0m[38;2;242;240;236m.[48;2;0;0;0m[38;2;102;153;204mHasTraitInBunker[48;2;0;0;0m[38;2;242;240;236m([48;2;0;0;0m[38;2;242;119;122mRequiredTrait[48;2;0;0;0m[38;2;242;240;236m)[48;2;0;0;0m[38;2;242;240;236m)[48;2;0;0;0m[38;2;242;240;236m
         177  [48;2;0;0;0m[38;2;242;240;236m                    [48;2;0;0;0m[38;2;204;153;204mreturn[48;2;0;0;0m[38;2;242;240;236m [48;2;0;0;0m[38;2;249;145;87mfalse[48;2;0;0;0m[38;2;242;240;236m;[48;2;0;0;0m[38;2;242;240;236m
              [hid 38 additional lines]

    Function with many returns (count = 16): CanTrigger

         298  [48;2;0;0;0m[38;2;242;240;236m        [48;2;0;0;0m[38;2;204;153;204mpublic[48;2;0;0;0m[38;2;242;240;236m [48;2;0;0;0m[38;2;204;153;204mvirtual[48;2;0;0;0m[38;2;242;240;236m [48;2;0;0;0m[38;2;204;153;204mbool[48;2;0;0;0m[38;2;242;240;236m [48;2;0;0;0m[38;2;102;153;204mCanTrigger[48;2;0;0;0m[38;2;242;240;236m([48;2;0;0;0m[38;2;242;240;236mEventContext[48;2;0;0;0m[38;2;242;240;236m [48;2;0;0;0m[38;2;242;119;122mcontext[48;2;0;0;0m[38;2;242;240;236m)[48;2;0;0;0m[38;2;242;240;236m
         299  [48;2;0;0;0m[38;2;242;240;236m        [48;2;0;0;0m[38;2;242;240;236m{[48;2;0;0;0m[38;2;242;240;236m
         300  [48;2;0;0;0m[38;2;242;240;236m            [48;2;0;0;0m[38;2;204;153;204mif[48;2;0;0;0m[38;2;242;240;236m [48;2;0;0;0m[38;2;242;240;236m([48;2;0;0;0m[38;2;242;119;122mcontext[48;2;0;0;0m[38;2;242;240;236m [48;2;0;0;0m[38;2;211;208;200m==[48;2;0;0;0m[38;2;242;240;236m [48;2;0;0;0m[38;2;249;145;87mnull[48;2;0;0;0m[38;2;242;240;236m)[48;2;0;0;0m[38;2;242;240;236m [48;2;0;0;0m[38;2;204;153;204mreturn[48;2;0;0;0m[38;2;242;240;236m [48;2;0;0;0m[38;2;249;145;87mfalse[48;2;0;0;0m[38;2;242;240;236m;[48;2;0;0;0m[38;2;242;240;236m
         301  [48;2;0;0;0m[38;2;242;240;236m            [48;2;0;0;0m[38;2;204;153;204mif[48;2;0;0;0m[38;2;242;240;236m [48;2;0;0;0m[38;2;242;240;236m([48;2;0;0;0m[38;2;242;119;122mconditions[48;2;0;0;0m[38;2;242;240;236m [48;2;0;0;0m[38;2;211;208;200m==[48;2;0;0;0m[38;2;242;240;236m [48;2;0;0;0m[38;2;249;145;87mnull[48;2;0;0;0m[38;2;242;240;236m)[48;2;0;0;0m[38;2;242;240;236m [48;2;0;0;0m[38;2;204;153;204mreturn[48;2;0;0;0m[38;2;242;240;236m [48;2;0;0;0m[38;2;249;145;87mtrue[48;2;0;0;0m[38;2;242;240;236m;[48;2;0;0;0m[38;2;242;240;236m
         302  [48;2;0;0;0m[38;2;242;240;236m
         303  [48;2;0;0;0m[38;2;242;240;236m            [48;2;0;0;0m[38;2;204;153;204mif[48;2;0;0;0m[38;2;242;240;236m [48;2;0;0;0m[38;2;242;240;236m([48;2;0;0;0m[38;2;242;119;122mcontext[48;2;0;0;0m[38;2;242;240;236m.[48;2;0;0;0m[38;2;242;119;122mCurrentDay[48;2;0;0;0m[38;2;242;240;236m [48;2;0;0;0m[38;2;211;208;200m<[48;2;0;0;0m[38;2;242;240;236m [48;2;0;0;0m[38;2;242;119;122mconditions[48;2;0;0;0m[38;2;242;240;236m.[48;2;0;0;0m[38;2;242;119;122mMinDay[48;2;0;0;0m[38;2;242;240;236m)[48;2;0;0;0m[38;2;242;240;236m [48;2;0;0;0m[38;2;204;153;204mreturn[48;2;0;0;0m[38;2;242;240;236m [48;2;0;0;0m[38;2;249;145;87mfalse[48;2;0;0;0m[38;2;242;240;236m;[48;2;0;0;0m[38;2;242;240;236m
              [hid 36 additional lines]

    High total complexity (count = 77)

           1  [48;2;0;0;0m[38;2;204;153;204musing[48;2;0;0;0m[38;2;211;208;200m [48;2;0;0;0m[38;2;211;208;200mSystem[48;2;0;0;0m[38;2;211;208;200m;[48;2;0;0;0m[38;2;211;208;200m
           2  [48;2;0;0;0m[38;2;204;153;204musing[48;2;0;0;0m[38;2;211;208;200m [48;2;0;0;0m[38;2;211;208;200mSystem[48;2;0;0;0m[38;2;211;208;200m.[48;2;0;0;0m[38;2;211;208;200mCollections[48;2;0;0;0m[38;2;211;208;200m.[48;2;0;0;0m[38;2;211;208;200mGeneric[48;2;0;0;0m[38;2;211;208;200m;[48;2;0;0;0m[38;2;211;208;200m
           3  [48;2;0;0;0m[38;2;204;153;204musing[48;2;0;0;0m[38;2;211;208;200m [48;2;0;0;0m[38;2;211;208;200mUnityEngine[48;2;0;0;0m[38;2;211;208;200m;[48;2;0;0;0m[38;2;211;208;200m
           4  [48;2;0;0;0m[38;2;204;153;204musing[48;2;0;0;0m[38;2;211;208;200m [48;2;0;0;0m[38;2;211;208;200mAtomicWar[48;2;0;0;0m[38;2;211;208;200m.[48;2;0;0;0m[38;2;211;208;200m_Game[48;2;0;0;0m[38;2;211;208;200m.[48;2;0;0;0m[38;2;211;208;200mSurvivors[48;2;0;0;0m[38;2;211;208;200m;[48;2;0;0;0m[38;2;211;208;200m
           5  [48;2;0;0;0m[38;2;211;208;200m
           6  [48;2;0;0;0m[38;2;204;153;204mnamespace[48;2;0;0;0m[38;2;211;208;200m [48;2;0;0;0m[38;2;211;208;200mAtomicWar[48;2;0;0;0m[38;2;211;208;200m.[48;2;0;0;0m[38;2;211;208;200m_Game[48;2;0;0;0m[38;2;211;208;200m.[48;2;0;0;0m[38;2;211;208;200mEvents[48;2;0;0;0m[38;2;211;208;200m
              [hid 365 additional lines]

    Function with high complexity (count = 30): PassesTraitAndTrustGates

         172  [48;2;0;0;0m[38;2;242;240;236m        [48;2;0;0;0m[38;2;204;153;204mpublic[48;2;0;0;0m[38;2;242;240;236m [48;2;0;0;0m[38;2;204;153;204mbool[48;2;0;0;0m[38;2;242;240;236m [48;2;0;0;0m[38;2;102;153;204mPassesTraitAndTrustGates[48;2;0;0;0m[38;2;242;240;236m([48;2;0;0;0m[38;2;242;240;236mEventContext[48;2;0;0;0m[38;2;242;240;236m [48;2;0;0;0m[38;2;242;119;122mcontext[48;2;0;0;0m[38;2;242;240;236m)[48;2;0;0;0m[38;2;242;240;236m
         173  [48;2;0;0;0m[38;2;242;240;236m        [48;2;0;0;0m[38;2;242;240;236m{[48;2;0;0;0m[38;2;242;240;236m
         174  [48;2;0;0;0m[38;2;242;240;236m            [48;2;0;0;0m[38;2;204;153;204mif[48;2;0;0;0m[38;2;242;240;236m [48;2;0;0;0m[38;2;242;240;236m([48;2;0;0;0m[38;2;211;208;200m![48;2;0;0;0m[38;2;204;153;204mstring[48;2;0;0;0m[38;2;242;240;236m.[48;2;0;0;0m[38;2;102;153;204mIsNullOrEmpty[48;2;0;0;0m[38;2;242;240;236m([48;2;0;0;0m[38;2;242;119;122mRequiredTrait[48;2;0;0;0m[38;2;242;240;236m)[48;2;0;0;0m[38;2;242;240;236m)[48;2;0;0;0m[38;2;242;240;236m
         175  [48;2;0;0;0m[38;2;242;240;236m            [48;2;0;0;0m[38;2;242;240;236m{[48;2;0;0;0m[38;2;242;240;236m
         176  [48;2;0;0;0m[38;2;242;240;236m                [48;2;0;0;0m[38;2;204;153;204mif[48;2;0;0;0m[38;2;242;240;236m [48;2;0;0;0m[38;2;242;240;236m([48;2;0;0;0m[38;2;242;119;122mcontext[48;2;0;0;0m[38;2;242;240;236m [48;2;0;0;0m[38;2;211;208;200m==[48;2;0;0;0m[38;2;242;240;236m [48;2;0;0;0m[38;2;249;145;87mnull[48;2;0;0;0m[38;2;242;240;236m [48;2;0;0;0m[38;2;211;208;200m||[48;2;0;0;0m[38;2;242;240;236m [48;2;0;0;0m[38;2;211;208;200m![48;2;0;0;0m[38;2;242;119;122mcontext[48;2;0;0;0m[38;2;242;240;236m.[48;2;0;0;0m[38;2;102;153;204mHasTraitInBunker[48;2;0;0;0m[38;2;242;240;236m([48;2;0;0;0m[38;2;242;119;122mRequiredTrait[48;2;0;0;0m[38;2;242;240;236m)[48;2;0;0;0m[38;2;242;240;236m)[48;2;0;0;0m[38;2;242;240;236m
         177  [48;2;0;0;0m[38;2;242;240;236m                    [48;2;0;0;0m[38;2;204;153;204mreturn[48;2;0;0;0m[38;2;242;240;236m [48;2;0;0;0m[38;2;249;145;87mfalse[48;2;0;0;0m[38;2;242;240;236m;[48;2;0;0;0m[38;2;242;240;236m
              [hid 38 additional lines]

    Function with high complexity (count = 33): CanTrigger

         298  [48;2;0;0;0m[38;2;242;240;236m        [48;2;0;0;0m[38;2;204;153;204mpublic[48;2;0;0;0m[38;2;242;240;236m [48;2;0;0;0m[38;2;204;153;204mvirtual[48;2;0;0;0m[38;2;242;240;236m [48;2;0;0;0m[38;2;204;153;204mbool[48;2;0;0;0m[38;2;242;240;236m [48;2;0;0;0m[38;2;102;153;204mCanTrigger[48;2;0;0;0m[38;2;242;240;236m([48;2;0;0;0m[38;2;242;240;236mEventContext[48;2;0;0;0m[38;2;242;240;236m [48;2;0;0;0m[38;2;242;119;122mcontext[48;2;0;0;0m[38;2;242;240;236m)[48;2;0;0;0m[38;2;242;240;236m
         299  [48;2;0;0;0m[38;2;242;240;236m        [48;2;0;0;0m[38;2;242;240;236m{[48;2;0;0;0m[38;2;242;240;236m
         300  [48;2;0;0;0m[38;2;242;240;236m            [48;2;0;0;0m[38;2;204;153;204mif[48;2;0;0;0m[38;2;242;240;236m [48;2;0;0;0m[38;2;242;240;236m([48;2;0;0;0m[38;2;242;119;122mcontext[48;2;0;0;0m[38;2;242;240;236m [48;2;0;0;0m[38;2;211;208;200m==[48;2;0;0;0m[38;2;242;240;236m [48;2;0;0;0m[38;2;249;145;87mnull[48;2;0;0;0m[38;2;242;240;236m)[48;2;0;0;0m[38;2;242;240;236m [48;2;0;0;0m[38;2;204;153;204mreturn[48;2;0;0;0m[38;2;242;240;236m [48;2;0;0;0m[38;2;249;145;87mfalse[48;2;0;0;0m[38;2;242;240;236m;[48;2;0;0;0m[38;2;242;240;236m
         301  [48;2;0;0;0m[38;2;242;240;236m            [48;2;0;0;0m[38;2;204;153;204mif[48;2;0;0;0m[38;2;242;240;236m [48;2;0;0;0m[38;2;242;240;236m([48;2;0;0;0m[38;2;242;119;122mconditions[48;2;0;0;0m[38;2;242;240;236m [48;2;0;0;0m[38;2;211;208;200m==[48;2;0;0;0m[38;2;242;240;236m [48;2;0;0;0m[38;2;249;145;87mnull[48;2;0;0;0m[38;2;242;240;236m)[48;2;0;0;0m[38;2;242;240;236m [48;2;0;0;0m[38;2;204;153;204mreturn[48;2;0;0;0m[38;2;242;240;236m [48;2;0;0;0m[38;2;249;145;87mtrue[48;2;0;0;0m[38;2;242;240;236m;[48;2;0;0;0m[38;2;242;240;236m
         302  [48;2;0;0;0m[38;2;242;240;236m
         303  [48;2;0;0;0m[38;2;242;240;236m            [48;2;0;0;0m[38;2;204;153;204mif[48;2;0;0;0m[38;2;242;240;236m [48;2;0;0;0m[38;2;242;240;236m([48;2;0;0;0m[38;2;242;119;122mcontext[48;2;0;0;0m[38;2;242;240;236m.[48;2;0;0;0m[38;2;242;119;122mCurrentDay[48;2;0;0;0m[38;2;242;240;236m [48;2;0;0;0m[38;2;211;208;200m<[48;2;0;0;0m[38;2;242;240;236m [48;2;0;0;0m[38;2;242;119;122mconditions[48;2;0;0;0m[38;2;242;240;236m.[48;2;0;0;0m[38;2;242;119;122mMinDay[48;2;0;0;0m[38;2;242;240;236m)[48;2;0;0;0m[38;2;242;240;236m [48;2;0;0;0m[38;2;204;153;204mreturn[48;2;0;0;0m[38;2;242;240;236m [48;2;0;0;0m[38;2;249;145;87mfalse[48;2;0;0;0m[38;2;242;240;236m;[48;2;0;0;0m[38;2;242;240;236m
              [hid 36 additional lines]


Assets/_Game/Events/JournalVoice.cs
    Function with many returns (count = 6): ComposeBody

          14  [48;2;0;0;0m[38;2;242;240;236m        [48;2;0;0;0m[38;2;204;153;204mpublic[48;2;0;0;0m[38;2;242;240;236m [48;2;0;0;0m[38;2;204;153;204mstatic[48;2;0;0;0m[38;2;242;240;236m [48;2;0;0;0m[38;2;204;153;204mstring[48;2;0;0;0m[38;2;242;240;236m [48;2;0;0;0m[38;2;102;153;204mComposeBody[48;2;0;0;0m[38;2;242;240;236m([48;2;0;0;0m[38;2;204;153;204mstring[48;2;0;0;0m[38;2;242;240;236m [48;2;0;0;0m[38;2;242;119;122mknowledgeKey[48;2;0;0;0m[38;2;242;240;236m,[48;2;0;0;0m[38;2;242;240;236m [48;2;0;0;0m[38;2;242;240;236mRiskBiasTrait[48;2;0;0;0m[38;2;242;240;236m [48;2;0;0;0m[38;2;242;119;122mbias[48;2;0;0;0m[38;2;242;240;236m)[48;2;0;0;0m[38;2;242;240;236m
          15  [48;2;0;0;0m[38;2;242;240;236m        [48;2;0;0;0m[38;2;242;240;236m{[48;2;0;0;0m[38;2;242;240;236m
          16  [48;2;0;0;0m[38;2;242;240;236m            [48;2;0;0;0m[38;2;204;153;204mswitch[48;2;0;0;0m[38;2;242;240;236m [48;2;0;0;0m[38;2;242;240;236m([48;2;0;0;0m[38;2;242;119;122mknowledgeKey[48;2;0;0;0m[38;2;242;240;236m)[48;2;0;0;0m[38;2;242;240;236m
          17  [48;2;0;0;0m[38;2;242;240;236m            [48;2;0;0;0m[38;2;242;240;236m{[48;2;0;0;0m[38;2;242;240;236m
          18  [48;2;0;0;0m[38;2;242;240;236m                [48;2;0;0;0m[38;2;204;153;204mcase[48;2;0;0;0m[38;2;242;240;236m [48;2;0;0;0m[38;2;242;119;122mKnowledgeKeys[48;2;0;0;0m[38;2;242;240;236m.[48;2;0;0;0m[38;2;249;145;87mHighCo2[48;2;0;0;0m[38;2;242;240;236m:[48;2;0;0;0m[38;2;242;240;236m
          19  [48;2;0;0;0m[38;2;242;240;236m                    [48;2;0;0;0m[38;2;204;153;204mreturn[48;2;0;0;0m[38;2;242;240;236m [48;2;0;0;0m[38;2;102;153;204mHighCo2[48;2;0;0;0m[38;2;242;240;236m([48;2;0;0;0m[38;2;242;119;122mbias[48;2;0;0;0m[38;2;242;240;236m)[48;2;0;0;0m[38;2;242;240;236m;[48;2;0;0;0m[38;2;242;240;236m
              [hid 12 additional lines]

    Function with many returns (count = 7): HighCo2

          57  [48;2;0;0;0m[38;2;242;240;236m        [48;2;0;0;0m[38;2;204;153;204mprivate[48;2;0;0;0m[38;2;242;240;236m [48;2;0;0;0m[38;2;204;153;204mstatic[48;2;0;0;0m[38;2;242;240;236m [48;2;0;0;0m[38;2;204;153;204mstring[48;2;0;0;0m[38;2;242;240;236m [48;2;0;0;0m[38;2;102;153;204mHighCo2[48;2;0;0;0m[38;2;242;240;236m([48;2;0;0;0m[38;2;242;240;236mRiskBiasTrait[48;2;0;0;0m[38;2;242;240;236m [48;2;0;0;0m[38;2;242;119;122mbias[48;2;0;0;0m[38;2;242;240;236m)[48;2;0;0;0m[38;2;242;240;236m
          58  [48;2;0;0;0m[38;2;242;240;236m        [48;2;0;0;0m[38;2;242;240;236m{[48;2;0;0;0m[38;2;242;240;236m
          59  [48;2;0;0;0m[38;2;242;240;236m            [48;2;0;0;0m[38;2;204;153;204mswitch[48;2;0;0;0m[38;2;242;240;236m [48;2;0;0;0m[38;2;242;240;236m([48;2;0;0;0m[38;2;242;119;122mbias[48;2;0;0;0m[38;2;242;240;236m)[48;2;0;0;0m[38;2;242;240;236m
          60  [48;2;0;0;0m[38;2;242;240;236m            [48;2;0;0;0m[38;2;242;240;236m{[48;2;0;0;0m[38;2;242;240;236m
          61  [48;2;0;0;0m[38;2;242;240;236m                [48;2;0;0;0m[38;2;204;153;204mcase[48;2;0;0;0m[38;2;242;240;236m [48;2;0;0;0m[38;2;242;119;122mRiskBiasTrait[48;2;0;0;0m[38;2;242;240;236m.[48;2;0;0;0m[38;2;249;145;87mParanoid[48;2;0;0;0m[38;2;242;240;236m:[48;2;0;0;0m[38;2;242;240;236m
          62  [48;2;0;0;0m[38;2;242;240;236m                    [48;2;0;0;0m[38;2;204;153;204mreturn[48;2;0;0;0m[38;2;242;240;236m [48;2;0;0;0m[38;2;211;208;200m"[48;2;0;0;0m[38;2;153;204;153mThe air is poison. Thick. My skull is a vice. We crack the vents or we choke — ash or no ash.[48;2;0;0;0m[38;2;211;208;200m"[48;2;0;0;0m[38;2;242;240;236m;[48;2;0;0;0m[38;2;242;240;236m
              [hid 14 additional lines]

    Function with many returns (count = 7): SeenRadiation

          78  [48;2;0;0;0m[38;2;242;240;236m        [48;2;0;0;0m[38;2;204;153;204mprivate[48;2;0;0;0m[38;2;242;240;236m [48;2;0;0;0m[38;2;204;153;204mstatic[48;2;0;0;0m[38;2;242;240;236m [48;2;0;0;0m[38;2;204;153;204mstring[48;2;0;0;0m[38;2;242;240;236m [48;2;0;0;0m[38;2;102;153;204mSeenRadiation[48;2;0;0;0m[38;2;242;240;236m([48;2;0;0;0m[38;2;242;240;236mRiskBiasTrait[48;2;0;0;0m[38;2;242;240;236m [48;2;0;0;0m[38;2;242;119;122mbias[48;2;0;0;0m[38;2;242;240;236m)[48;2;0;0;0m[38;2;242;240;236m
          79  [48;2;0;0;0m[38;2;242;240;236m        [48;2;0;0;0m[38;2;242;240;236m{[48;2;0;0;0m[38;2;242;240;236m
          80  [48;2;0;0;0m[38;2;242;240;236m            [48;2;0;0;0m[38;2;204;153;204mswitch[48;2;0;0;0m[38;2;242;240;236m [48;2;0;0;0m[38;2;242;240;236m([48;2;0;0;0m[38;2;242;119;122mbias[48;2;0;0;0m[38;2;242;240;236m)[48;2;0;0;0m[38;2;242;240;236m
          81  [48;2;0;0;0m[38;2;242;240;236m            [48;2;0;0;0m[38;2;242;240;236m{[48;2;0;0;0m[38;2;242;240;236m
          82  [48;2;0;0;0m[38;2;242;240;236m                [48;2;0;0;0m[38;2;204;153;204mcase[48;2;0;0;0m[38;2;242;240;236m [48;2;0;0;0m[38;2;242;119;122mRiskBiasTrait[48;2;0;0;0m[38;2;242;240;236m.[48;2;0;0;0m[38;2;249;145;87mParanoid[48;2;0;0;0m[38;2;242;240;236m:[48;2;0;0;0m[38;2;242;240;236m
          83  [48;2;0;0;0m[38;2;242;240;236m                    [48;2;0;0;0m[38;2;204;153;204mreturn[48;2;0;0;0m[38;2;242;240;236m [48;2;0;0;0m[38;2;211;208;200m"[48;2;0;0;0m[38;2;153;204;153mThe dosimeter twitched. Or I imagined it. Either way I will not take my coat off indoors.[48;2;0;0;0m[38;2;211;208;200m"[48;2;0;0;0m[38;2;242;240;236m;[48;2;0;0;0m[38;2;242;240;236m
              [hid 14 additional lines]

    Function with many returns (count = 7): ExperiencedStorm

          99  [48;2;0;0;0m[38;2;242;240;236m        [48;2;0;0;0m[38;2;204;153;204mprivate[48;2;0;0;0m[38;2;242;240;236m [48;2;0;0;0m[38;2;204;153;204mstatic[48;2;0;0;0m[38;2;242;240;236m [48;2;0;0;0m[38;2;204;153;204mstring[48;2;0;0;0m[38;2;242;240;236m [48;2;0;0;0m[38;2;102;153;204mExperiencedStorm[48;2;0;0;0m[38;2;242;240;236m([48;2;0;0;0m[38;2;242;240;236mRiskBiasTrait[48;2;0;0;0m[38;2;242;240;236m [48;2;0;0;0m[38;2;242;119;122mbias[48;2;0;0;0m[38;2;242;240;236m)[48;2;0;0;0m[38;2;242;240;236m
         100  [48;2;0;0;0m[38;2;242;240;236m        [48;2;0;0;0m[38;2;242;240;236m{[48;2;0;0;0m[38;2;242;240;236m
         101  [48;2;0;0;0m[38;2;242;240;236m            [48;2;0;0;0m[38;2;204;153;204mswitch[48;2;0;0;0m[38;2;242;240;236m [48;2;0;0;0m[38;2;242;240;236m([48;2;0;0;0m[38;2;242;119;122mbias[48;2;0;0;0m[38;2;242;240;236m)[48;2;0;0;0m[38;2;242;240;236m
         102  [48;2;0;0;0m[38;2;242;240;236m            [48;2;0;0;0m[38;2;242;240;236m{[48;2;0;0;0m[38;2;242;240;236m
         103  [48;2;0;0;0m[38;2;242;240;236m                [48;2;0;0;0m[38;2;204;153;204mcase[48;2;0;0;0m[38;2;242;240;236m [48;2;0;0;0m[38;2;242;119;122mRiskBiasTrait[48;2;0;0;0m[38;2;242;240;236m.[48;2;0;0;0m[38;2;249;145;87mParanoid[48;2;0;0;0m[38;2;242;240;236m:[48;2;0;0;0m[38;2;242;240;236m
         104  [48;2;0;0;0m[38;2;242;240;236m                    [48;2;0;0;0m[38;2;204;153;204mreturn[48;2;0;0;0m[38;2;242;240;236m [48;2;0;0;0m[38;2;211;208;200m"[48;2;0;0;0m[38;2;153;204;153mThe sky is eating the world. Fallout on the roof. Do not open anything. Not the hatch. Not a crack.[48;2;0;0;0m[38;2;211;208;200m"[48;2;0;0;0m[38;2;242;240;236m;[48;2;0;0;0m[38;2;242;240;236m
              [hid 14 additional lines]

    Function with many returns (count = 7): FilterFailing

         120  [48;2;0;0;0m[38;2;242;240;236m        [48;2;0;0;0m[38;2;204;153;204mprivate[48;2;0;0;0m[38;2;242;240;236m [48;2;0;0;0m[38;2;204;153;204mstatic[48;2;0;0;0m[38;2;242;240;236m [48;2;0;0;0m[38;2;204;153;204mstring[48;2;0;0;0m[38;2;242;240;236m [48;2;0;0;0m[38;2;102;153;204mFilterFailing[48;2;0;0;0m[38;2;242;240;236m([48;2;0;0;0m[38;2;242;240;236mRiskBiasTrait[48;2;0;0;0m[38;2;242;240;236m [48;2;0;0;0m[38;2;242;119;122mbias[48;2;0;0;0m[38;2;242;240;236m)[48;2;0;0;0m[38;2;242;240;236m
         121  [48;2;0;0;0m[38;2;242;240;236m        [48;2;0;0;0m[38;2;242;240;236m{[48;2;0;0;0m[38;2;242;240;236m
         122  [48;2;0;0;0m[38;2;242;240;236m            [48;2;0;0;0m[38;2;204;153;204mswitch[48;2;0;0;0m[38;2;242;240;236m [48;2;0;0;0m[38;2;242;240;236m([48;2;0;0;0m[38;2;242;119;122mbias[48;2;0;0;0m[38;2;242;240;236m)[48;2;0;0;0m[38;2;242;240;236m
         123  [48;2;0;0;0m[38;2;242;240;236m            [48;2;0;0;0m[38;2;242;240;236m{[48;2;0;0;0m[38;2;242;240;236m
         124  [48;2;0;0;0m[38;2;242;240;236m                [48;2;0;0;0m[38;2;204;153;204mcase[48;2;0;0;0m[38;2;242;240;236m [48;2;0;0;0m[38;2;242;119;122mRiskBiasTrait[48;2;0;0;0m[38;2;242;240;236m.[48;2;0;0;0m[38;2;249;145;87mParanoid[48;2;0;0;0m[38;2;242;240;236m:[48;2;0;0;0m[38;2;242;240;236m
         125  [48;2;0;0;0m[38;2;242;240;236m                    [48;2;0;0;0m[38;2;204;153;204mreturn[48;2;0;0;0m[38;2;242;240;236m [48;2;0;0;0m[38;2;211;208;200m"[48;2;0;0;0m[38;2;153;204;153mThe filter is dying. I can taste dust. If it fails we breathe the outside — and the outside wants us dead.[48;2;0;0;0m[38;2;211;208;200m"[48;2;0;0;0m[38;2;242;240;236m;[48;2;0;0;0m[38;2;242;240;236m
              [hid 14 additional lines]

    Function with many returns (count = 7): FreezingShelter

         141  [48;2;0;0;0m[38;2;242;240;236m        [48;2;0;0;0m[38;2;204;153;204mprivate[48;2;0;0;0m[38;2;242;240;236m [48;2;0;0;0m[38;2;204;153;204mstatic[48;2;0;0;0m[38;2;242;240;236m [48;2;0;0;0m[38;2;204;153;204mstring[48;2;0;0;0m[38;2;242;240;236m [48;2;0;0;0m[38;2;102;153;204mFreezingShelter[48;2;0;0;0m[38;2;242;240;236m([48;2;0;0;0m[38;2;242;240;236mRiskBiasTrait[48;2;0;0;0m[38;2;242;240;236m [48;2;0;0;0m[38;2;242;119;122mbias[48;2;0;0;0m[38;2;242;240;236m)[48;2;0;0;0m[38;2;242;240;236m
         142  [48;2;0;0;0m[38;2;242;240;236m        [48;2;0;0;0m[38;2;242;240;236m{[48;2;0;0;0m[38;2;242;240;236m
         143  [48;2;0;0;0m[38;2;242;240;236m            [48;2;0;0;0m[38;2;204;153;204mswitch[48;2;0;0;0m[38;2;242;240;236m [48;2;0;0;0m[38;2;242;240;236m([48;2;0;0;0m[38;2;242;119;122mbias[48;2;0;0;0m[38;2;242;240;236m)[48;2;0;0;0m[38;2;242;240;236m
         144  [48;2;0;0;0m[38;2;242;240;236m            [48;2;0;0;0m[38;2;242;240;236m{[48;2;0;0;0m[38;2;242;240;236m
         145  [48;2;0;0;0m[38;2;242;240;236m                [48;2;0;0;0m[38;2;204;153;204mcase[48;2;0;0;0m[38;2;242;240;236m [48;2;0;0;0m[38;2;242;119;122mRiskBiasTrait[48;2;0;0;0m[38;2;242;240;236m.[48;2;0;0;0m[38;2;249;145;87mParanoid[48;2;0;0;0m[38;2;242;240;236m:[48;2;0;0;0m[38;2;242;240;236m
         146  [48;2;0;0;0m[38;2;242;240;236m                    [48;2;0;0;0m[38;2;204;153;204mreturn[48;2;0;0;0m[38;2;242;240;236m [48;2;0;0;0m[38;2;211;208;200m"[48;2;0;0;0m[38;2;153;204;153mCold is in the walls. Heater dead or starving. We freeze careful or we freeze stupid.[48;2;0;0;0m[38;2;211;208;200m"[48;2;0;0;0m[38;2;242;240;236m;[48;2;0;0;0m[38;2;242;240;236m
              [hid 14 additional lines]

    Found 20 lines of similar code in 5 locations (mass = 65)

          57  [48;2;0;0;0m[38;2;242;240;236m        [48;2;0;0;0m[38;2;204;153;204mprivate[48;2;0;0;0m[38;2;242;240;236m [48;2;0;0;0m[38;2;204;153;204mstatic[48;2;0;0;0m[38;2;242;240;236m [48;2;0;0;0m[38;2;204;153;204mstring[48;2;0;0;0m[38;2;242;240;236m [48;2;0;0;0m[38;2;102;153;204mHighCo2[48;2;0;0;0m[38;2;242;240;236m([48;2;0;0;0m[38;2;242;240;236mRiskBiasTrait[48;2;0;0;0m[38;2;242;240;236m [48;2;0;0;0m[38;2;242;119;122mbias[48;2;0;0;0m[38;2;242;240;236m)[48;2;0;0;0m[38;2;242;240;236m
          58  [48;2;0;0;0m[38;2;242;240;236m        [48;2;0;0;0m[38;2;242;240;236m{[48;2;0;0;0m[38;2;242;240;236m
          59  [48;2;0;0;0m[38;2;242;240;236m            [48;2;0;0;0m[38;2;204;153;204mswitch[48;2;0;0;0m[38;2;242;240;236m [48;2;0;0;0m[38;2;242;240;236m([48;2;0;0;0m[38;2;242;119;122mbias[48;2;0;0;0m[38;2;242;240;236m)[48;2;0;0;0m[38;2;242;240;236m
          60  [48;2;0;0;0m[38;2;242;240;236m            [48;2;0;0;0m[38;2;242;240;236m{[48;2;0;0;0m[38;2;242;240;236m
          61  [48;2;0;0;0m[38;2;242;240;236m                [48;2;0;0;0m[38;2;204;153;204mcase[48;2;0;0;0m[38;2;242;240;236m [48;2;0;0;0m[38;2;242;119;122mRiskBiasTrait[48;2;0;0;0m[38;2;242;240;236m.[48;2;0;0;0m[38;2;249;145;87mParanoid[48;2;0;0;0m[38;2;242;240;236m:[48;2;0;0;0m[38;2;242;240;236m
          62  [48;2;0;0;0m[38;2;242;240;236m                    [48;2;0;0;0m[38;2;204;153;204mreturn[48;2;0;0;0m[38;2;242;240;236m [48;2;0;0;0m[38;2;211;208;200m"[48;2;0;0;0m[38;2;153;204;153mThe air is poison. Thick. My skull is a vice. We crack the vents or we choke — ash or no ash.[48;2;0;0;0m[38;2;211;208;200m"[48;2;0;0;0m[38;2;242;240;236m;[48;2;0;0;0m[38;2;242;240;236m
              [hid 14 additional lines]
        also found at Assets/_Game/Events/JournalVoice.cs
        also found at Assets/_Game/Events/JournalVoice.cs
        also found at Assets/_Game/Events/JournalVoice.cs
        also found at Assets/_Game/Events/JournalVoice.cs

    Found 20 lines of similar code in 5 locations (mass = 65)

          78  [48;2;0;0;0m[38;2;242;240;236m        [48;2;0;0;0m[38;2;204;153;204mprivate[48;2;0;0;0m[38;2;242;240;236m [48;2;0;0;0m[38;2;204;153;204mstatic[48;2;0;0;0m[38;2;242;240;236m [48;2;0;0;0m[38;2;204;153;204mstring[48;2;0;0;0m[38;2;242;240;236m [48;2;0;0;0m[38;2;102;153;204mSeenRadiation[48;2;0;0;0m[38;2;242;240;236m([48;2;0;0;0m[38;2;242;240;236mRiskBiasTrait[48;2;0;0;0m[38;2;242;240;236m [48;2;0;0;0m[38;2;242;119;122mbias[48;2;0;0;0m[38;2;242;240;236m)[48;2;0;0;0m[38;2;242;240;236m
          79  [48;2;0;0;0m[38;2;242;240;236m        [48;2;0;0;0m[38;2;242;240;236m{[48;2;0;0;0m[38;2;242;240;236m
          80  [48;2;0;0;0m[38;2;242;240;236m            [48;2;0;0;0m[38;2;204;153;204mswitch[48;2;0;0;0m[38;2;242;240;236m [48;2;0;0;0m[38;2;242;240;236m([48;2;0;0;0m[38;2;242;119;122mbias[48;2;0;0;0m[38;2;242;240;236m)[48;2;0;0;0m[38;2;242;240;236m
          81  [48;2;0;0;0m[38;2;242;240;236m            [48;2;0;0;0m[38;2;242;240;236m{[48;2;0;0;0m[38;2;242;240;236m
          82  [48;2;0;0;0m[38;2;242;240;236m                [48;2;0;0;0m[38;2;204;153;204mcase[48;2;0;0;0m[38;2;242;240;236m [48;2;0;0;0m[38;2;242;119;122mRiskBiasTrait[48;2;0;0;0m[38;2;242;240;236m.[48;2;0;0;0m[38;2;249;145;87mParanoid[48;2;0;0;0m[38;2;242;240;236m:[48;2;0;0;0m[38;2;242;240;236m
          83  [48;2;0;0;0m[38;2;242;240;236m                    [48;2;0;0;0m[38;2;204;153;204mreturn[48;2;0;0;0m[38;2;242;240;236m [48;2;0;0;0m[38;2;211;208;200m"[48;2;0;0;0m[38;2;153;204;153mThe dosimeter twitched. Or I imagined it. Either way I will not take my coat off indoors.[48;2;0;0;0m[38;2;211;208;200m"[48;2;0;0;0m[38;2;242;240;236m;[48;2;0;0;0m[38;2;242;240;236m
              [hid 14 additional lines]
        also found at Assets/_Game/Events/JournalVoice.cs
        also found at Assets/_Game/Events/JournalVoice.cs
        also found at Assets/_Game/Events/JournalVoice.cs
        also found at Assets/_Game/Events/JournalVoice.cs

    Found 20 lines of similar code in 5 locations (mass = 65)

          99  [48;2;0;0;0m[38;2;242;240;236m        [48;2;0;0;0m[38;2;204;153;204mprivate[48;2;0;0;0m[38;2;242;240;236m [48;2;0;0;0m[38;2;204;153;204mstatic[48;2;0;0;0m[38;2;242;240;236m [48;2;0;0;0m[38;2;204;153;204mstring[48;2;0;0;0m[38;2;242;240;236m [48;2;0;0;0m[38;2;102;153;204mExperiencedStorm[48;2;0;0;0m[38;2;242;240;236m([48;2;0;0;0m[38;2;242;240;236mRiskBiasTrait[48;2;0;0;0m[38;2;242;240;236m [48;2;0;0;0m[38;2;242;119;122mbias[48;2;0;0;0m[38;2;242;240;236m)[48;2;0;0;0m[38;2;242;240;236m
         100  [48;2;0;0;0m[38;2;242;240;236m        [48;2;0;0;0m[38;2;242;240;236m{[48;2;0;0;0m[38;2;242;240;236m
         101  [48;2;0;0;0m[38;2;242;240;236m            [48;2;0;0;0m[38;2;204;153;204mswitch[48;2;0;0;0m[38;2;242;240;236m [48;2;0;0;0m[38;2;242;240;236m([48;2;0;0;0m[38;2;242;119;122mbias[48;2;0;0;0m[38;2;242;240;236m)[48;2;0;0;0m[38;2;242;240;236m
         102  [48;2;0;0;0m[38;2;242;240;236m            [48;2;0;0;0m[38;2;242;240;236m{[48;2;0;0;0m[38;2;242;240;236m
         103  [48;2;0;0;0m[38;2;242;240;236m                [48;2;0;0;0m[38;2;204;153;204mcase[48;2;0;0;0m[38;2;242;240;236m [48;2;0;0;0m[38;2;242;119;122mRiskBiasTrait[48;2;0;0;0m[38;2;242;240;236m.[48;2;0;0;0m[38;2;249;145;87mParanoid[48;2;0;0;0m[38;2;242;240;236m:[48;2;0;0;0m[38;2;242;240;236m
         104  [48;2;0;0;0m[38;2;242;240;236m                    [48;2;0;0;0m[38;2;204;153;204mreturn[48;2;0;0;0m[38;2;242;240;236m [48;2;0;0;0m[38;2;211;208;200m"[48;2;0;0;0m[38;2;153;204;153mThe sky is eating the world. Fallout on the roof. Do not open anything. Not the hatch. Not a crack.[48;2;0;0;0m[38;2;211;208;200m"[48;2;0;0;0m[38;2;242;240;236m;[48;2;0;0;0m[38;2;242;240;236m
              [hid 14 additional lines]
        also found at Assets/_Game/Events/JournalVoice.cs
        also found at Assets/_Game/Events/JournalVoice.cs
        also found at Assets/_Game/Events/JournalVoice.cs
        also found at Assets/_Game/Events/JournalVoice.cs

    Found 20 lines of similar code in 5 locations (mass = 65)

         120  [48;2;0;0;0m[38;2;242;240;236m        [48;2;0;0;0m[38;2;204;153;204mprivate[48;2;0;0;0m[38;2;242;240;236m [48;2;0;0;0m[38;2;204;153;204mstatic[48;2;0;0;0m[38;2;242;240;236m [48;2;0;0;0m[38;2;204;153;204mstring[48;2;0;0;0m[38;2;242;240;236m [48;2;0;0;0m[38;2;102;153;204mFilterFailing[48;2;0;0;0m[38;2;242;240;236m([48;2;0;0;0m[38;2;242;240;236mRiskBiasTrait[48;2;0;0;0m[38;2;242;240;236m [48;2;0;0;0m[38;2;242;119;122mbias[48;2;0;0;0m[38;2;242;240;236m)[48;2;0;0;0m[38;2;242;240;236m
         121  [48;2;0;0;0m[38;2;242;240;236m        [48;2;0;0;0m[38;2;242;240;236m{[48;2;0;0;0m[38;2;242;240;236m
         122  [48;2;0;0;0m[38;2;242;240;236m            [48;2;0;0;0m[38;2;204;153;204mswitch[48;2;0;0;0m[38;2;242;240;236m [48;2;0;0;0m[38;2;242;240;236m([48;2;0;0;0m[38;2;242;119;122mbias[48;2;0;0;0m[38;2;242;240;236m)[48;2;0;0;0m[38;2;242;240;236m
         123  [48;2;0;0;0m[38;2;242;240;236m            [48;2;0;0;0m[38;2;242;240;236m{[48;2;0;0;0m[38;2;242;240;236m
         124  [48;2;0;0;0m[38;2;242;240;236m                [48;2;0;0;0m[38;2;204;153;204mcase[48;2;0;0;0m[38;2;242;240;236m [48;2;0;0;0m[38;2;242;119;122mRiskBiasTrait[48;2;0;0;0m[38;2;242;240;236m.[48;2;0;0;0m[38;2;249;145;87mParanoid[48;2;0;0;0m[38;2;242;240;236m:[48;2;0;0;0m[38;2;242;240;236m
         125  [48;2;0;0;0m[38;2;242;240;236m                    [48;2;0;0;0m[38;2;204;153;204mreturn[48;2;0;0;0m[38;2;242;240;236m [48;2;0;0;0m[38;2;211;208;200m"[48;2;0;0;0m[38;2;153;204;153mThe filter is dying. I can taste dust. If it fails we breathe the outside — and the outside wants us dead.[48;2;0;0;0m[38;2;211;208;200m"[48;2;0;0;0m[38;2;242;240;236m;[48;2;0;0;0m[38;2;242;240;236m
              [hid 14 additional lines]
        also found at Assets/_Game/Events/JournalVoice.cs
        also found at Assets/_Game/Events/JournalVoice.cs
        also found at Assets/_Game/Events/JournalVoice.cs
        also found at Assets/_Game/Events/JournalVoice.cs

    Found 20 lines of similar code in 5 locations (mass = 65)

         141  [48;2;0;0;0m[38;2;242;240;236m        [48;2;0;0;0m[38;2;204;153;204mprivate[48;2;0;0;0m[38;2;242;240;236m [48;2;0;0;0m[38;2;204;153;204mstatic[48;2;0;0;0m[38;2;242;240;236m [48;2;0;0;0m[38;2;204;153;204mstring[48;2;0;0;0m[38;2;242;240;236m [48;2;0;0;0m[38;2;102;153;204mFreezingShelter[48;2;0;0;0m[38;2;242;240;236m([48;2;0;0;0m[38;2;242;240;236mRiskBiasTrait[48;2;0;0;0m[38;2;242;240;236m [48;2;0;0;0m[38;2;242;119;122mbias[48;2;0;0;0m[38;2;242;240;236m)[48;2;0;0;0m[38;2;242;240;236m
         142  [48;2;0;0;0m[38;2;242;240;236m        [48;2;0;0;0m[38;2;242;240;236m{[48;2;0;0;0m[38;2;242;240;236m
         143  [48;2;0;0;0m[38;2;242;240;236m            [48;2;0;0;0m[38;2;204;153;204mswitch[48;2;0;0;0m[38;2;242;240;236m [48;2;0;0;0m[38;2;242;240;236m([48;2;0;0;0m[38;2;242;119;122mbias[48;2;0;0;0m[38;2;242;240;236m)[48;2;0;0;0m[38;2;242;240;236m
         144  [48;2;0;0;0m[38;2;242;240;236m            [48;2;0;0;0m[38;2;242;240;236m{[48;2;0;0;0m[38;2;242;240;236m
         145  [48;2;0;0;0m[38;2;242;240;236m                [48;2;0;0;0m[38;2;204;153;204mcase[48;2;0;0;0m[38;2;242;240;236m [48;2;0;0;0m[38;2;242;119;122mRiskBiasTrait[48;2;0;0;0m[38;2;242;240;236m.[48;2;0;0;0m[38;2;249;145;87mParanoid[48;2;0;0;0m[38;2;242;240;236m:[48;2;0;0;0m[38;2;242;240;236m
         146  [48;2;0;0;0m[38;2;242;240;236m                    [48;2;0;0;0m[38;2;204;153;204mreturn[48;2;0;0;0m[38;2;242;240;236m [48;2;0;0;0m[38;2;211;208;200m"[48;2;0;0;0m[38;2;153;204;153mCold is in the walls. Heater dead or starving. We freeze careful or we freeze stupid.[48;2;0;0;0m[38;2;211;208;200m"[48;2;0;0;0m[38;2;242;240;236m;[48;2;0;0;0m[38;2;242;240;236m
              [hid 14 additional lines]
        also found at Assets/_Game/Events/JournalVoice.cs
        also found at Assets/_Game/Events/JournalVoice.cs
        also found at Assets/_Game/Events/JournalVoice.cs
        also found at Assets/_Game/Events/JournalVoice.cs


Assets/_Game/Events/SuspicionTracker.cs
    Function with many returns (count = 6): Tick

          87  [48;2;0;0;0m[38;2;242;240;236m        [48;2;0;0;0m[38;2;204;153;204mpublic[48;2;0;0;0m[38;2;242;240;236m [48;2;0;0;0m[38;2;204;153;204mvoid[48;2;0;0;0m[38;2;242;240;236m [48;2;0;0;0m[38;2;102;153;204mTick[48;2;0;0;0m[38;2;242;240;236m([48;2;0;0;0m[38;2;204;153;204mfloat[48;2;0;0;0m[38;2;242;240;236m [48;2;0;0;0m[38;2;242;119;122mgameHours[48;2;0;0;0m[38;2;242;240;236m,[48;2;0;0;0m[38;2;242;240;236m [48;2;0;0;0m[38;2;242;240;236mEventContext[48;2;0;0;0m[38;2;242;240;236m [48;2;0;0;0m[38;2;242;119;122mcontext[48;2;0;0;0m[38;2;242;240;236m,[48;2;0;0;0m[38;2;242;240;236m [48;2;0;0;0m[38;2;242;240;236mEventRunner[48;2;0;0;0m[38;2;242;240;236m [48;2;0;0;0m[38;2;242;119;122mrunner[48;2;0;0;0m[38;2;242;240;236m)[48;2;0;0;0m[38;2;242;240;236m
          88  [48;2;0;0;0m[38;2;242;240;236m        [48;2;0;0;0m[38;2;242;240;236m{[48;2;0;0;0m[38;2;242;240;236m
          89  [48;2;0;0;0m[38;2;242;240;236m            [48;2;0;0;0m[38;2;204;153;204mif[48;2;0;0;0m[38;2;242;240;236m [48;2;0;0;0m[38;2;242;240;236m([48;2;0;0;0m[38;2;242;119;122mgameHours[48;2;0;0;0m[38;2;242;240;236m [48;2;0;0;0m[38;2;211;208;200m<=[48;2;0;0;0m[38;2;242;240;236m [48;2;0;0;0m[38;2;249;145;87m0[48;2;0;0;0m[38;2;204;153;204mf[48;2;0;0;0m[38;2;242;240;236m [48;2;0;0;0m[38;2;211;208;200m||[48;2;0;0;0m[38;2;242;240;236m [48;2;0;0;0m[38;2;242;119;122mcontext[48;2;0;0;0m[38;2;242;240;236m [48;2;0;0;0m[38;2;211;208;200m==[48;2;0;0;0m[38;2;242;240;236m [48;2;0;0;0m[38;2;249;145;87mnull[48;2;0;0;0m[38;2;242;240;236m)[48;2;0;0;0m[38;2;242;240;236m [48;2;0;0;0m[38;2;204;153;204mreturn[48;2;0;0;0m[38;2;242;240;236m;[48;2;0;0;0m[38;2;242;240;236m
          90  [48;2;0;0;0m[38;2;242;240;236m
          91  [48;2;0;0;0m[38;2;242;240;236m            [48;2;0;0;0m[38;2;102;153;204mRefreshStarved[48;2;0;0;0m[38;2;242;240;236m([48;2;0;0;0m[38;2;242;119;122mcontext[48;2;0;0;0m[38;2;242;240;236m.[48;2;0;0;0m[38;2;242;119;122mInventory[48;2;0;0;0m[38;2;242;240;236m)[48;2;0;0;0m[38;2;242;240;236m;[48;2;0;0;0m[38;2;242;240;236m
          92  [48;2;0;0;0m[38;2;242;240;236m            [48;2;0;0;0m[38;2;242;119;122mcontext[48;2;0;0;0m[38;2;242;240;236m.[48;2;0;0;0m[38;2;242;119;122mIsResourceStarved[48;2;0;0;0m[38;2;242;240;236m [48;2;0;0;0m[38;2;211;208;200m=[48;2;0;0;0m[38;2;242;240;236m [48;2;0;0;0m[38;2;242;119;122mIsResourceStarved[48;2;0;0;0m[38;2;242;240;236m;[48;2;0;0;0m[38;2;242;240;236m
              [hid 35 additional lines]

    High total complexity (count = 110)

           1  [48;2;0;0;0m[38;2;204;153;204musing[48;2;0;0;0m[38;2;211;208;200m [48;2;0;0;0m[38;2;211;208;200mSystem[48;2;0;0;0m[38;2;211;208;200m;[48;2;0;0;0m[38;2;211;208;200m
           2  [48;2;0;0;0m[38;2;204;153;204musing[48;2;0;0;0m[38;2;211;208;200m [48;2;0;0;0m[38;2;211;208;200mSystem[48;2;0;0;0m[38;2;211;208;200m.[48;2;0;0;0m[38;2;211;208;200mCollections[48;2;0;0;0m[38;2;211;208;200m.[48;2;0;0;0m[38;2;211;208;200mGeneric[48;2;0;0;0m[38;2;211;208;200m;[48;2;0;0;0m[38;2;211;208;200m
           3  [48;2;0;0;0m[38;2;204;153;204musing[48;2;0;0;0m[38;2;211;208;200m [48;2;0;0;0m[38;2;211;208;200mUnityEngine[48;2;0;0;0m[38;2;211;208;200m;[48;2;0;0;0m[38;2;211;208;200m
           4  [48;2;0;0;0m[38;2;204;153;204musing[48;2;0;0;0m[38;2;211;208;200m [48;2;0;0;0m[38;2;211;208;200mAtomicWar[48;2;0;0;0m[38;2;211;208;200m.[48;2;0;0;0m[38;2;211;208;200m_Game[48;2;0;0;0m[38;2;211;208;200m.[48;2;0;0;0m[38;2;211;208;200mInventory[48;2;0;0;0m[38;2;211;208;200m;[48;2;0;0;0m[38;2;211;208;200m
           5  [48;2;0;0;0m[38;2;204;153;204musing[48;2;0;0;0m[38;2;211;208;200m [48;2;0;0;0m[38;2;211;208;200mAtomicWar[48;2;0;0;0m[38;2;211;208;200m.[48;2;0;0;0m[38;2;211;208;200m_Game[48;2;0;0;0m[38;2;211;208;200m.[48;2;0;0;0m[38;2;211;208;200mSurvivors[48;2;0;0;0m[38;2;211;208;200m;[48;2;0;0;0m[38;2;211;208;200m
           6  [48;2;0;0;0m[38;2;211;208;200m
              [hid 656 additional lines]

    Function with high complexity (count = 23): PickSuspect

         135  [48;2;0;0;0m[38;2;242;240;236m        [48;2;0;0;0m[38;2;204;153;204mpublic[48;2;0;0;0m[38;2;242;240;236m [48;2;0;0;0m[38;2;204;153;204mstatic[48;2;0;0;0m[38;2;242;240;236m [48;2;0;0;0m[38;2;242;240;236mSurvivor[48;2;0;0;0m[38;2;242;240;236m [48;2;0;0;0m[38;2;102;153;204mPickSuspect[48;2;0;0;0m[38;2;242;240;236m([48;2;0;0;0m[38;2;242;240;236m
         136  [48;2;0;0;0m[38;2;242;240;236m            [48;2;0;0;0m[38;2;242;240;236mIList[48;2;0;0;0m[38;2;242;240;236m<[48;2;0;0;0m[38;2;242;240;236mSurvivor[48;2;0;0;0m[38;2;242;240;236m>[48;2;0;0;0m[38;2;242;240;236m [48;2;0;0;0m[38;2;242;119;122mcrew[48;2;0;0;0m[38;2;242;240;236m,[48;2;0;0;0m[38;2;242;240;236m
         137  [48;2;0;0;0m[38;2;242;240;236m            [48;2;0;0;0m[38;2;204;153;204mstring[48;2;0;0;0m[38;2;242;240;236m [48;2;0;0;0m[38;2;242;119;122mplayerSurvivorId[48;2;0;0;0m[38;2;242;240;236m,[48;2;0;0;0m[38;2;242;240;236m
         138  [48;2;0;0;0m[38;2;242;240;236m            [48;2;0;0;0m[38;2;242;240;236mSystem[48;2;0;0;0m[38;2;242;240;236m.[48;2;0;0;0m[38;2;242;240;236mRandom[48;2;0;0;0m[38;2;242;240;236m [48;2;0;0;0m[38;2;242;119;122mrng[48;2;0;0;0m[38;2;242;240;236m)[48;2;0;0;0m[38;2;242;240;236m
         139  [48;2;0;0;0m[38;2;242;240;236m        [48;2;0;0;0m[38;2;242;240;236m{[48;2;0;0;0m[38;2;242;240;236m
         140  [48;2;0;0;0m[38;2;242;240;236m            [48;2;0;0;0m[38;2;204;153;204mif[48;2;0;0;0m[38;2;242;240;236m [48;2;0;0;0m[38;2;242;240;236m([48;2;0;0;0m[38;2;242;119;122mcrew[48;2;0;0;0m[38;2;242;240;236m [48;2;0;0;0m[38;2;211;208;200m==[48;2;0;0;0m[38;2;242;240;236m [48;2;0;0;0m[38;2;249;145;87mnull[48;2;0;0;0m[38;2;242;240;236m [48;2;0;0;0m[38;2;211;208;200m||[48;2;0;0;0m[38;2;242;240;236m [48;2;0;0;0m[38;2;242;119;122mcrew[48;2;0;0;0m[38;2;242;240;236m.[48;2;0;0;0m[38;2;242;119;122mCount[48;2;0;0;0m[38;2;242;240;236m [48;2;0;0;0m[38;2;211;208;200m==[48;2;0;0;0m[38;2;242;240;236m [48;2;0;0;0m[38;2;249;145;87m0[48;2;0;0;0m[38;2;242;240;236m)[48;2;0;0;0m[38;2;242;240;236m [48;2;0;0;0m[38;2;204;153;204mreturn[48;2;0;0;0m[38;2;242;240;236m [48;2;0;0;0m[38;2;249;145;87mnull[48;2;0;0;0m[38;2;242;240;236m;[48;2;0;0;0m[38;2;242;240;236m
              [hid 46 additional lines]


Assets/_Game/Inventory/Inventory.cs
    Function with many returns (count = 6): Transfer

         429  [48;2;0;0;0m[38;2;242;240;236m        [48;2;0;0;0m[38;2;204;153;204mpublic[48;2;0;0;0m[38;2;242;240;236m [48;2;0;0;0m[38;2;204;153;204mbool[48;2;0;0;0m[38;2;242;240;236m [48;2;0;0;0m[38;2;102;153;204mTransfer[48;2;0;0;0m[38;2;242;240;236m([48;2;0;0;0m[38;2;242;240;236mItemDefinition[48;2;0;0;0m[38;2;242;240;236m [48;2;0;0;0m[38;2;242;119;122mitem[48;2;0;0;0m[38;2;242;240;236m,[48;2;0;0;0m[38;2;242;240;236m [48;2;0;0;0m[38;2;204;153;204mint[48;2;0;0;0m[38;2;242;240;236m [48;2;0;0;0m[38;2;242;119;122mamount[48;2;0;0;0m[38;2;242;240;236m,[48;2;0;0;0m[38;2;242;240;236m [48;2;0;0;0m[38;2;242;240;236mInventory[48;2;0;0;0m[38;2;242;240;236m [48;2;0;0;0m[38;2;242;119;122mdestination[48;2;0;0;0m[38;2;242;240;236m)[48;2;0;0;0m[38;2;242;240;236m
         430  [48;2;0;0;0m[38;2;242;240;236m        [48;2;0;0;0m[38;2;242;240;236m{[48;2;0;0;0m[38;2;242;240;236m
         431  [48;2;0;0;0m[38;2;242;240;236m            [48;2;0;0;0m[38;2;204;153;204mif[48;2;0;0;0m[38;2;242;240;236m [48;2;0;0;0m[38;2;242;240;236m([48;2;0;0;0m[38;2;242;119;122mitem[48;2;0;0;0m[38;2;242;240;236m [48;2;0;0;0m[38;2;211;208;200m==[48;2;0;0;0m[38;2;242;240;236m [48;2;0;0;0m[38;2;249;145;87mnull[48;2;0;0;0m[38;2;242;240;236m [48;2;0;0;0m[38;2;211;208;200m||[48;2;0;0;0m[38;2;242;240;236m [48;2;0;0;0m[38;2;242;119;122mamount[48;2;0;0;0m[38;2;242;240;236m [48;2;0;0;0m[38;2;211;208;200m<=[48;2;0;0;0m[38;2;242;240;236m [48;2;0;0;0m[38;2;249;145;87m0[48;2;0;0;0m[38;2;242;240;236m [48;2;0;0;0m[38;2;211;208;200m||[48;2;0;0;0m[38;2;242;240;236m [48;2;0;0;0m[38;2;242;119;122mdestination[48;2;0;0;0m[38;2;242;240;236m [48;2;0;0;0m[38;2;211;208;200m==[48;2;0;0;0m[38;2;242;240;236m [48;2;0;0;0m[38;2;249;145;87mnull[48;2;0;0;0m[38;2;242;240;236m [48;2;0;0;0m[38;2;211;208;200m||[48;2;0;0;0m[38;2;242;240;236m [48;2;0;0;0m[38;2;242;119;122mdestination[48;2;0;0;0m[38;2;242;240;236m [48;2;0;0;0m[38;2;211;208;200m==[48;2;0;0;0m[38;2;242;240;236m [48;2;0;0;0m[38;2;242;119;122mthis[48;2;0;0;0m[38;2;242;240;236m)[48;2;0;0;0m[38;2;242;240;236m [48;2;0;0;0m[38;2;204;153;204mreturn[48;2;0;0;0m[38;2;242;240;236m [48;2;0;0;0m[38;2;249;145;87mfalse[48;2;0;0;0m[38;2;242;240;236m;[48;2;0;0;0m[38;2;242;240;236m
         432  [48;2;0;0;0m[38;2;242;240;236m            [48;2;0;0;0m[38;2;204;153;204mif[48;2;0;0;0m[38;2;242;240;236m [48;2;0;0;0m[38;2;242;240;236m([48;2;0;0;0m[38;2;102;153;204mCount[48;2;0;0;0m[38;2;242;240;236m([48;2;0;0;0m[38;2;242;119;122mitem[48;2;0;0;0m[38;2;242;240;236m)[48;2;0;0;0m[38;2;242;240;236m [48;2;0;0;0m[38;2;211;208;200m<[48;2;0;0;0m[38;2;242;240;236m [48;2;0;0;0m[38;2;242;119;122mamount[48;2;0;0;0m[38;2;242;240;236m)[48;2;0;0;0m[38;2;242;240;236m [48;2;0;0;0m[38;2;204;153;204mreturn[48;2;0;0;0m[38;2;242;240;236m [48;2;0;0;0m[38;2;249;145;87mfalse[48;2;0;0;0m[38;2;242;240;236m;[48;2;0;0;0m[38;2;242;240;236m
         433  [48;2;0;0;0m[38;2;242;240;236m            [48;2;0;0;0m[38;2;204;153;204mif[48;2;0;0;0m[38;2;242;240;236m [48;2;0;0;0m[38;2;242;240;236m([48;2;0;0;0m[38;2;211;208;200m![48;2;0;0;0m[38;2;242;119;122mdestination[48;2;0;0;0m[38;2;242;240;236m.[48;2;0;0;0m[38;2;102;153;204mCanAdd[48;2;0;0;0m[38;2;242;240;236m([48;2;0;0;0m[38;2;242;119;122mitem[48;2;0;0;0m[38;2;242;240;236m,[48;2;0;0;0m[38;2;242;240;236m [48;2;0;0;0m[38;2;242;119;122mamount[48;2;0;0;0m[38;2;242;240;236m)[48;2;0;0;0m[38;2;242;240;236m)[48;2;0;0;0m[38;2;242;240;236m [48;2;0;0;0m[38;2;204;153;204mreturn[48;2;0;0;0m[38;2;242;240;236m [48;2;0;0;0m[38;2;249;145;87mfalse[48;2;0;0;0m[38;2;242;240;236m;[48;2;0;0;0m[38;2;242;240;236m
         434  [48;2;0;0;0m[38;2;242;240;236m
              [hid 8 additional lines]

    Function with many returns (count = 6): ResortSlotsByType

         618  [48;2;0;0;0m[38;2;242;240;236m        [48;2;0;0;0m[38;2;204;153;204mpublic[48;2;0;0;0m[38;2;242;240;236m [48;2;0;0;0m[38;2;204;153;204mvoid[48;2;0;0;0m[38;2;242;240;236m [48;2;0;0;0m[38;2;102;153;204mResortSlotsByType[48;2;0;0;0m[38;2;242;240;236m([48;2;0;0;0m[38;2;242;240;236m)[48;2;0;0;0m[38;2;242;240;236m
         619  [48;2;0;0;0m[38;2;242;240;236m        [48;2;0;0;0m[38;2;242;240;236m{[48;2;0;0;0m[38;2;242;240;236m
         620  [48;2;0;0;0m[38;2;242;240;236m            [48;2;0;0;0m[38;2;204;153;204mif[48;2;0;0;0m[38;2;242;240;236m [48;2;0;0;0m[38;2;242;240;236m([48;2;0;0;0m[38;2;242;119;122m_slots[48;2;0;0;0m[38;2;242;240;236m [48;2;0;0;0m[38;2;211;208;200m==[48;2;0;0;0m[38;2;242;240;236m [48;2;0;0;0m[38;2;249;145;87mnull[48;2;0;0;0m[38;2;242;240;236m [48;2;0;0;0m[38;2;211;208;200m||[48;2;0;0;0m[38;2;242;240;236m [48;2;0;0;0m[38;2;242;119;122m_slots[48;2;0;0;0m[38;2;242;240;236m.[48;2;0;0;0m[38;2;242;119;122mCount[48;2;0;0;0m[38;2;242;240;236m [48;2;0;0;0m[38;2;211;208;200m<=[48;2;0;0;0m[38;2;242;240;236m [48;2;0;0;0m[38;2;249;145;87m1[48;2;0;0;0m[38;2;242;240;236m)[48;2;0;0;0m[38;2;242;240;236m [48;2;0;0;0m[38;2;204;153;204mreturn[48;2;0;0;0m[38;2;242;240;236m;[48;2;0;0;0m[38;2;242;240;236m
         621  [48;2;0;0;0m[38;2;242;240;236m            [48;2;0;0;0m[38;2;242;119;122m_slots[48;2;0;0;0m[38;2;242;240;236m.[48;2;0;0;0m[38;2;102;153;204mSort[48;2;0;0;0m[38;2;242;240;236m([48;2;0;0;0m[38;2;242;240;236m([48;2;0;0;0m[38;2;242;119;122ma[48;2;0;0;0m[38;2;242;240;236m,[48;2;0;0;0m[38;2;242;240;236m [48;2;0;0;0m[38;2;242;119;122mb[48;2;0;0;0m[38;2;242;240;236m)[48;2;0;0;0m[38;2;242;240;236m [48;2;0;0;0m[38;2;204;153;204m=>[48;2;0;0;0m[38;2;242;240;236m
         622  [48;2;0;0;0m[38;2;242;240;236m            [48;2;0;0;0m[38;2;242;240;236m{[48;2;0;0;0m[38;2;242;240;236m
         623  [48;2;0;0;0m[38;2;242;240;236m                [48;2;0;0;0m[38;2;204;153;204mif[48;2;0;0;0m[38;2;242;240;236m [48;2;0;0;0m[38;2;242;240;236m([48;2;0;0;0m[38;2;242;119;122ma[48;2;0;0;0m[38;2;242;240;236m?.[48;2;0;0;0m[38;2;242;119;122mItem[48;2;0;0;0m[38;2;242;240;236m [48;2;0;0;0m[38;2;211;208;200m==[48;2;0;0;0m[38;2;242;240;236m [48;2;0;0;0m[38;2;249;145;87mnull[48;2;0;0;0m[38;2;242;240;236m [48;2;0;0;0m[38;2;211;208;200m&&[48;2;0;0;0m[38;2;242;240;236m [48;2;0;0;0m[38;2;242;119;122mb[48;2;0;0;0m[38;2;242;240;236m?.[48;2;0;0;0m[38;2;242;119;122mItem[48;2;0;0;0m[38;2;242;240;236m [48;2;0;0;0m[38;2;211;208;200m==[48;2;0;0;0m[38;2;242;240;236m [48;2;0;0;0m[38;2;249;145;87mnull[48;2;0;0;0m[38;2;242;240;236m)[48;2;0;0;0m[38;2;242;240;236m [48;2;0;0;0m[38;2;204;153;204mreturn[48;2;0;0;0m[38;2;242;240;236m [48;2;0;0;0m[38;2;249;145;87m0[48;2;0;0;0m[38;2;242;240;236m;[48;2;0;0;0m[38;2;242;240;236m
              [hid 8 additional lines]

    Deeply nested control flow (level = 5)

         671  [48;2;0;0;0m[38;2;242;240;236m                            [48;2;0;0;0m[38;2;204;153;204mif[48;2;0;0;0m[38;2;242;240;236m [48;2;0;0;0m[38;2;242;240;236m([48;2;0;0;0m[38;2;242;119;122mslotSave[48;2;0;0;0m[38;2;242;240;236m.[48;2;0;0;0m[38;2;242;119;122mhasDevice[48;2;0;0;0m[38;2;242;240;236m)[48;2;0;0;0m[38;2;242;240;236m
         672  [48;2;0;0;0m[38;2;242;240;236m                            [48;2;0;0;0m[38;2;242;240;236m{[48;2;0;0;0m[38;2;242;240;236m
         673  [48;2;0;0;0m[38;2;242;240;236m                                [48;2;0;0;0m[38;2;242;119;122mdevice[48;2;0;0;0m[38;2;242;240;236m [48;2;0;0;0m[38;2;211;208;200m=[48;2;0;0;0m[38;2;242;240;236m [48;2;0;0;0m[38;2;211;208;200mnew[48;2;0;0;0m[38;2;242;240;236m [48;2;0;0;0m[38;2;242;240;236mDeviceState[48;2;0;0;0m[38;2;242;240;236m
         674  [48;2;0;0;0m[38;2;242;240;236m                                [48;2;0;0;0m[38;2;242;240;236m{[48;2;0;0;0m[38;2;242;240;236m
         675  [48;2;0;0;0m[38;2;242;240;236m                                    [48;2;0;0;0m[38;2;242;119;122mBattery[48;2;0;0;0m[38;2;242;240;236m [48;2;0;0;0m[38;2;211;208;200m=[48;2;0;0;0m[38;2;242;240;236m [48;2;0;0;0m[38;2;242;119;122mslotSave[48;2;0;0;0m[38;2;242;240;236m.[48;2;0;0;0m[38;2;242;119;122mbattery[48;2;0;0;0m[38;2;242;240;236m,[48;2;0;0;0m[38;2;242;240;236m
         676  [48;2;0;0;0m[38;2;242;240;236m                                    [48;2;0;0;0m[38;2;242;119;122mCalibration[48;2;0;0;0m[38;2;242;240;236m [48;2;0;0;0m[38;2;211;208;200m=[48;2;0;0;0m[38;2;242;240;236m [48;2;0;0;0m[38;2;242;119;122mslotSave[48;2;0;0;0m[38;2;242;240;236m.[48;2;0;0;0m[38;2;242;119;122mcalibration[48;2;0;0;0m[38;2;242;240;236m,[48;2;0;0;0m[38;2;242;240;236m
              [hid 9 additional lines]

    High total complexity (count = 228)

           1  [48;2;0;0;0m[38;2;204;153;204musing[48;2;0;0;0m[38;2;211;208;200m [48;2;0;0;0m[38;2;211;208;200mSystem[48;2;0;0;0m[38;2;211;208;200m;[48;2;0;0;0m[38;2;211;208;200m
           2  [48;2;0;0;0m[38;2;204;153;204musing[48;2;0;0;0m[38;2;211;208;200m [48;2;0;0;0m[38;2;211;208;200mSystem[48;2;0;0;0m[38;2;211;208;200m.[48;2;0;0;0m[38;2;211;208;200mCollections[48;2;0;0;0m[38;2;211;208;200m.[48;2;0;0;0m[38;2;211;208;200mGeneric[48;2;0;0;0m[38;2;211;208;200m;[48;2;0;0;0m[38;2;211;208;200m
           3  [48;2;0;0;0m[38;2;204;153;204musing[48;2;0;0;0m[38;2;211;208;200m [48;2;0;0;0m[38;2;211;208;200mUnityEngine[48;2;0;0;0m[38;2;211;208;200m;[48;2;0;0;0m[38;2;211;208;200m
           4  [48;2;0;0;0m[38;2;204;153;204musing[48;2;0;0;0m[38;2;211;208;200m [48;2;0;0;0m[38;2;211;208;200mAtomicWar[48;2;0;0;0m[38;2;211;208;200m.[48;2;0;0;0m[38;2;211;208;200m_Game[48;2;0;0;0m[38;2;211;208;200m.[48;2;0;0;0m[38;2;211;208;200mRadiation[48;2;0;0;0m[38;2;211;208;200m;[48;2;0;0;0m[38;2;211;208;200m
           5  [48;2;0;0;0m[38;2;204;153;204musing[48;2;0;0;0m[38;2;211;208;200m [48;2;0;0;0m[38;2;211;208;200mAtomicWar[48;2;0;0;0m[38;2;211;208;200m.[48;2;0;0;0m[38;2;211;208;200m_Game[48;2;0;0;0m[38;2;211;208;200m.[48;2;0;0;0m[38;2;211;208;200mSurvivors[48;2;0;0;0m[38;2;211;208;200m;[48;2;0;0;0m[38;2;211;208;200m
           6  [48;2;0;0;0m[38;2;211;208;200m
              [hid 775 additional lines]

    Function with high complexity (count = 22): Add

         290  [48;2;0;0;0m[38;2;242;240;236m        [48;2;0;0;0m[38;2;204;153;204mpublic[48;2;0;0;0m[38;2;242;240;236m [48;2;0;0;0m[38;2;204;153;204mbool[48;2;0;0;0m[38;2;242;240;236m [48;2;0;0;0m[38;2;102;153;204mAdd[48;2;0;0;0m[38;2;242;240;236m([48;2;0;0;0m[38;2;242;240;236mItemDefinition[48;2;0;0;0m[38;2;242;240;236m [48;2;0;0;0m[38;2;242;119;122mitem[48;2;0;0;0m[38;2;242;240;236m,[48;2;0;0;0m[38;2;242;240;236m [48;2;0;0;0m[38;2;204;153;204mint[48;2;0;0;0m[38;2;242;240;236m [48;2;0;0;0m[38;2;242;119;122mamount[48;2;0;0;0m[38;2;242;240;236m)[48;2;0;0;0m[38;2;242;240;236m
         291  [48;2;0;0;0m[38;2;242;240;236m        [48;2;0;0;0m[38;2;242;240;236m{[48;2;0;0;0m[38;2;242;240;236m
         292  [48;2;0;0;0m[38;2;242;240;236m            [48;2;0;0;0m[38;2;204;153;204mif[48;2;0;0;0m[38;2;242;240;236m [48;2;0;0;0m[38;2;242;240;236m([48;2;0;0;0m[38;2;242;119;122mitem[48;2;0;0;0m[38;2;242;240;236m [48;2;0;0;0m[38;2;211;208;200m==[48;2;0;0;0m[38;2;242;240;236m [48;2;0;0;0m[38;2;249;145;87mnull[48;2;0;0;0m[38;2;242;240;236m [48;2;0;0;0m[38;2;211;208;200m||[48;2;0;0;0m[38;2;242;240;236m [48;2;0;0;0m[38;2;242;119;122mamount[48;2;0;0;0m[38;2;242;240;236m [48;2;0;0;0m[38;2;211;208;200m<=[48;2;0;0;0m[38;2;242;240;236m [48;2;0;0;0m[38;2;249;145;87m0[48;2;0;0;0m[38;2;242;240;236m)[48;2;0;0;0m[38;2;242;240;236m [48;2;0;0;0m[38;2;204;153;204mreturn[48;2;0;0;0m[38;2;242;240;236m [48;2;0;0;0m[38;2;249;145;87mfalse[48;2;0;0;0m[38;2;242;240;236m;[48;2;0;0;0m[38;2;242;240;236m
         293  [48;2;0;0;0m[38;2;242;240;236m            [48;2;0;0;0m[38;2;204;153;204mif[48;2;0;0;0m[38;2;242;240;236m [48;2;0;0;0m[38;2;242;240;236m([48;2;0;0;0m[38;2;242;119;122mMaxWeight[48;2;0;0;0m[38;2;242;240;236m [48;2;0;0;0m[38;2;211;208;200m>[48;2;0;0;0m[38;2;242;240;236m [48;2;0;0;0m[38;2;249;145;87m0[48;2;0;0;0m[38;2;204;153;204mf[48;2;0;0;0m[38;2;242;240;236m [48;2;0;0;0m[38;2;211;208;200m&&[48;2;0;0;0m[38;2;242;240;236m [48;2;0;0;0m[38;2;102;153;204mGetCurrentWeight[48;2;0;0;0m[38;2;242;240;236m([48;2;0;0;0m[38;2;242;240;236m)[48;2;0;0;0m[38;2;242;240;236m [48;2;0;0;0m[38;2;211;208;200m+[48;2;0;0;0m[38;2;242;240;236m [48;2;0;0;0m[38;2;242;119;122mitem[48;2;0;0;0m[38;2;242;240;236m.[48;2;0;0;0m[38;2;242;119;122mweight[48;2;0;0;0m[38;2;242;240;236m [48;2;0;0;0m[38;2;211;208;200m*[48;2;0;0;0m[38;2;242;240;236m [48;2;0;0;0m[38;2;242;119;122mamount[48;2;0;0;0m[38;2;242;240;236m [48;2;0;0;0m[38;2;211;208;200m>[48;2;0;0;0m[38;2;242;240;236m [48;2;0;0;0m[38;2;242;119;122mMaxWeight[48;2;0;0;0m[38;2;242;240;236m)[48;2;0;0;0m[38;2;242;240;236m [48;2;0;0;0m[38;2;204;153;204mreturn[48;2;0;0;0m[38;2;242;240;236m [48;2;0;0;0m[38;2;249;145;87mfalse[48;2;0;0;0m[38;2;242;240;236m;[48;2;0;0;0m[38;2;242;240;236m
         294  [48;2;0;0;0m[38;2;242;240;236m
         295  [48;2;0;0;0m[38;2;242;240;236m            [48;2;0;0;0m[38;2;204;153;204mint[48;2;0;0;0m[38;2;242;240;236m [48;2;0;0;0m[38;2;242;119;122mstackMax[48;2;0;0;0m[38;2;242;240;236m [48;2;0;0;0m[38;2;211;208;200m=[48;2;0;0;0m[38;2;242;240;236m [48;2;0;0;0m[38;2;242;119;122mitem[48;2;0;0;0m[38;2;242;240;236m.[48;2;0;0;0m[38;2;242;119;122mstackMax[48;2;0;0;0m[38;2;242;240;236m [48;2;0;0;0m[38;2;211;208;200m>[48;2;0;0;0m[38;2;242;240;236m [48;2;0;0;0m[38;2;249;145;87m0[48;2;0;0;0m[38;2;242;240;236m [48;2;0;0;0m[38;2;211;208;200m?[48;2;0;0;0m[38;2;242;240;236m [48;2;0;0;0m[38;2;242;119;122mitem[48;2;0;0;0m[38;2;242;240;236m.[48;2;0;0;0m[38;2;242;119;122mstackMax[48;2;0;0;0m[38;2;242;240;236m [48;2;0;0;0m[38;2;211;208;200m:[48;2;0;0;0m[38;2;242;240;236m [48;2;0;0;0m[38;2;249;145;87m99[48;2;0;0;0m[38;2;242;240;236m;[48;2;0;0;0m[38;2;242;240;236m
              [hid 42 additional lines]

    Function with high complexity (count = 24): RestoreState

         652  [48;2;0;0;0m[38;2;242;240;236m        [48;2;0;0;0m[38;2;204;153;204mpublic[48;2;0;0;0m[38;2;242;240;236m [48;2;0;0;0m[38;2;204;153;204mvoid[48;2;0;0;0m[38;2;242;240;236m [48;2;0;0;0m[38;2;102;153;204mRestoreState[48;2;0;0;0m[38;2;242;240;236m([48;2;0;0;0m[38;2;242;240;236mInventorySaveState[48;2;0;0;0m[38;2;242;240;236m [48;2;0;0;0m[38;2;242;119;122mstate[48;2;0;0;0m[38;2;242;240;236m,[48;2;0;0;0m[38;2;242;240;236m [48;2;0;0;0m[38;2;242;240;236mFunc[48;2;0;0;0m[38;2;242;240;236m<[48;2;0;0;0m[38;2;204;153;204mstring[48;2;0;0;0m[38;2;242;240;236m,[48;2;0;0;0m[38;2;242;240;236m [48;2;0;0;0m[38;2;242;240;236mItemDefinition[48;2;0;0;0m[38;2;242;240;236m>[48;2;0;0;0m[38;2;242;240;236m [48;2;0;0;0m[38;2;242;119;122mlookup[48;2;0;0;0m[38;2;242;240;236m)[48;2;0;0;0m[38;2;242;240;236m
         653  [48;2;0;0;0m[38;2;242;240;236m        [48;2;0;0;0m[38;2;242;240;236m{[48;2;0;0;0m[38;2;242;240;236m
         654  [48;2;0;0;0m[38;2;242;240;236m            [48;2;0;0;0m[38;2;204;153;204mif[48;2;0;0;0m[38;2;242;240;236m [48;2;0;0;0m[38;2;242;240;236m([48;2;0;0;0m[38;2;242;119;122mstate[48;2;0;0;0m[38;2;242;240;236m [48;2;0;0;0m[38;2;211;208;200m==[48;2;0;0;0m[38;2;242;240;236m [48;2;0;0;0m[38;2;249;145;87mnull[48;2;0;0;0m[38;2;242;240;236m)[48;2;0;0;0m[38;2;242;240;236m [48;2;0;0;0m[38;2;204;153;204mreturn[48;2;0;0;0m[38;2;242;240;236m;[48;2;0;0;0m[38;2;242;240;236m
         655  [48;2;0;0;0m[38;2;242;240;236m
         656  [48;2;0;0;0m[38;2;242;240;236m            [48;2;0;0;0m[38;2;242;119;122m_slots[48;2;0;0;0m[38;2;242;240;236m.[48;2;0;0;0m[38;2;102;153;204mClear[48;2;0;0;0m[38;2;242;240;236m([48;2;0;0;0m[38;2;242;240;236m)[48;2;0;0;0m[38;2;242;240;236m;[48;2;0;0;0m[38;2;242;240;236m
         657  [48;2;0;0;0m[38;2;242;240;236m            [48;2;0;0;0m[38;2;242;119;122m_equipped[48;2;0;0;0m[38;2;242;240;236m.[48;2;0;0;0m[38;2;102;153;204mClear[48;2;0;0;0m[38;2;242;240;236m([48;2;0;0;0m[38;2;242;240;236m)[48;2;0;0;0m[38;2;242;240;236m;[48;2;0;0;0m[38;2;242;240;236m
              [hid 48 additional lines]


Assets/_Game/Medical/AmputationSystem.cs
    Function with many returns (count = 9): PerformAmputation

          95  [48;2;0;0;0m[38;2;242;240;236m        [48;2;0;0;0m[38;2;204;153;204mpublic[48;2;0;0;0m[38;2;242;240;236m [48;2;0;0;0m[38;2;204;153;204mbool[48;2;0;0;0m[38;2;242;240;236m [48;2;0;0;0m[38;2;102;153;204mPerformAmputation[48;2;0;0;0m[38;2;242;240;236m([48;2;0;0;0m[38;2;242;240;236m
          96  [48;2;0;0;0m[38;2;242;240;236m            [48;2;0;0;0m[38;2;204;153;204mstring[48;2;0;0;0m[38;2;242;240;236m [48;2;0;0;0m[38;2;242;119;122mpatientId[48;2;0;0;0m[38;2;242;240;236m,[48;2;0;0;0m[38;2;242;240;236m
          97  [48;2;0;0;0m[38;2;242;240;236m            [48;2;0;0;0m[38;2;204;153;204mstring[48;2;0;0;0m[38;2;242;240;236m [48;2;0;0;0m[38;2;242;119;122msurgeonId[48;2;0;0;0m[38;2;242;240;236m,[48;2;0;0;0m[38;2;242;240;236m
          98  [48;2;0;0;0m[38;2;242;240;236m            [48;2;0;0;0m[38;2;242;240;236mFunc[48;2;0;0;0m[38;2;242;240;236m<[48;2;0;0;0m[38;2;204;153;204mstring[48;2;0;0;0m[38;2;242;240;236m,[48;2;0;0;0m[38;2;242;240;236m [48;2;0;0;0m[38;2;204;153;204mint[48;2;0;0;0m[38;2;242;240;236m>[48;2;0;0;0m[38;2;242;240;236m [48;2;0;0;0m[38;2;242;119;122mcountItem[48;2;0;0;0m[38;2;242;240;236m,[48;2;0;0;0m[38;2;242;240;236m
          99  [48;2;0;0;0m[38;2;242;240;236m            [48;2;0;0;0m[38;2;242;240;236mFunc[48;2;0;0;0m[38;2;242;240;236m<[48;2;0;0;0m[38;2;204;153;204mstring[48;2;0;0;0m[38;2;242;240;236m,[48;2;0;0;0m[38;2;242;240;236m [48;2;0;0;0m[38;2;204;153;204mint[48;2;0;0;0m[38;2;242;240;236m,[48;2;0;0;0m[38;2;242;240;236m [48;2;0;0;0m[38;2;204;153;204mbool[48;2;0;0;0m[38;2;242;240;236m>[48;2;0;0;0m[38;2;242;240;236m [48;2;0;0;0m[38;2;242;119;122mconsumeItem[48;2;0;0;0m[38;2;242;240;236m)[48;2;0;0;0m[38;2;242;240;236m
         100  [48;2;0;0;0m[38;2;242;240;236m        [48;2;0;0;0m[38;2;242;240;236m{[48;2;0;0;0m[38;2;242;240;236m
              [hid 50 additional lines]


Assets/_Game/Medical/MedicalSystem.cs
    Function with many parameters (count = 12): MakeAffliction

        1112  [48;2;0;0;0m[38;2;242;240;236m        [48;2;0;0;0m[38;2;204;153;204mprivate[48;2;0;0;0m[38;2;242;240;236m [48;2;0;0;0m[38;2;204;153;204mstatic[48;2;0;0;0m[38;2;242;240;236m [48;2;0;0;0m[38;2;242;240;236mAfflictionSO[48;2;0;0;0m[38;2;242;240;236m [48;2;0;0;0m[38;2;102;153;204mMakeAffliction[48;2;0;0;0m[38;2;242;240;236m([48;2;0;0;0m[38;2;242;240;236m
        1113  [48;2;0;0;0m[38;2;242;240;236m            [48;2;0;0;0m[38;2;204;153;204mstring[48;2;0;0;0m[38;2;242;240;236m [48;2;0;0;0m[38;2;242;119;122mid[48;2;0;0;0m[38;2;242;240;236m,[48;2;0;0;0m[38;2;242;240;236m
        1114  [48;2;0;0;0m[38;2;242;240;236m            [48;2;0;0;0m[38;2;204;153;204mstring[48;2;0;0;0m[38;2;242;240;236m [48;2;0;0;0m[38;2;242;119;122mname[48;2;0;0;0m[38;2;242;240;236m,[48;2;0;0;0m[38;2;242;240;236m
        1115  [48;2;0;0;0m[38;2;242;240;236m            [48;2;0;0;0m[38;2;242;240;236mAfflictionPhase[48;2;0;0;0m[38;2;242;240;236m [48;2;0;0;0m[38;2;242;119;122mphase[48;2;0;0;0m[38;2;242;240;236m,[48;2;0;0;0m[38;2;242;240;236m
        1116  [48;2;0;0;0m[38;2;242;240;236m            [48;2;0;0;0m[38;2;204;153;204mfloat[48;2;0;0;0m[38;2;242;240;236m [48;2;0;0;0m[38;2;242;119;122mhealthDrain[48;2;0;0;0m[38;2;242;240;236m,[48;2;0;0;0m[38;2;242;240;236m
        1117  [48;2;0;0;0m[38;2;242;240;236m            [48;2;0;0;0m[38;2;204;153;204mfloat[48;2;0;0;0m[38;2;242;240;236m [48;2;0;0;0m[38;2;242;119;122mprogressionHours[48;2;0;0;0m[38;2;242;240;236m,[48;2;0;0;0m[38;2;242;240;236m
              [hid 7 additional lines]

    Function with many returns (count = 9): TryCaregive

         234  [48;2;0;0;0m[38;2;242;240;236m        [48;2;0;0;0m[38;2;204;153;204mpublic[48;2;0;0;0m[38;2;242;240;236m [48;2;0;0;0m[38;2;204;153;204mbool[48;2;0;0;0m[38;2;242;240;236m [48;2;0;0;0m[38;2;102;153;204mTryCaregive[48;2;0;0;0m[38;2;242;240;236m([48;2;0;0;0m[38;2;242;240;236m
         235  [48;2;0;0;0m[38;2;242;240;236m            [48;2;0;0;0m[38;2;242;240;236mSurvivor[48;2;0;0;0m[38;2;242;240;236m [48;2;0;0;0m[38;2;242;119;122mcaregiver[48;2;0;0;0m[38;2;242;240;236m,[48;2;0;0;0m[38;2;242;240;236m
         236  [48;2;0;0;0m[38;2;242;240;236m            [48;2;0;0;0m[38;2;242;240;236mSurvivor[48;2;0;0;0m[38;2;242;240;236m [48;2;0;0;0m[38;2;242;119;122mpatient[48;2;0;0;0m[38;2;242;240;236m,[48;2;0;0;0m[38;2;242;240;236m
         237  [48;2;0;0;0m[38;2;242;240;236m            [48;2;0;0;0m[38;2;242;240;236mFunc[48;2;0;0;0m[38;2;242;240;236m<[48;2;0;0;0m[38;2;204;153;204mstring[48;2;0;0;0m[38;2;242;240;236m,[48;2;0;0;0m[38;2;242;240;236m [48;2;0;0;0m[38;2;242;240;236mItemDefinition[48;2;0;0;0m[38;2;242;240;236m>[48;2;0;0;0m[38;2;242;240;236m [48;2;0;0;0m[38;2;242;119;122mitemLookup[48;2;0;0;0m[38;2;242;240;236m [48;2;0;0;0m[38;2;211;208;200m=[48;2;0;0;0m[38;2;242;240;236m [48;2;0;0;0m[38;2;249;145;87mnull[48;2;0;0;0m[38;2;242;240;236m)[48;2;0;0;0m[38;2;242;240;236m
         238  [48;2;0;0;0m[38;2;242;240;236m        [48;2;0;0;0m[38;2;242;240;236m{[48;2;0;0;0m[38;2;242;240;236m
         239  [48;2;0;0;0m[38;2;242;240;236m            [48;2;0;0;0m[38;2;204;153;204mif[48;2;0;0;0m[38;2;242;240;236m [48;2;0;0;0m[38;2;242;240;236m([48;2;0;0;0m[38;2;242;119;122mcaregiver[48;2;0;0;0m[38;2;242;240;236m [48;2;0;0;0m[38;2;211;208;200m==[48;2;0;0;0m[38;2;242;240;236m [48;2;0;0;0m[38;2;249;145;87mnull[48;2;0;0;0m[38;2;242;240;236m [48;2;0;0;0m[38;2;211;208;200m||[48;2;0;0;0m[38;2;242;240;236m [48;2;0;0;0m[38;2;211;208;200m![48;2;0;0;0m[38;2;242;119;122mcaregiver[48;2;0;0;0m[38;2;242;240;236m.[48;2;0;0;0m[38;2;242;119;122mIsAlive[48;2;0;0;0m[38;2;242;240;236m)[48;2;0;0;0m[38;2;242;240;236m [48;2;0;0;0m[38;2;204;153;204mreturn[48;2;0;0;0m[38;2;242;240;236m [48;2;0;0;0m[38;2;249;145;87mfalse[48;2;0;0;0m[38;2;242;240;236m;[48;2;0;0;0m[38;2;242;240;236m
              [hid 56 additional lines]

    Function with many returns (count = 7): TryEmergencyHalt

         301  [48;2;0;0;0m[38;2;242;240;236m        [48;2;0;0;0m[38;2;204;153;204mpublic[48;2;0;0;0m[38;2;242;240;236m [48;2;0;0;0m[38;2;204;153;204mbool[48;2;0;0;0m[38;2;242;240;236m [48;2;0;0;0m[38;2;102;153;204mTryEmergencyHalt[48;2;0;0;0m[38;2;242;240;236m([48;2;0;0;0m[38;2;242;240;236m
         302  [48;2;0;0;0m[38;2;242;240;236m            [48;2;0;0;0m[38;2;242;240;236mSurvivor[48;2;0;0;0m[38;2;242;240;236m [48;2;0;0;0m[38;2;242;119;122mpatient[48;2;0;0;0m[38;2;242;240;236m,[48;2;0;0;0m[38;2;242;240;236m
         303  [48;2;0;0;0m[38;2;242;240;236m            [48;2;0;0;0m[38;2;204;153;204mstring[48;2;0;0;0m[38;2;242;240;236m [48;2;0;0;0m[38;2;242;119;122mitemId[48;2;0;0;0m[38;2;242;240;236m,[48;2;0;0;0m[38;2;242;240;236m
         304  [48;2;0;0;0m[38;2;242;240;236m            [48;2;0;0;0m[38;2;242;240;236mItemDefinition[48;2;0;0;0m[38;2;242;240;236m [48;2;0;0;0m[38;2;242;119;122mitemDef[48;2;0;0;0m[38;2;242;240;236m [48;2;0;0;0m[38;2;211;208;200m=[48;2;0;0;0m[38;2;242;240;236m [48;2;0;0;0m[38;2;249;145;87mnull[48;2;0;0;0m[38;2;242;240;236m,[48;2;0;0;0m[38;2;242;240;236m
         305  [48;2;0;0;0m[38;2;242;240;236m            [48;2;0;0;0m[38;2;242;240;236mSurvivor[48;2;0;0;0m[38;2;242;240;236m [48;2;0;0;0m[38;2;242;119;122mmedic[48;2;0;0;0m[38;2;242;240;236m [48;2;0;0;0m[38;2;211;208;200m=[48;2;0;0;0m[38;2;242;240;236m [48;2;0;0;0m[38;2;249;145;87mnull[48;2;0;0;0m[38;2;242;240;236m)[48;2;0;0;0m[38;2;242;240;236m
         306  [48;2;0;0;0m[38;2;242;240;236m        [48;2;0;0;0m[38;2;242;240;236m{[48;2;0;0;0m[38;2;242;240;236m
              [hid 50 additional lines]

    Function with many returns (count = 11): TryStartTreatment

         362  [48;2;0;0;0m[38;2;242;240;236m        [48;2;0;0;0m[38;2;204;153;204mpublic[48;2;0;0;0m[38;2;242;240;236m [48;2;0;0;0m[38;2;204;153;204mbool[48;2;0;0;0m[38;2;242;240;236m [48;2;0;0;0m[38;2;102;153;204mTryStartTreatment[48;2;0;0;0m[38;2;242;240;236m([48;2;0;0;0m[38;2;242;240;236m
         363  [48;2;0;0;0m[38;2;242;240;236m            [48;2;0;0;0m[38;2;242;240;236mSurvivor[48;2;0;0;0m[38;2;242;240;236m [48;2;0;0;0m[38;2;242;119;122mmedic[48;2;0;0;0m[38;2;242;240;236m,[48;2;0;0;0m[38;2;242;240;236m
         364  [48;2;0;0;0m[38;2;242;240;236m            [48;2;0;0;0m[38;2;242;240;236mSurvivor[48;2;0;0;0m[38;2;242;240;236m [48;2;0;0;0m[38;2;242;119;122mpatient[48;2;0;0;0m[38;2;242;240;236m,[48;2;0;0;0m[38;2;242;240;236m
         365  [48;2;0;0;0m[38;2;242;240;236m            [48;2;0;0;0m[38;2;242;240;236mTreatmentRecipeSO[48;2;0;0;0m[38;2;242;240;236m [48;2;0;0;0m[38;2;242;119;122mrecipe[48;2;0;0;0m[38;2;242;240;236m,[48;2;0;0;0m[38;2;242;240;236m
         366  [48;2;0;0;0m[38;2;242;240;236m            [48;2;0;0;0m[38;2;242;240;236mFunc[48;2;0;0;0m[38;2;242;240;236m<[48;2;0;0;0m[38;2;204;153;204mstring[48;2;0;0;0m[38;2;242;240;236m,[48;2;0;0;0m[38;2;242;240;236m [48;2;0;0;0m[38;2;242;240;236mItemDefinition[48;2;0;0;0m[38;2;242;240;236m>[48;2;0;0;0m[38;2;242;240;236m [48;2;0;0;0m[38;2;242;119;122mitemLookup[48;2;0;0;0m[38;2;242;240;236m [48;2;0;0;0m[38;2;211;208;200m=[48;2;0;0;0m[38;2;242;240;236m [48;2;0;0;0m[38;2;249;145;87mnull[48;2;0;0;0m[38;2;242;240;236m)[48;2;0;0;0m[38;2;242;240;236m
         367  [48;2;0;0;0m[38;2;242;240;236m        [48;2;0;0;0m[38;2;242;240;236m{[48;2;0;0;0m[38;2;242;240;236m
              [hid 86 additional lines]

    Function with many returns (count = 8): TryCureMentalBreak

         841  [48;2;0;0;0m[38;2;242;240;236m        [48;2;0;0;0m[38;2;204;153;204mpublic[48;2;0;0;0m[38;2;242;240;236m [48;2;0;0;0m[38;2;204;153;204mbool[48;2;0;0;0m[38;2;242;240;236m [48;2;0;0;0m[38;2;102;153;204mTryCureMentalBreak[48;2;0;0;0m[38;2;242;240;236m([48;2;0;0;0m[38;2;242;240;236m
         842  [48;2;0;0;0m[38;2;242;240;236m            [48;2;0;0;0m[38;2;242;240;236mSurvivor[48;2;0;0;0m[38;2;242;240;236m [48;2;0;0;0m[38;2;242;119;122mpatient[48;2;0;0;0m[38;2;242;240;236m,[48;2;0;0;0m[38;2;242;240;236m
         843  [48;2;0;0;0m[38;2;242;240;236m            [48;2;0;0;0m[38;2;242;240;236mMentalBreakSystem[48;2;0;0;0m[38;2;242;240;236m [48;2;0;0;0m[38;2;242;119;122mmentalBreakSystem[48;2;0;0;0m[38;2;242;240;236m,[48;2;0;0;0m[38;2;242;240;236m
         844  [48;2;0;0;0m[38;2;242;240;236m            [48;2;0;0;0m[38;2;242;240;236mShelter[48;2;0;0;0m[38;2;242;240;236m.[48;2;0;0;0m[38;2;242;240;236mShelter[48;2;0;0;0m[38;2;242;240;236m [48;2;0;0;0m[38;2;242;119;122mshelter[48;2;0;0;0m[38;2;242;240;236m)[48;2;0;0;0m[38;2;242;240;236m
         845  [48;2;0;0;0m[38;2;242;240;236m        [48;2;0;0;0m[38;2;242;240;236m{[48;2;0;0;0m[38;2;242;240;236m
         846  [48;2;0;0;0m[38;2;242;240;236m            [48;2;0;0;0m[38;2;204;153;204mif[48;2;0;0;0m[38;2;242;240;236m [48;2;0;0;0m[38;2;242;240;236m([48;2;0;0;0m[38;2;242;119;122mpatient[48;2;0;0;0m[38;2;242;240;236m [48;2;0;0;0m[38;2;211;208;200m==[48;2;0;0;0m[38;2;242;240;236m [48;2;0;0;0m[38;2;249;145;87mnull[48;2;0;0;0m[38;2;242;240;236m [48;2;0;0;0m[38;2;211;208;200m||[48;2;0;0;0m[38;2;242;240;236m [48;2;0;0;0m[38;2;211;208;200m![48;2;0;0;0m[38;2;242;119;122mpatient[48;2;0;0;0m[38;2;242;240;236m.[48;2;0;0;0m[38;2;242;119;122mIsAlive[48;2;0;0;0m[38;2;242;240;236m)[48;2;0;0;0m[38;2;242;240;236m [48;2;0;0;0m[38;2;204;153;204mreturn[48;2;0;0;0m[38;2;242;240;236m [48;2;0;0;0m[38;2;249;145;87mfalse[48;2;0;0;0m[38;2;242;240;236m;[48;2;0;0;0m[38;2;242;240;236m
              [hid 12 additional lines]

    Complex binary expression

         936  [48;2;0;0;0m[38;2;242;240;236m            [48;2;0;0;0m[38;2;204;153;204mif[48;2;0;0;0m[38;2;242;240;236m [48;2;0;0;0m[38;2;242;240;236m([48;2;0;0;0m[38;2;242;119;122mrecipe[48;2;0;0;0m[38;2;242;240;236m [48;2;0;0;0m[38;2;211;208;200m!=[48;2;0;0;0m[38;2;242;240;236m [48;2;0;0;0m[38;2;249;145;87mnull[48;2;0;0;0m[38;2;242;240;236m [48;2;0;0;0m[38;2;211;208;200m&&[48;2;0;0;0m[38;2;242;240;236m [48;2;0;0;0m[38;2;242;119;122mrecipe[48;2;0;0;0m[38;2;242;240;236m.[48;2;0;0;0m[38;2;242;119;122misSurgical[48;2;0;0;0m[38;2;242;240;236m [48;2;0;0;0m[38;2;211;208;200m&&[48;2;0;0;0m[38;2;242;240;236m [48;2;0;0;0m[38;2;242;119;122mmedic[48;2;0;0;0m[38;2;242;240;236m [48;2;0;0;0m[38;2;211;208;200m!=[48;2;0;0;0m[38;2;242;240;236m [48;2;0;0;0m[38;2;249;145;87mnull[48;2;0;0;0m[38;2;242;240;236m

    High total complexity (count = 290)

           1  [48;2;0;0;0m[38;2;204;153;204musing[48;2;0;0;0m[38;2;211;208;200m [48;2;0;0;0m[38;2;211;208;200mSystem[48;2;0;0;0m[38;2;211;208;200m;[48;2;0;0;0m[38;2;211;208;200m
           2  [48;2;0;0;0m[38;2;204;153;204musing[48;2;0;0;0m[38;2;211;208;200m [48;2;0;0;0m[38;2;211;208;200mSystem[48;2;0;0;0m[38;2;211;208;200m.[48;2;0;0;0m[38;2;211;208;200mCollections[48;2;0;0;0m[38;2;211;208;200m.[48;2;0;0;0m[38;2;211;208;200mGeneric[48;2;0;0;0m[38;2;211;208;200m;[48;2;0;0;0m[38;2;211;208;200m
           3  [48;2;0;0;0m[38;2;204;153;204musing[48;2;0;0;0m[38;2;211;208;200m [48;2;0;0;0m[38;2;211;208;200mUnityEngine[48;2;0;0;0m[38;2;211;208;200m;[48;2;0;0;0m[38;2;211;208;200m
           4  [48;2;0;0;0m[38;2;204;153;204musing[48;2;0;0;0m[38;2;211;208;200m [48;2;0;0;0m[38;2;211;208;200mAtomicWar[48;2;0;0;0m[38;2;211;208;200m.[48;2;0;0;0m[38;2;211;208;200m_Game[48;2;0;0;0m[38;2;211;208;200m.[48;2;0;0;0m[38;2;211;208;200mInventory[48;2;0;0;0m[38;2;211;208;200m;[48;2;0;0;0m[38;2;211;208;200m
           5  [48;2;0;0;0m[38;2;204;153;204musing[48;2;0;0;0m[38;2;211;208;200m [48;2;0;0;0m[38;2;211;208;200mAtomicWar[48;2;0;0;0m[38;2;211;208;200m.[48;2;0;0;0m[38;2;211;208;200m_Game[48;2;0;0;0m[38;2;211;208;200m.[48;2;0;0;0m[38;2;211;208;200mShelter[48;2;0;0;0m[38;2;211;208;200m;[48;2;0;0;0m[38;2;211;208;200m
           6  [48;2;0;0;0m[38;2;204;153;204musing[48;2;0;0;0m[38;2;211;208;200m [48;2;0;0;0m[38;2;211;208;200mAtomicWar[48;2;0;0;0m[38;2;211;208;200m.[48;2;0;0;0m[38;2;211;208;200m_Game[48;2;0;0;0m[38;2;211;208;200m.[48;2;0;0;0m[38;2;211;208;200mSurvivors[48;2;0;0;0m[38;2;211;208;200m;[48;2;0;0;0m[38;2;211;208;200m
              [hid 1140 additional lines]

    Function with high complexity (count = 26): TryCaregive

         234  [48;2;0;0;0m[38;2;242;240;236m        [48;2;0;0;0m[38;2;204;153;204mpublic[48;2;0;0;0m[38;2;242;240;236m [48;2;0;0;0m[38;2;204;153;204mbool[48;2;0;0;0m[38;2;242;240;236m [48;2;0;0;0m[38;2;102;153;204mTryCaregive[48;2;0;0;0m[38;2;242;240;236m([48;2;0;0;0m[38;2;242;240;236m
         235  [48;2;0;0;0m[38;2;242;240;236m            [48;2;0;0;0m[38;2;242;240;236mSurvivor[48;2;0;0;0m[38;2;242;240;236m [48;2;0;0;0m[38;2;242;119;122mcaregiver[48;2;0;0;0m[38;2;242;240;236m,[48;2;0;0;0m[38;2;242;240;236m
         236  [48;2;0;0;0m[38;2;242;240;236m            [48;2;0;0;0m[38;2;242;240;236mSurvivor[48;2;0;0;0m[38;2;242;240;236m [48;2;0;0;0m[38;2;242;119;122mpatient[48;2;0;0;0m[38;2;242;240;236m,[48;2;0;0;0m[38;2;242;240;236m
         237  [48;2;0;0;0m[38;2;242;240;236m            [48;2;0;0;0m[38;2;242;240;236mFunc[48;2;0;0;0m[38;2;242;240;236m<[48;2;0;0;0m[38;2;204;153;204mstring[48;2;0;0;0m[38;2;242;240;236m,[48;2;0;0;0m[38;2;242;240;236m [48;2;0;0;0m[38;2;242;240;236mItemDefinition[48;2;0;0;0m[38;2;242;240;236m>[48;2;0;0;0m[38;2;242;240;236m [48;2;0;0;0m[38;2;242;119;122mitemLookup[48;2;0;0;0m[38;2;242;240;236m [48;2;0;0;0m[38;2;211;208;200m=[48;2;0;0;0m[38;2;242;240;236m [48;2;0;0;0m[38;2;249;145;87mnull[48;2;0;0;0m[38;2;242;240;236m)[48;2;0;0;0m[38;2;242;240;236m
         238  [48;2;0;0;0m[38;2;242;240;236m        [48;2;0;0;0m[38;2;242;240;236m{[48;2;0;0;0m[38;2;242;240;236m
         239  [48;2;0;0;0m[38;2;242;240;236m            [48;2;0;0;0m[38;2;204;153;204mif[48;2;0;0;0m[38;2;242;240;236m [48;2;0;0;0m[38;2;242;240;236m([48;2;0;0;0m[38;2;242;119;122mcaregiver[48;2;0;0;0m[38;2;242;240;236m [48;2;0;0;0m[38;2;211;208;200m==[48;2;0;0;0m[38;2;242;240;236m [48;2;0;0;0m[38;2;249;145;87mnull[48;2;0;0;0m[38;2;242;240;236m [48;2;0;0;0m[38;2;211;208;200m||[48;2;0;0;0m[38;2;242;240;236m [48;2;0;0;0m[38;2;211;208;200m![48;2;0;0;0m[38;2;242;119;122mcaregiver[48;2;0;0;0m[38;2;242;240;236m.[48;2;0;0;0m[38;2;242;119;122mIsAlive[48;2;0;0;0m[38;2;242;240;236m)[48;2;0;0;0m[38;2;242;240;236m [48;2;0;0;0m[38;2;204;153;204mreturn[48;2;0;0;0m[38;2;242;240;236m [48;2;0;0;0m[38;2;249;145;87mfalse[48;2;0;0;0m[38;2;242;240;236m;[48;2;0;0;0m[38;2;242;240;236m
              [hid 56 additional lines]

    Function with high complexity (count = 28): TryEmergencyHalt

         301  [48;2;0;0;0m[38;2;242;240;236m        [48;2;0;0;0m[38;2;204;153;204mpublic[48;2;0;0;0m[38;2;242;240;236m [48;2;0;0;0m[38;2;204;153;204mbool[48;2;0;0;0m[38;2;242;240;236m [48;2;0;0;0m[38;2;102;153;204mTryEmergencyHalt[48;2;0;0;0m[38;2;242;240;236m([48;2;0;0;0m[38;2;242;240;236m
         302  [48;2;0;0;0m[38;2;242;240;236m            [48;2;0;0;0m[38;2;242;240;236mSurvivor[48;2;0;0;0m[38;2;242;240;236m [48;2;0;0;0m[38;2;242;119;122mpatient[48;2;0;0;0m[38;2;242;240;236m,[48;2;0;0;0m[38;2;242;240;236m
         303  [48;2;0;0;0m[38;2;242;240;236m            [48;2;0;0;0m[38;2;204;153;204mstring[48;2;0;0;0m[38;2;242;240;236m [48;2;0;0;0m[38;2;242;119;122mitemId[48;2;0;0;0m[38;2;242;240;236m,[48;2;0;0;0m[38;2;242;240;236m
         304  [48;2;0;0;0m[38;2;242;240;236m            [48;2;0;0;0m[38;2;242;240;236mItemDefinition[48;2;0;0;0m[38;2;242;240;236m [48;2;0;0;0m[38;2;242;119;122mitemDef[48;2;0;0;0m[38;2;242;240;236m [48;2;0;0;0m[38;2;211;208;200m=[48;2;0;0;0m[38;2;242;240;236m [48;2;0;0;0m[38;2;249;145;87mnull[48;2;0;0;0m[38;2;242;240;236m,[48;2;0;0;0m[38;2;242;240;236m
         305  [48;2;0;0;0m[38;2;242;240;236m            [48;2;0;0;0m[38;2;242;240;236mSurvivor[48;2;0;0;0m[38;2;242;240;236m [48;2;0;0;0m[38;2;242;119;122mmedic[48;2;0;0;0m[38;2;242;240;236m [48;2;0;0;0m[38;2;211;208;200m=[48;2;0;0;0m[38;2;242;240;236m [48;2;0;0;0m[38;2;249;145;87mnull[48;2;0;0;0m[38;2;242;240;236m)[48;2;0;0;0m[38;2;242;240;236m
         306  [48;2;0;0;0m[38;2;242;240;236m        [48;2;0;0;0m[38;2;242;240;236m{[48;2;0;0;0m[38;2;242;240;236m
              [hid 50 additional lines]

    Function with high complexity (count = 29): TryStartTreatment

         362  [48;2;0;0;0m[38;2;242;240;236m        [48;2;0;0;0m[38;2;204;153;204mpublic[48;2;0;0;0m[38;2;242;240;236m [48;2;0;0;0m[38;2;204;153;204mbool[48;2;0;0;0m[38;2;242;240;236m [48;2;0;0;0m[38;2;102;153;204mTryStartTreatment[48;2;0;0;0m[38;2;242;240;236m([48;2;0;0;0m[38;2;242;240;236m
         363  [48;2;0;0;0m[38;2;242;240;236m            [48;2;0;0;0m[38;2;242;240;236mSurvivor[48;2;0;0;0m[38;2;242;240;236m [48;2;0;0;0m[38;2;242;119;122mmedic[48;2;0;0;0m[38;2;242;240;236m,[48;2;0;0;0m[38;2;242;240;236m
         364  [48;2;0;0;0m[38;2;242;240;236m            [48;2;0;0;0m[38;2;242;240;236mSurvivor[48;2;0;0;0m[38;2;242;240;236m [48;2;0;0;0m[38;2;242;119;122mpatient[48;2;0;0;0m[38;2;242;240;236m,[48;2;0;0;0m[38;2;242;240;236m
         365  [48;2;0;0;0m[38;2;242;240;236m            [48;2;0;0;0m[38;2;242;240;236mTreatmentRecipeSO[48;2;0;0;0m[38;2;242;240;236m [48;2;0;0;0m[38;2;242;119;122mrecipe[48;2;0;0;0m[38;2;242;240;236m,[48;2;0;0;0m[38;2;242;240;236m
         366  [48;2;0;0;0m[38;2;242;240;236m            [48;2;0;0;0m[38;2;242;240;236mFunc[48;2;0;0;0m[38;2;242;240;236m<[48;2;0;0;0m[38;2;204;153;204mstring[48;2;0;0;0m[38;2;242;240;236m,[48;2;0;0;0m[38;2;242;240;236m [48;2;0;0;0m[38;2;242;240;236mItemDefinition[48;2;0;0;0m[38;2;242;240;236m>[48;2;0;0;0m[38;2;242;240;236m [48;2;0;0;0m[38;2;242;119;122mitemLookup[48;2;0;0;0m[38;2;242;240;236m [48;2;0;0;0m[38;2;211;208;200m=[48;2;0;0;0m[38;2;242;240;236m [48;2;0;0;0m[38;2;249;145;87mnull[48;2;0;0;0m[38;2;242;240;236m)[48;2;0;0;0m[38;2;242;240;236m
         367  [48;2;0;0;0m[38;2;242;240;236m        [48;2;0;0;0m[38;2;242;240;236m{[48;2;0;0;0m[38;2;242;240;236m
              [hid 86 additional lines]

    Function with high complexity (count = 52): Tick

         456  [48;2;0;0;0m[38;2;242;240;236m        [48;2;0;0;0m[38;2;204;153;204mpublic[48;2;0;0;0m[38;2;242;240;236m [48;2;0;0;0m[38;2;204;153;204mvoid[48;2;0;0;0m[38;2;242;240;236m [48;2;0;0;0m[38;2;102;153;204mTick[48;2;0;0;0m[38;2;242;240;236m([48;2;0;0;0m[38;2;242;240;236mIReadOnlyList[48;2;0;0;0m[38;2;242;240;236m<[48;2;0;0;0m[38;2;242;240;236mSurvivor[48;2;0;0;0m[38;2;242;240;236m>[48;2;0;0;0m[38;2;242;240;236m [48;2;0;0;0m[38;2;242;119;122msurvivors[48;2;0;0;0m[38;2;242;240;236m,[48;2;0;0;0m[38;2;242;240;236m [48;2;0;0;0m[38;2;204;153;204mfloat[48;2;0;0;0m[38;2;242;240;236m [48;2;0;0;0m[38;2;242;119;122mgameHours[48;2;0;0;0m[38;2;242;240;236m)[48;2;0;0;0m[38;2;242;240;236m
         457  [48;2;0;0;0m[38;2;242;240;236m        [48;2;0;0;0m[38;2;242;240;236m{[48;2;0;0;0m[38;2;242;240;236m
         458  [48;2;0;0;0m[38;2;242;240;236m            [48;2;0;0;0m[38;2;204;153;204mif[48;2;0;0;0m[38;2;242;240;236m [48;2;0;0;0m[38;2;242;240;236m([48;2;0;0;0m[38;2;242;119;122msurvivors[48;2;0;0;0m[38;2;242;240;236m [48;2;0;0;0m[38;2;211;208;200m==[48;2;0;0;0m[38;2;242;240;236m [48;2;0;0;0m[38;2;249;145;87mnull[48;2;0;0;0m[38;2;242;240;236m [48;2;0;0;0m[38;2;211;208;200m||[48;2;0;0;0m[38;2;242;240;236m [48;2;0;0;0m[38;2;242;119;122mgameHours[48;2;0;0;0m[38;2;242;240;236m [48;2;0;0;0m[38;2;211;208;200m<=[48;2;0;0;0m[38;2;242;240;236m [48;2;0;0;0m[38;2;249;145;87m0[48;2;0;0;0m[38;2;204;153;204mf[48;2;0;0;0m[38;2;242;240;236m)[48;2;0;0;0m[38;2;242;240;236m [48;2;0;0;0m[38;2;204;153;204mreturn[48;2;0;0;0m[38;2;242;240;236m;[48;2;0;0;0m[38;2;242;240;236m
         459  [48;2;0;0;0m[38;2;242;240;236m
         460  [48;2;0;0;0m[38;2;242;240;236m            [48;2;0;0;0m[38;2;204;153;204mfor[48;2;0;0;0m[38;2;242;240;236m [48;2;0;0;0m[38;2;242;240;236m([48;2;0;0;0m[38;2;204;153;204mint[48;2;0;0;0m[38;2;242;240;236m [48;2;0;0;0m[38;2;242;119;122ms[48;2;0;0;0m[38;2;242;240;236m [48;2;0;0;0m[38;2;211;208;200m=[48;2;0;0;0m[38;2;242;240;236m [48;2;0;0;0m[38;2;249;145;87m0[48;2;0;0;0m[38;2;242;240;236m;[48;2;0;0;0m[38;2;242;240;236m [48;2;0;0;0m[38;2;242;119;122ms[48;2;0;0;0m[38;2;242;240;236m [48;2;0;0;0m[38;2;211;208;200m<[48;2;0;0;0m[38;2;242;240;236m [48;2;0;0;0m[38;2;242;119;122msurvivors[48;2;0;0;0m[38;2;242;240;236m.[48;2;0;0;0m[38;2;242;119;122mCount[48;2;0;0;0m[38;2;242;240;236m;[48;2;0;0;0m[38;2;242;240;236m [48;2;0;0;0m[38;2;242;119;122ms[48;2;0;0;0m[38;2;211;208;200m+[48;2;0;0;0m[38;2;211;208;200m+[48;2;0;0;0m[38;2;242;240;236m)[48;2;0;0;0m[38;2;242;240;236m
         461  [48;2;0;0;0m[38;2;242;240;236m            [48;2;0;0;0m[38;2;242;240;236m{[48;2;0;0;0m[38;2;242;240;236m
              [hid 80 additional lines]

    Function with high complexity (count = 26): ConsumeIngredients

        1068  [48;2;0;0;0m[38;2;242;240;236m        [48;2;0;0;0m[38;2;204;153;204mprivate[48;2;0;0;0m[38;2;242;240;236m [48;2;0;0;0m[38;2;204;153;204mbool[48;2;0;0;0m[38;2;242;240;236m [48;2;0;0;0m[38;2;102;153;204mConsumeIngredients[48;2;0;0;0m[38;2;242;240;236m([48;2;0;0;0m[38;2;242;240;236m
        1069  [48;2;0;0;0m[38;2;242;240;236m            [48;2;0;0;0m[38;2;242;240;236mTreatmentRecipeSO[48;2;0;0;0m[38;2;242;240;236m [48;2;0;0;0m[38;2;242;119;122mrecipe[48;2;0;0;0m[38;2;242;240;236m,[48;2;0;0;0m[38;2;242;240;236m
        1070  [48;2;0;0;0m[38;2;242;240;236m            [48;2;0;0;0m[38;2;204;153;204mfloat[48;2;0;0;0m[38;2;242;240;236m [48;2;0;0;0m[38;2;242;119;122mmedicalSkill[48;2;0;0;0m[38;2;242;240;236m,[48;2;0;0;0m[38;2;242;240;236m
        1071  [48;2;0;0;0m[38;2;242;240;236m            [48;2;0;0;0m[38;2;242;240;236mFunc[48;2;0;0;0m[38;2;242;240;236m<[48;2;0;0;0m[38;2;204;153;204mstring[48;2;0;0;0m[38;2;242;240;236m,[48;2;0;0;0m[38;2;242;240;236m [48;2;0;0;0m[38;2;242;240;236mItemDefinition[48;2;0;0;0m[38;2;242;240;236m>[48;2;0;0;0m[38;2;242;240;236m [48;2;0;0;0m[38;2;242;119;122mitemLookup[48;2;0;0;0m[38;2;242;240;236m)[48;2;0;0;0m[38;2;242;240;236m
        1072  [48;2;0;0;0m[38;2;242;240;236m        [48;2;0;0;0m[38;2;242;240;236m{[48;2;0;0;0m[38;2;242;240;236m
        1073  [48;2;0;0;0m[38;2;242;240;236m            [48;2;0;0;0m[38;2;204;153;204mif[48;2;0;0;0m[38;2;242;240;236m [48;2;0;0;0m[38;2;242;240;236m([48;2;0;0;0m[38;2;242;119;122mrecipe[48;2;0;0;0m[38;2;242;240;236m.[48;2;0;0;0m[38;2;242;119;122mingredients[48;2;0;0;0m[38;2;242;240;236m [48;2;0;0;0m[38;2;211;208;200m==[48;2;0;0;0m[38;2;242;240;236m [48;2;0;0;0m[38;2;249;145;87mnull[48;2;0;0;0m[38;2;242;240;236m [48;2;0;0;0m[38;2;211;208;200m||[48;2;0;0;0m[38;2;242;240;236m [48;2;0;0;0m[38;2;242;119;122mrecipe[48;2;0;0;0m[38;2;242;240;236m.[48;2;0;0;0m[38;2;242;119;122mingredients[48;2;0;0;0m[38;2;242;240;236m.[48;2;0;0;0m[38;2;242;119;122mCount[48;2;0;0;0m[38;2;242;240;236m [48;2;0;0;0m[38;2;211;208;200m==[48;2;0;0;0m[38;2;242;240;236m [48;2;0;0;0m[38;2;249;145;87m0[48;2;0;0;0m[38;2;242;240;236m)[48;2;0;0;0m[38;2;242;240;236m [48;2;0;0;0m[38;2;204;153;204mreturn[48;2;0;0;0m[38;2;242;240;236m [48;2;0;0;0m[38;2;249;145;87mtrue[48;2;0;0;0m[38;2;242;240;236m;[48;2;0;0;0m[38;2;242;240;236m
              [hid 37 additional lines]


Assets/_Game/Medical/ScurvySystem.cs
    Function with high complexity (count = 23): RestoreState

         168  [48;2;0;0;0m[38;2;242;240;236m        [48;2;0;0;0m[38;2;204;153;204mpublic[48;2;0;0;0m[38;2;242;240;236m [48;2;0;0;0m[38;2;204;153;204mvoid[48;2;0;0;0m[38;2;242;240;236m [48;2;0;0;0m[38;2;102;153;204mRestoreState[48;2;0;0;0m[38;2;242;240;236m([48;2;0;0;0m[38;2;242;240;236mScurvySave[48;2;0;0;0m[38;2;242;240;236m [48;2;0;0;0m[38;2;242;119;122msave[48;2;0;0;0m[38;2;242;240;236m)[48;2;0;0;0m[38;2;242;240;236m
         169  [48;2;0;0;0m[38;2;242;240;236m        [48;2;0;0;0m[38;2;242;240;236m{[48;2;0;0;0m[38;2;242;240;236m
         170  [48;2;0;0;0m[38;2;242;240;236m            [48;2;0;0;0m[38;2;242;119;122m_daysWithoutC[48;2;0;0;0m[38;2;242;240;236m.[48;2;0;0;0m[38;2;102;153;204mClear[48;2;0;0;0m[38;2;242;240;236m([48;2;0;0;0m[38;2;242;240;236m)[48;2;0;0;0m[38;2;242;240;236m;[48;2;0;0;0m[38;2;242;240;236m
         171  [48;2;0;0;0m[38;2;242;240;236m            [48;2;0;0;0m[38;2;242;119;122m_hasScurvy[48;2;0;0;0m[38;2;242;240;236m.[48;2;0;0;0m[38;2;102;153;204mClear[48;2;0;0;0m[38;2;242;240;236m([48;2;0;0;0m[38;2;242;240;236m)[48;2;0;0;0m[38;2;242;240;236m;[48;2;0;0;0m[38;2;242;240;236m
         172  [48;2;0;0;0m[38;2;242;240;236m            [48;2;0;0;0m[38;2;242;119;122m_hasToothache[48;2;0;0;0m[38;2;242;240;236m.[48;2;0;0;0m[38;2;102;153;204mClear[48;2;0;0;0m[38;2;242;240;236m([48;2;0;0;0m[38;2;242;240;236m)[48;2;0;0;0m[38;2;242;240;236m;[48;2;0;0;0m[38;2;242;240;236m
         173  [48;2;0;0;0m[38;2;242;240;236m            [48;2;0;0;0m[38;2;204;153;204mif[48;2;0;0;0m[38;2;242;240;236m [48;2;0;0;0m[38;2;242;240;236m([48;2;0;0;0m[38;2;242;119;122msave[48;2;0;0;0m[38;2;242;240;236m [48;2;0;0;0m[38;2;211;208;200m==[48;2;0;0;0m[38;2;242;240;236m [48;2;0;0;0m[38;2;249;145;87mnull[48;2;0;0;0m[38;2;242;240;236m)[48;2;0;0;0m[38;2;242;240;236m [48;2;0;0;0m[38;2;204;153;204mreturn[48;2;0;0;0m[38;2;242;240;236m;[48;2;0;0;0m[38;2;242;240;236m
              [hid 17 additional lines]


Assets/_Game/Radiation/RadiationSystem.cs
    High total complexity (count = 58)

           1  [48;2;0;0;0m[38;2;204;153;204musing[48;2;0;0;0m[38;2;211;208;200m [48;2;0;0;0m[38;2;211;208;200mSystem[48;2;0;0;0m[38;2;211;208;200m;[48;2;0;0;0m[38;2;211;208;200m
           2  [48;2;0;0;0m[38;2;204;153;204musing[48;2;0;0;0m[38;2;211;208;200m [48;2;0;0;0m[38;2;211;208;200mSystem[48;2;0;0;0m[38;2;211;208;200m.[48;2;0;0;0m[38;2;211;208;200mCollections[48;2;0;0;0m[38;2;211;208;200m.[48;2;0;0;0m[38;2;211;208;200mGeneric[48;2;0;0;0m[38;2;211;208;200m;[48;2;0;0;0m[38;2;211;208;200m
           3  [48;2;0;0;0m[38;2;204;153;204musing[48;2;0;0;0m[38;2;211;208;200m [48;2;0;0;0m[38;2;211;208;200mUnityEngine[48;2;0;0;0m[38;2;211;208;200m;[48;2;0;0;0m[38;2;211;208;200m
           4  [48;2;0;0;0m[38;2;204;153;204musing[48;2;0;0;0m[38;2;211;208;200m [48;2;0;0;0m[38;2;211;208;200mAtomicWar[48;2;0;0;0m[38;2;211;208;200m.[48;2;0;0;0m[38;2;211;208;200m_Game[48;2;0;0;0m[38;2;211;208;200m.[48;2;0;0;0m[38;2;211;208;200mSurvivors[48;2;0;0;0m[38;2;211;208;200m;[48;2;0;0;0m[38;2;211;208;200m
           5  [48;2;0;0;0m[38;2;204;153;204musing[48;2;0;0;0m[38;2;211;208;200m [48;2;0;0;0m[38;2;211;208;200mRandom[48;2;0;0;0m[38;2;211;208;200m [48;2;0;0;0m[38;2;211;208;200m=[48;2;0;0;0m[38;2;211;208;200m [48;2;0;0;0m[38;2;211;208;200mSystem[48;2;0;0;0m[38;2;211;208;200m.[48;2;0;0;0m[38;2;211;208;200mRandom[48;2;0;0;0m[38;2;211;208;200m;[48;2;0;0;0m[38;2;211;208;200m
           6  [48;2;0;0;0m[38;2;211;208;200m
              [hid 375 additional lines]

    Function with high complexity (count = 20): Tick

         100  [48;2;0;0;0m[38;2;242;240;236m        [48;2;0;0;0m[38;2;204;153;204mpublic[48;2;0;0;0m[38;2;242;240;236m [48;2;0;0;0m[38;2;204;153;204mvoid[48;2;0;0;0m[38;2;242;240;236m [48;2;0;0;0m[38;2;102;153;204mTick[48;2;0;0;0m[38;2;242;240;236m([48;2;0;0;0m[38;2;204;153;204mfloat[48;2;0;0;0m[38;2;242;240;236m [48;2;0;0;0m[38;2;242;119;122mgameHours[48;2;0;0;0m[38;2;242;240;236m)[48;2;0;0;0m[38;2;242;240;236m
         101  [48;2;0;0;0m[38;2;242;240;236m        [48;2;0;0;0m[38;2;242;240;236m{[48;2;0;0;0m[38;2;242;240;236m
         102  [48;2;0;0;0m[38;2;242;240;236m            [48;2;0;0;0m[38;2;204;153;204mif[48;2;0;0;0m[38;2;242;240;236m [48;2;0;0;0m[38;2;242;240;236m([48;2;0;0;0m[38;2;242;119;122mIsPaused[48;2;0;0;0m[38;2;242;240;236m [48;2;0;0;0m[38;2;211;208;200m||[48;2;0;0;0m[38;2;242;240;236m [48;2;0;0;0m[38;2;242;119;122mgameHours[48;2;0;0;0m[38;2;242;240;236m [48;2;0;0;0m[38;2;211;208;200m<=[48;2;0;0;0m[38;2;242;240;236m [48;2;0;0;0m[38;2;249;145;87m0[48;2;0;0;0m[38;2;204;153;204mf[48;2;0;0;0m[38;2;242;240;236m)[48;2;0;0;0m[38;2;242;240;236m
         103  [48;2;0;0;0m[38;2;242;240;236m            [48;2;0;0;0m[38;2;242;240;236m{[48;2;0;0;0m[38;2;242;240;236m
         104  [48;2;0;0;0m[38;2;242;240;236m                [48;2;0;0;0m[38;2;204;153;204mreturn[48;2;0;0;0m[38;2;242;240;236m;[48;2;0;0;0m[38;2;242;240;236m
         105  [48;2;0;0;0m[38;2;242;240;236m            [48;2;0;0;0m[38;2;242;240;236m}[48;2;0;0;0m[38;2;242;240;236m
              [hid 42 additional lines]


Assets/_Game/Shelter/ExcavationSystem.cs
    Function with many returns (count = 6): ClearRubble

         109  [48;2;0;0;0m[38;2;242;240;236m        [48;2;0;0;0m[38;2;204;153;204mpublic[48;2;0;0;0m[38;2;242;240;236m [48;2;0;0;0m[38;2;204;153;204mfloat[48;2;0;0;0m[38;2;242;240;236m [48;2;0;0;0m[38;2;102;153;204mClearRubble[48;2;0;0;0m[38;2;242;240;236m([48;2;0;0;0m[38;2;204;153;204mstring[48;2;0;0;0m[38;2;242;240;236m [48;2;0;0;0m[38;2;242;119;122mroomId[48;2;0;0;0m[38;2;242;240;236m,[48;2;0;0;0m[38;2;242;240;236m [48;2;0;0;0m[38;2;242;240;236mSurvivors[48;2;0;0;0m[38;2;242;240;236m.[48;2;0;0;0m[38;2;242;240;236mSurvivor[48;2;0;0;0m[38;2;242;240;236m [48;2;0;0;0m[38;2;242;119;122mworker[48;2;0;0;0m[38;2;242;240;236m,[48;2;0;0;0m[38;2;242;240;236m
         110  [48;2;0;0;0m[38;2;242;240;236m            [48;2;0;0;0m[38;2;204;153;204mbool[48;2;0;0;0m[38;2;242;240;236m [48;2;0;0;0m[38;2;242;119;122mhasShovel[48;2;0;0;0m[38;2;242;240;236m,[48;2;0;0;0m[38;2;242;240;236m [48;2;0;0;0m[38;2;204;153;204mbool[48;2;0;0;0m[38;2;242;240;236m [48;2;0;0;0m[38;2;242;119;122mhatchBlocked[48;2;0;0;0m[38;2;242;240;236m,[48;2;0;0;0m[38;2;242;240;236m [48;2;0;0;0m[38;2;204;153;204mfloat[48;2;0;0;0m[38;2;242;240;236m [48;2;0;0;0m[38;2;242;119;122mworkHours[48;2;0;0;0m[38;2;242;240;236m [48;2;0;0;0m[38;2;211;208;200m=[48;2;0;0;0m[38;2;242;240;236m [48;2;0;0;0m[38;2;249;145;87m1[48;2;0;0;0m[38;2;204;153;204mf[48;2;0;0;0m[38;2;242;240;236m)[48;2;0;0;0m[38;2;242;240;236m
         111  [48;2;0;0;0m[38;2;242;240;236m        [48;2;0;0;0m[38;2;242;240;236m{[48;2;0;0;0m[38;2;242;240;236m
         112  [48;2;0;0;0m[38;2;242;240;236m            [48;2;0;0;0m[38;2;116;115;105m//[48;2;0;0;0m[38;2;116;115;105m #314 Amputee/Cyber-Arm: punches through a blocked hatch instead of stalling.
         113  [48;2;0;0;0m[38;2;242;240;236m            [48;2;0;0;0m[38;2;204;153;204mbool[48;2;0;0;0m[38;2;242;240;236m [48;2;0;0;0m[38;2;242;119;122mcyberArmBypass[48;2;0;0;0m[38;2;242;240;236m [48;2;0;0;0m[38;2;211;208;200m=[48;2;0;0;0m[38;2;242;240;236m [48;2;0;0;0m[38;2;242;119;122mhatchBlocked[48;2;0;0;0m[38;2;242;240;236m [48;2;0;0;0m[38;2;211;208;200m&&[48;2;0;0;0m[38;2;242;240;236m [48;2;0;0;0m[38;2;242;119;122m_personalQuests[48;2;0;0;0m[38;2;242;240;236m [48;2;0;0;0m[38;2;211;208;200m!=[48;2;0;0;0m[38;2;242;240;236m [48;2;0;0;0m[38;2;249;145;87mnull[48;2;0;0;0m[38;2;242;240;236m
         114  [48;2;0;0;0m[38;2;242;240;236m                [48;2;0;0;0m[38;2;211;208;200m&&[48;2;0;0;0m[38;2;242;240;236m [48;2;0;0;0m[38;2;242;119;122m_personalQuests[48;2;0;0;0m[38;2;242;240;236m.[48;2;0;0;0m[38;2;102;153;204mCanPunchThroughBlockedDoors[48;2;0;0;0m[38;2;242;240;236m([48;2;0;0;0m[38;2;242;119;122mworker[48;2;0;0;0m[38;2;242;240;236m)[48;2;0;0;0m[38;2;242;240;236m;[48;2;0;0;0m[38;2;242;240;236m
              [hid 71 additional lines]

    Function with high complexity (count = 22): ClearRubble

         109  [48;2;0;0;0m[38;2;242;240;236m        [48;2;0;0;0m[38;2;204;153;204mpublic[48;2;0;0;0m[38;2;242;240;236m [48;2;0;0;0m[38;2;204;153;204mfloat[48;2;0;0;0m[38;2;242;240;236m [48;2;0;0;0m[38;2;102;153;204mClearRubble[48;2;0;0;0m[38;2;242;240;236m([48;2;0;0;0m[38;2;204;153;204mstring[48;2;0;0;0m[38;2;242;240;236m [48;2;0;0;0m[38;2;242;119;122mroomId[48;2;0;0;0m[38;2;242;240;236m,[48;2;0;0;0m[38;2;242;240;236m [48;2;0;0;0m[38;2;242;240;236mSurvivors[48;2;0;0;0m[38;2;242;240;236m.[48;2;0;0;0m[38;2;242;240;236mSurvivor[48;2;0;0;0m[38;2;242;240;236m [48;2;0;0;0m[38;2;242;119;122mworker[48;2;0;0;0m[38;2;242;240;236m,[48;2;0;0;0m[38;2;242;240;236m
         110  [48;2;0;0;0m[38;2;242;240;236m            [48;2;0;0;0m[38;2;204;153;204mbool[48;2;0;0;0m[38;2;242;240;236m [48;2;0;0;0m[38;2;242;119;122mhasShovel[48;2;0;0;0m[38;2;242;240;236m,[48;2;0;0;0m[38;2;242;240;236m [48;2;0;0;0m[38;2;204;153;204mbool[48;2;0;0;0m[38;2;242;240;236m [48;2;0;0;0m[38;2;242;119;122mhatchBlocked[48;2;0;0;0m[38;2;242;240;236m,[48;2;0;0;0m[38;2;242;240;236m [48;2;0;0;0m[38;2;204;153;204mfloat[48;2;0;0;0m[38;2;242;240;236m [48;2;0;0;0m[38;2;242;119;122mworkHours[48;2;0;0;0m[38;2;242;240;236m [48;2;0;0;0m[38;2;211;208;200m=[48;2;0;0;0m[38;2;242;240;236m [48;2;0;0;0m[38;2;249;145;87m1[48;2;0;0;0m[38;2;204;153;204mf[48;2;0;0;0m[38;2;242;240;236m)[48;2;0;0;0m[38;2;242;240;236m
         111  [48;2;0;0;0m[38;2;242;240;236m        [48;2;0;0;0m[38;2;242;240;236m{[48;2;0;0;0m[38;2;242;240;236m
         112  [48;2;0;0;0m[38;2;242;240;236m            [48;2;0;0;0m[38;2;116;115;105m//[48;2;0;0;0m[38;2;116;115;105m #314 Amputee/Cyber-Arm: punches through a blocked hatch instead of stalling.
         113  [48;2;0;0;0m[38;2;242;240;236m            [48;2;0;0;0m[38;2;204;153;204mbool[48;2;0;0;0m[38;2;242;240;236m [48;2;0;0;0m[38;2;242;119;122mcyberArmBypass[48;2;0;0;0m[38;2;242;240;236m [48;2;0;0;0m[38;2;211;208;200m=[48;2;0;0;0m[38;2;242;240;236m [48;2;0;0;0m[38;2;242;119;122mhatchBlocked[48;2;0;0;0m[38;2;242;240;236m [48;2;0;0;0m[38;2;211;208;200m&&[48;2;0;0;0m[38;2;242;240;236m [48;2;0;0;0m[38;2;242;119;122m_personalQuests[48;2;0;0;0m[38;2;242;240;236m [48;2;0;0;0m[38;2;211;208;200m!=[48;2;0;0;0m[38;2;242;240;236m [48;2;0;0;0m[38;2;249;145;87mnull[48;2;0;0;0m[38;2;242;240;236m
         114  [48;2;0;0;0m[38;2;242;240;236m                [48;2;0;0;0m[38;2;211;208;200m&&[48;2;0;0;0m[38;2;242;240;236m [48;2;0;0;0m[38;2;242;119;122m_personalQuests[48;2;0;0;0m[38;2;242;240;236m.[48;2;0;0;0m[38;2;102;153;204mCanPunchThroughBlockedDoors[48;2;0;0;0m[38;2;242;240;236m([48;2;0;0;0m[38;2;242;119;122mworker[48;2;0;0;0m[38;2;242;240;236m)[48;2;0;0;0m[38;2;242;240;236m;[48;2;0;0;0m[38;2;242;240;236m
              [hid 71 additional lines]


Assets/_Game/Shelter/HatchDefenseSystem.cs
    Function with many parameters (count = 6): HatchDefenseSystem

         164  [48;2;0;0;0m[38;2;242;240;236m        [48;2;0;0;0m[38;2;204;153;204mpublic[48;2;0;0;0m[38;2;242;240;236m [48;2;0;0;0m[38;2;102;153;204mHatchDefenseSystem[48;2;0;0;0m[38;2;242;240;236m([48;2;0;0;0m[38;2;242;240;236m
         165  [48;2;0;0;0m[38;2;242;240;236m            [48;2;0;0;0m[38;2;242;240;236mFunc[48;2;0;0;0m[38;2;242;240;236m<[48;2;0;0;0m[38;2;242;240;236mShelter[48;2;0;0;0m[38;2;242;240;236m>[48;2;0;0;0m[38;2;242;240;236m [48;2;0;0;0m[38;2;242;119;122mgetShelter[48;2;0;0;0m[38;2;242;240;236m [48;2;0;0;0m[38;2;211;208;200m=[48;2;0;0;0m[38;2;242;240;236m [48;2;0;0;0m[38;2;249;145;87mnull[48;2;0;0;0m[38;2;242;240;236m,[48;2;0;0;0m[38;2;242;240;236m
         166  [48;2;0;0;0m[38;2;242;240;236m            [48;2;0;0;0m[38;2;242;240;236mFunc[48;2;0;0;0m[38;2;242;240;236m<[48;2;0;0;0m[38;2;242;240;236mInventory[48;2;0;0;0m[38;2;242;240;236m.[48;2;0;0;0m[38;2;242;240;236mInventory[48;2;0;0;0m[38;2;242;240;236m>[48;2;0;0;0m[38;2;242;240;236m [48;2;0;0;0m[38;2;242;119;122mgetInventory[48;2;0;0;0m[38;2;242;240;236m [48;2;0;0;0m[38;2;211;208;200m=[48;2;0;0;0m[38;2;242;240;236m [48;2;0;0;0m[38;2;249;145;87mnull[48;2;0;0;0m[38;2;242;240;236m,[48;2;0;0;0m[38;2;242;240;236m
         167  [48;2;0;0;0m[38;2;242;240;236m            [48;2;0;0;0m[38;2;242;240;236mFunc[48;2;0;0;0m[38;2;242;240;236m<[48;2;0;0;0m[38;2;242;240;236mIReadOnlyList[48;2;0;0;0m[38;2;242;240;236m<[48;2;0;0;0m[38;2;242;240;236mSurvivor[48;2;0;0;0m[38;2;242;240;236m>[48;2;0;0;0m[38;2;242;240;236m>[48;2;0;0;0m[38;2;242;240;236m [48;2;0;0;0m[38;2;242;119;122mgetSurvivors[48;2;0;0;0m[38;2;242;240;236m [48;2;0;0;0m[38;2;211;208;200m=[48;2;0;0;0m[38;2;242;240;236m [48;2;0;0;0m[38;2;249;145;87mnull[48;2;0;0;0m[38;2;242;240;236m,[48;2;0;0;0m[38;2;242;240;236m
         168  [48;2;0;0;0m[38;2;242;240;236m            [48;2;0;0;0m[38;2;242;240;236mFunc[48;2;0;0;0m[38;2;242;240;236m<[48;2;0;0;0m[38;2;204;153;204mint[48;2;0;0;0m[38;2;242;240;236m>[48;2;0;0;0m[38;2;242;240;236m [48;2;0;0;0m[38;2;242;119;122mgetDay[48;2;0;0;0m[38;2;242;240;236m [48;2;0;0;0m[38;2;211;208;200m=[48;2;0;0;0m[38;2;242;240;236m [48;2;0;0;0m[38;2;249;145;87mnull[48;2;0;0;0m[38;2;242;240;236m,[48;2;0;0;0m[38;2;242;240;236m
         169  [48;2;0;0;0m[38;2;242;240;236m            [48;2;0;0;0m[38;2;242;240;236mAction[48;2;0;0;0m[38;2;242;240;236m<[48;2;0;0;0m[38;2;242;240;236mSurvivor[48;2;0;0;0m[38;2;242;240;236m,[48;2;0;0;0m[38;2;242;240;236m [48;2;0;0;0m[38;2;204;153;204mstring[48;2;0;0;0m[38;2;242;240;236m>[48;2;0;0;0m[38;2;242;240;236m [48;2;0;0;0m[38;2;242;119;122minflictTrauma[48;2;0;0;0m[38;2;242;240;236m [48;2;0;0;0m[38;2;211;208;200m=[48;2;0;0;0m[38;2;242;240;236m [48;2;0;0;0m[38;2;249;145;87mnull[48;2;0;0;0m[38;2;242;240;236m,[48;2;0;0;0m[38;2;242;240;236m
              [hid 1 additional lines]

    Function with many returns (count = 10): GetWeaponBasePower

         375  [48;2;0;0;0m[38;2;242;240;236m        [48;2;0;0;0m[38;2;204;153;204mpublic[48;2;0;0;0m[38;2;242;240;236m [48;2;0;0;0m[38;2;204;153;204mstatic[48;2;0;0;0m[38;2;242;240;236m [48;2;0;0;0m[38;2;204;153;204mfloat[48;2;0;0;0m[38;2;242;240;236m [48;2;0;0;0m[38;2;102;153;204mGetWeaponBasePower[48;2;0;0;0m[38;2;242;240;236m([48;2;0;0;0m[38;2;242;240;236mItemDefinition[48;2;0;0;0m[38;2;242;240;236m [48;2;0;0;0m[38;2;242;119;122mitem[48;2;0;0;0m[38;2;242;240;236m)[48;2;0;0;0m[38;2;242;240;236m
         376  [48;2;0;0;0m[38;2;242;240;236m        [48;2;0;0;0m[38;2;242;240;236m{[48;2;0;0;0m[38;2;242;240;236m
         377  [48;2;0;0;0m[38;2;242;240;236m            [48;2;0;0;0m[38;2;204;153;204mif[48;2;0;0;0m[38;2;242;240;236m [48;2;0;0;0m[38;2;242;240;236m([48;2;0;0;0m[38;2;242;119;122mitem[48;2;0;0;0m[38;2;242;240;236m [48;2;0;0;0m[38;2;211;208;200m==[48;2;0;0;0m[38;2;242;240;236m [48;2;0;0;0m[38;2;249;145;87mnull[48;2;0;0;0m[38;2;242;240;236m)[48;2;0;0;0m[38;2;242;240;236m [48;2;0;0;0m[38;2;204;153;204mreturn[48;2;0;0;0m[38;2;242;240;236m [48;2;0;0;0m[38;2;249;145;87m0[48;2;0;0;0m[38;2;204;153;204mf[48;2;0;0;0m[38;2;242;240;236m;[48;2;0;0;0m[38;2;242;240;236m
         378  [48;2;0;0;0m[38;2;242;240;236m            [48;2;0;0;0m[38;2;204;153;204mif[48;2;0;0;0m[38;2;242;240;236m [48;2;0;0;0m[38;2;242;240;236m([48;2;0;0;0m[38;2;102;153;204mIsAmmoItem[48;2;0;0;0m[38;2;242;240;236m([48;2;0;0;0m[38;2;242;119;122mitem[48;2;0;0;0m[38;2;242;240;236m)[48;2;0;0;0m[38;2;242;240;236m [48;2;0;0;0m[38;2;211;208;200m||[48;2;0;0;0m[38;2;242;240;236m [48;2;0;0;0m[38;2;102;153;204mIsAmmoId[48;2;0;0;0m[38;2;242;240;236m([48;2;0;0;0m[38;2;242;119;122mitem[48;2;0;0;0m[38;2;242;240;236m.[48;2;0;0;0m[38;2;242;119;122mid[48;2;0;0;0m[38;2;242;240;236m)[48;2;0;0;0m[38;2;242;240;236m)[48;2;0;0;0m[38;2;242;240;236m [48;2;0;0;0m[38;2;204;153;204mreturn[48;2;0;0;0m[38;2;242;240;236m [48;2;0;0;0m[38;2;249;145;87m0[48;2;0;0;0m[38;2;204;153;204mf[48;2;0;0;0m[38;2;242;240;236m;[48;2;0;0;0m[38;2;242;240;236m [48;2;0;0;0m[38;2;116;115;105m//[48;2;0;0;0m[38;2;116;115;105m counted per-stack below
         379  [48;2;0;0;0m[38;2;242;240;236m
         380  [48;2;0;0;0m[38;2;242;240;236m            [48;2;0;0;0m[38;2;204;153;204mswitch[48;2;0;0;0m[38;2;242;240;236m [48;2;0;0;0m[38;2;242;240;236m([48;2;0;0;0m[38;2;242;119;122mitem[48;2;0;0;0m[38;2;242;240;236m.[48;2;0;0;0m[38;2;242;119;122mid[48;2;0;0;0m[38;2;242;240;236m)[48;2;0;0;0m[38;2;242;240;236m
              [hid 13 additional lines]

    Function with many returns (count = 6): Tick

        1135  [48;2;0;0;0m[38;2;242;240;236m        [48;2;0;0;0m[38;2;204;153;204mpublic[48;2;0;0;0m[38;2;242;240;236m [48;2;0;0;0m[38;2;242;240;236mRaidResolution[48;2;0;0;0m[38;2;242;240;236m [48;2;0;0;0m[38;2;102;153;204mTick[48;2;0;0;0m[38;2;242;240;236m([48;2;0;0;0m[38;2;204;153;204mfloat[48;2;0;0;0m[38;2;242;240;236m [48;2;0;0;0m[38;2;242;119;122mgameHours[48;2;0;0;0m[38;2;242;240;236m,[48;2;0;0;0m[38;2;242;240;236m [48;2;0;0;0m[38;2;242;240;236mPowerNetwork[48;2;0;0;0m[38;2;242;240;236m [48;2;0;0;0m[38;2;242;119;122mpower[48;2;0;0;0m[38;2;242;240;236m [48;2;0;0;0m[38;2;211;208;200m=[48;2;0;0;0m[38;2;242;240;236m [48;2;0;0;0m[38;2;249;145;87mnull[48;2;0;0;0m[38;2;242;240;236m)[48;2;0;0;0m[38;2;242;240;236m
        1136  [48;2;0;0;0m[38;2;242;240;236m        [48;2;0;0;0m[38;2;242;240;236m{[48;2;0;0;0m[38;2;242;240;236m
        1137  [48;2;0;0;0m[38;2;242;240;236m            [48;2;0;0;0m[38;2;204;153;204mif[48;2;0;0;0m[38;2;242;240;236m [48;2;0;0;0m[38;2;242;240;236m([48;2;0;0;0m[38;2;242;119;122mgameHours[48;2;0;0;0m[38;2;242;240;236m [48;2;0;0;0m[38;2;211;208;200m<=[48;2;0;0;0m[38;2;242;240;236m [48;2;0;0;0m[38;2;249;145;87m0[48;2;0;0;0m[38;2;204;153;204mf[48;2;0;0;0m[38;2;242;240;236m)[48;2;0;0;0m[38;2;242;240;236m [48;2;0;0;0m[38;2;204;153;204mreturn[48;2;0;0;0m[38;2;242;240;236m [48;2;0;0;0m[38;2;249;145;87mnull[48;2;0;0;0m[38;2;242;240;236m;[48;2;0;0;0m[38;2;242;240;236m
        1138  [48;2;0;0;0m[38;2;242;240;236m
        1139  [48;2;0;0;0m[38;2;242;240;236m            [48;2;0;0;0m[38;2;102;153;204mTickRaidHalt[48;2;0;0;0m[38;2;242;240;236m([48;2;0;0;0m[38;2;242;119;122mgameHours[48;2;0;0;0m[38;2;242;240;236m)[48;2;0;0;0m[38;2;242;240;236m;[48;2;0;0;0m[38;2;242;240;236m
        1140  [48;2;0;0;0m[38;2;242;240;236m            [48;2;0;0;0m[38;2;102;153;204mTickRaidWindow[48;2;0;0;0m[38;2;242;240;236m([48;2;0;0;0m[38;2;242;119;122mgameHours[48;2;0;0;0m[38;2;242;240;236m)[48;2;0;0;0m[38;2;242;240;236m;[48;2;0;0;0m[38;2;242;240;236m
              [hid 21 additional lines]

    Function with many returns (count = 7): TryInstallHatchUpgrade

        1201  [48;2;0;0;0m[38;2;242;240;236m        [48;2;0;0;0m[38;2;204;153;204mpublic[48;2;0;0;0m[38;2;242;240;236m [48;2;0;0;0m[38;2;204;153;204mbool[48;2;0;0;0m[38;2;242;240;236m [48;2;0;0;0m[38;2;102;153;204mTryInstallHatchUpgrade[48;2;0;0;0m[38;2;242;240;236m([48;2;0;0;0m[38;2;242;240;236m
        1202  [48;2;0;0;0m[38;2;242;240;236m            [48;2;0;0;0m[38;2;204;153;204mstring[48;2;0;0;0m[38;2;242;240;236m [48;2;0;0;0m[38;2;242;119;122mmoduleId[48;2;0;0;0m[38;2;242;240;236m,[48;2;0;0;0m[38;2;242;240;236m
        1203  [48;2;0;0;0m[38;2;242;240;236m            [48;2;0;0;0m[38;2;242;240;236mFunc[48;2;0;0;0m[38;2;242;240;236m<[48;2;0;0;0m[38;2;204;153;204mstring[48;2;0;0;0m[38;2;242;240;236m,[48;2;0;0;0m[38;2;242;240;236m [48;2;0;0;0m[38;2;242;240;236mItemDefinition[48;2;0;0;0m[38;2;242;240;236m>[48;2;0;0;0m[38;2;242;240;236m [48;2;0;0;0m[38;2;242;119;122mitemLookup[48;2;0;0;0m[38;2;242;240;236m,[48;2;0;0;0m[38;2;242;240;236m
        1204  [48;2;0;0;0m[38;2;242;240;236m            [48;2;0;0;0m[38;2;242;240;236mInventory[48;2;0;0;0m[38;2;242;240;236m.[48;2;0;0;0m[38;2;242;240;236mInventory[48;2;0;0;0m[38;2;242;240;236m [48;2;0;0;0m[38;2;242;119;122minventory[48;2;0;0;0m[38;2;242;240;236m [48;2;0;0;0m[38;2;211;208;200m=[48;2;0;0;0m[38;2;242;240;236m [48;2;0;0;0m[38;2;249;145;87mnull[48;2;0;0;0m[38;2;242;240;236m)[48;2;0;0;0m[38;2;242;240;236m
        1205  [48;2;0;0;0m[38;2;242;240;236m        [48;2;0;0;0m[38;2;242;240;236m{[48;2;0;0;0m[38;2;242;240;236m
        1206  [48;2;0;0;0m[38;2;242;240;236m            [48;2;0;0;0m[38;2;204;153;204mif[48;2;0;0;0m[38;2;242;240;236m [48;2;0;0;0m[38;2;242;240;236m([48;2;0;0;0m[38;2;204;153;204mstring[48;2;0;0;0m[38;2;242;240;236m.[48;2;0;0;0m[38;2;102;153;204mIsNullOrEmpty[48;2;0;0;0m[38;2;242;240;236m([48;2;0;0;0m[38;2;242;119;122mmoduleId[48;2;0;0;0m[38;2;242;240;236m)[48;2;0;0;0m[38;2;242;240;236m [48;2;0;0;0m[38;2;211;208;200m||[48;2;0;0;0m[38;2;242;240;236m [48;2;0;0;0m[38;2;211;208;200m![48;2;0;0;0m[38;2;102;153;204mIsHatchModuleId[48;2;0;0;0m[38;2;242;240;236m([48;2;0;0;0m[38;2;242;119;122mmoduleId[48;2;0;0;0m[38;2;242;240;236m)[48;2;0;0;0m[38;2;242;240;236m)[48;2;0;0;0m[38;2;242;240;236m [48;2;0;0;0m[38;2;204;153;204mreturn[48;2;0;0;0m[38;2;242;240;236m [48;2;0;0;0m[38;2;249;145;87mfalse[48;2;0;0;0m[38;2;242;240;236m;[48;2;0;0;0m[38;2;242;240;236m
              [hid 67 additional lines]

    Deeply nested control flow (level = 5)

         822  [48;2;0;0;0m[38;2;242;240;236m                            [48;2;0;0;0m[38;2;204;153;204mif[48;2;0;0;0m[38;2;242;240;236m [48;2;0;0;0m[38;2;242;240;236m([48;2;0;0;0m[38;2;242;119;122msurvivors[48;2;0;0;0m[38;2;242;240;236m[[48;2;0;0;0m[38;2;242;119;122ms[48;2;0;0;0m[38;2;242;240;236m][48;2;0;0;0m[38;2;242;240;236m [48;2;0;0;0m[38;2;211;208;200m!=[48;2;0;0;0m[38;2;242;240;236m [48;2;0;0;0m[38;2;249;145;87mnull[48;2;0;0;0m[38;2;242;240;236m [48;2;0;0;0m[38;2;211;208;200m&&[48;2;0;0;0m[38;2;242;240;236m [48;2;0;0;0m[38;2;242;119;122m_activeGuards[48;2;0;0;0m[38;2;242;240;236m.[48;2;0;0;0m[38;2;102;153;204mContainsKey[48;2;0;0;0m[38;2;242;240;236m([48;2;0;0;0m[38;2;242;119;122msurvivors[48;2;0;0;0m[38;2;242;240;236m[[48;2;0;0;0m[38;2;242;119;122ms[48;2;0;0;0m[38;2;242;240;236m][48;2;0;0;0m[38;2;242;240;236m.[48;2;0;0;0m[38;2;242;119;122mId[48;2;0;0;0m[38;2;242;240;236m)[48;2;0;0;0m[38;2;242;240;236m)[48;2;0;0;0m[38;2;242;240;236m
         823  [48;2;0;0;0m[38;2;242;240;236m                            [48;2;0;0;0m[38;2;242;240;236m{[48;2;0;0;0m[38;2;242;240;236m
         824  [48;2;0;0;0m[38;2;242;240;236m                                [48;2;0;0;0m[38;2;242;119;122mjamSurvivor[48;2;0;0;0m[38;2;242;240;236m [48;2;0;0;0m[38;2;211;208;200m=[48;2;0;0;0m[38;2;242;240;236m [48;2;0;0;0m[38;2;242;119;122msurvivors[48;2;0;0;0m[38;2;242;240;236m[[48;2;0;0;0m[38;2;242;119;122ms[48;2;0;0;0m[38;2;242;240;236m][48;2;0;0;0m[38;2;242;240;236m;[48;2;0;0;0m[38;2;242;240;236m
         825  [48;2;0;0;0m[38;2;242;240;236m                                [48;2;0;0;0m[38;2;204;153;204mif[48;2;0;0;0m[38;2;242;240;236m [48;2;0;0;0m[38;2;242;240;236m([48;2;0;0;0m[38;2;242;119;122m_combatPerks[48;2;0;0;0m[38;2;242;240;236m [48;2;0;0;0m[38;2;211;208;200m!=[48;2;0;0;0m[38;2;242;240;236m [48;2;0;0;0m[38;2;249;145;87mnull[48;2;0;0;0m[38;2;242;240;236m)[48;2;0;0;0m[38;2;242;240;236m
         826  [48;2;0;0;0m[38;2;242;240;236m                                    [48;2;0;0;0m[38;2;242;119;122mclearTicks[48;2;0;0;0m[38;2;242;240;236m [48;2;0;0;0m[38;2;211;208;200m=[48;2;0;0;0m[38;2;242;240;236m [48;2;0;0;0m[38;2;242;119;122m_combatPerks[48;2;0;0;0m[38;2;242;240;236m.[48;2;0;0;0m[38;2;102;153;204mGetJamClearTicks[48;2;0;0;0m[38;2;242;240;236m([48;2;0;0;0m[38;2;242;119;122mjamSurvivor[48;2;0;0;0m[38;2;242;240;236m)[48;2;0;0;0m[38;2;242;240;236m;[48;2;0;0;0m[38;2;242;240;236m
         827  [48;2;0;0;0m[38;2;242;240;236m                                [48;2;0;0;0m[38;2;204;153;204mbreak[48;2;0;0;0m[38;2;242;240;236m;[48;2;0;0;0m[38;2;242;240;236m
              [hid 1 additional lines]

    High total complexity (count = 414)

           1  [48;2;0;0;0m[38;2;204;153;204musing[48;2;0;0;0m[38;2;211;208;200m [48;2;0;0;0m[38;2;211;208;200mSystem[48;2;0;0;0m[38;2;211;208;200m;[48;2;0;0;0m[38;2;211;208;200m
           2  [48;2;0;0;0m[38;2;204;153;204musing[48;2;0;0;0m[38;2;211;208;200m [48;2;0;0;0m[38;2;211;208;200mSystem[48;2;0;0;0m[38;2;211;208;200m.[48;2;0;0;0m[38;2;211;208;200mCollections[48;2;0;0;0m[38;2;211;208;200m.[48;2;0;0;0m[38;2;211;208;200mGeneric[48;2;0;0;0m[38;2;211;208;200m;[48;2;0;0;0m[38;2;211;208;200m
           3  [48;2;0;0;0m[38;2;204;153;204musing[48;2;0;0;0m[38;2;211;208;200m [48;2;0;0;0m[38;2;211;208;200mUnityEngine[48;2;0;0;0m[38;2;211;208;200m;[48;2;0;0;0m[38;2;211;208;200m
           4  [48;2;0;0;0m[38;2;204;153;204musing[48;2;0;0;0m[38;2;211;208;200m [48;2;0;0;0m[38;2;211;208;200mAtomicWar[48;2;0;0;0m[38;2;211;208;200m.[48;2;0;0;0m[38;2;211;208;200m_Game[48;2;0;0;0m[38;2;211;208;200m.[48;2;0;0;0m[38;2;211;208;200mInventory[48;2;0;0;0m[38;2;211;208;200m;[48;2;0;0;0m[38;2;211;208;200m
           5  [48;2;0;0;0m[38;2;204;153;204musing[48;2;0;0;0m[38;2;211;208;200m [48;2;0;0;0m[38;2;211;208;200mAtomicWar[48;2;0;0;0m[38;2;211;208;200m.[48;2;0;0;0m[38;2;211;208;200m_Game[48;2;0;0;0m[38;2;211;208;200m.[48;2;0;0;0m[38;2;211;208;200mShelter[48;2;0;0;0m[38;2;211;208;200m.[48;2;0;0;0m[38;2;211;208;200mModules[48;2;0;0;0m[38;2;211;208;200m;[48;2;0;0;0m[38;2;211;208;200m
           6  [48;2;0;0;0m[38;2;204;153;204musing[48;2;0;0;0m[38;2;211;208;200m [48;2;0;0;0m[38;2;211;208;200mAtomicWar[48;2;0;0;0m[38;2;211;208;200m.[48;2;0;0;0m[38;2;211;208;200m_Game[48;2;0;0;0m[38;2;211;208;200m.[48;2;0;0;0m[38;2;211;208;200mSurvivors[48;2;0;0;0m[38;2;211;208;200m;[48;2;0;0;0m[38;2;211;208;200m
              [hid 1366 additional lines]

    Function with high complexity (count = 25): GetShelterSecurity

         224  [48;2;0;0;0m[38;2;242;240;236m        [48;2;0;0;0m[38;2;204;153;204mpublic[48;2;0;0;0m[38;2;242;240;236m [48;2;0;0;0m[38;2;204;153;204mfloat[48;2;0;0;0m[38;2;242;240;236m [48;2;0;0;0m[38;2;102;153;204mGetShelterSecurity[48;2;0;0;0m[38;2;242;240;236m([48;2;0;0;0m[38;2;242;240;236m)[48;2;0;0;0m[38;2;242;240;236m
         225  [48;2;0;0;0m[38;2;242;240;236m        [48;2;0;0;0m[38;2;242;240;236m{[48;2;0;0;0m[38;2;242;240;236m
         226  [48;2;0;0;0m[38;2;242;240;236m            [48;2;0;0;0m[38;2;204;153;204mif[48;2;0;0;0m[38;2;242;240;236m [48;2;0;0;0m[38;2;242;240;236m([48;2;0;0;0m[38;2;242;119;122mSecurityOverride[48;2;0;0;0m[38;2;242;240;236m [48;2;0;0;0m[38;2;211;208;200m>=[48;2;0;0;0m[38;2;242;240;236m [48;2;0;0;0m[38;2;249;145;87m0[48;2;0;0;0m[38;2;204;153;204mf[48;2;0;0;0m[38;2;242;240;236m)[48;2;0;0;0m[38;2;242;240;236m
         227  [48;2;0;0;0m[38;2;242;240;236m            [48;2;0;0;0m[38;2;242;240;236m{[48;2;0;0;0m[38;2;242;240;236m
         228  [48;2;0;0;0m[38;2;242;240;236m                [48;2;0;0;0m[38;2;204;153;204mfloat[48;2;0;0;0m[38;2;242;240;236m [48;2;0;0;0m[38;2;242;119;122mover[48;2;0;0;0m[38;2;242;240;236m [48;2;0;0;0m[38;2;211;208;200m=[48;2;0;0;0m[38;2;242;240;236m [48;2;0;0;0m[38;2;242;119;122mSecurityOverride[48;2;0;0;0m[38;2;242;240;236m [48;2;0;0;0m[38;2;211;208;200m+[48;2;0;0;0m[38;2;242;240;236m [48;2;0;0;0m[38;2;102;153;204mGetGuardBonus[48;2;0;0;0m[38;2;242;240;236m([48;2;0;0;0m[38;2;242;240;236m)[48;2;0;0;0m[38;2;242;240;236m;[48;2;0;0;0m[38;2;242;240;236m
         229  [48;2;0;0;0m[38;2;242;240;236m                [48;2;0;0;0m[38;2;116;115;105m//[48;2;0;0;0m[38;2;116;115;105m #257 Art of War: +25% ShelterSecurity while a living General is in-bunker.
              [hid 46 additional lines]

    Function with high complexity (count = 18): GetWeaponPower

         313  [48;2;0;0;0m[38;2;242;240;236m        [48;2;0;0;0m[38;2;204;153;204mpublic[48;2;0;0;0m[38;2;242;240;236m [48;2;0;0;0m[38;2;204;153;204mfloat[48;2;0;0;0m[38;2;242;240;236m [48;2;0;0;0m[38;2;102;153;204mGetWeaponPower[48;2;0;0;0m[38;2;242;240;236m([48;2;0;0;0m[38;2;242;240;236mInventory[48;2;0;0;0m[38;2;242;240;236m.[48;2;0;0;0m[38;2;242;240;236mInventory[48;2;0;0;0m[38;2;242;240;236m [48;2;0;0;0m[38;2;242;119;122minventory[48;2;0;0;0m[38;2;242;240;236m [48;2;0;0;0m[38;2;211;208;200m=[48;2;0;0;0m[38;2;242;240;236m [48;2;0;0;0m[38;2;249;145;87mnull[48;2;0;0;0m[38;2;242;240;236m)[48;2;0;0;0m[38;2;242;240;236m
         314  [48;2;0;0;0m[38;2;242;240;236m        [48;2;0;0;0m[38;2;242;240;236m{[48;2;0;0;0m[38;2;242;240;236m
         315  [48;2;0;0;0m[38;2;242;240;236m            [48;2;0;0;0m[38;2;204;153;204mvar[48;2;0;0;0m[38;2;242;240;236m [48;2;0;0;0m[38;2;242;119;122minv[48;2;0;0;0m[38;2;242;240;236m [48;2;0;0;0m[38;2;211;208;200m=[48;2;0;0;0m[38;2;242;240;236m [48;2;0;0;0m[38;2;242;119;122minventory[48;2;0;0;0m[38;2;242;240;236m [48;2;0;0;0m[38;2;211;208;200m??[48;2;0;0;0m[38;2;242;240;236m [48;2;0;0;0m[38;2;242;240;236m([48;2;0;0;0m[38;2;242;119;122m_getInventory[48;2;0;0;0m[38;2;242;240;236m [48;2;0;0;0m[38;2;211;208;200m!=[48;2;0;0;0m[38;2;242;240;236m [48;2;0;0;0m[38;2;249;145;87mnull[48;2;0;0;0m[38;2;242;240;236m [48;2;0;0;0m[38;2;211;208;200m?[48;2;0;0;0m[38;2;242;240;236m [48;2;0;0;0m[38;2;102;153;204m_getInventory[48;2;0;0;0m[38;2;242;240;236m([48;2;0;0;0m[38;2;242;240;236m)[48;2;0;0;0m[38;2;242;240;236m [48;2;0;0;0m[38;2;211;208;200m:[48;2;0;0;0m[38;2;242;240;236m [48;2;0;0;0m[38;2;249;145;87mnull[48;2;0;0;0m[38;2;242;240;236m)[48;2;0;0;0m[38;2;242;240;236m;[48;2;0;0;0m[38;2;242;240;236m
         316  [48;2;0;0;0m[38;2;242;240;236m            [48;2;0;0;0m[38;2;204;153;204mif[48;2;0;0;0m[38;2;242;240;236m [48;2;0;0;0m[38;2;242;240;236m([48;2;0;0;0m[38;2;242;119;122minv[48;2;0;0;0m[38;2;242;240;236m?.[48;2;0;0;0m[38;2;242;119;122mSlots[48;2;0;0;0m[38;2;242;240;236m [48;2;0;0;0m[38;2;211;208;200m==[48;2;0;0;0m[38;2;242;240;236m [48;2;0;0;0m[38;2;249;145;87mnull[48;2;0;0;0m[38;2;242;240;236m)[48;2;0;0;0m[38;2;242;240;236m [48;2;0;0;0m[38;2;204;153;204mreturn[48;2;0;0;0m[38;2;242;240;236m [48;2;0;0;0m[38;2;249;145;87m0[48;2;0;0;0m[38;2;204;153;204mf[48;2;0;0;0m[38;2;242;240;236m;[48;2;0;0;0m[38;2;242;240;236m
         317  [48;2;0;0;0m[38;2;242;240;236m
         318  [48;2;0;0;0m[38;2;242;240;236m            [48;2;0;0;0m[38;2;204;153;204mfloat[48;2;0;0;0m[38;2;242;240;236m [48;2;0;0;0m[38;2;242;119;122mpower[48;2;0;0;0m[38;2;242;240;236m [48;2;0;0;0m[38;2;211;208;200m=[48;2;0;0;0m[38;2;242;240;236m [48;2;0;0;0m[38;2;249;145;87m0[48;2;0;0;0m[38;2;204;153;204mf[48;2;0;0;0m[38;2;242;240;236m;[48;2;0;0;0m[38;2;242;240;236m
              [hid 24 additional lines]

    Function with high complexity (count = 57): ResolveRaid

         590  [48;2;0;0;0m[38;2;242;240;236m        [48;2;0;0;0m[38;2;204;153;204mpublic[48;2;0;0;0m[38;2;242;240;236m [48;2;0;0;0m[38;2;242;240;236mRaidResolution[48;2;0;0;0m[38;2;242;240;236m [48;2;0;0;0m[38;2;102;153;204mResolveRaid[48;2;0;0;0m[38;2;242;240;236m([48;2;0;0;0m[38;2;242;240;236mRaidEvent[48;2;0;0;0m[38;2;242;240;236m [48;2;0;0;0m[38;2;242;119;122mraid[48;2;0;0;0m[38;2;242;240;236m,[48;2;0;0;0m[38;2;242;240;236m [48;2;0;0;0m[38;2;204;153;204mbool[48;2;0;0;0m[38;2;242;240;236m [48;2;0;0;0m[38;2;242;119;122mignoreDayGate[48;2;0;0;0m[38;2;242;240;236m [48;2;0;0;0m[38;2;211;208;200m=[48;2;0;0;0m[38;2;242;240;236m [48;2;0;0;0m[38;2;249;145;87mfalse[48;2;0;0;0m[38;2;242;240;236m)[48;2;0;0;0m[38;2;242;240;236m
         591  [48;2;0;0;0m[38;2;242;240;236m        [48;2;0;0;0m[38;2;242;240;236m{[48;2;0;0;0m[38;2;242;240;236m
         592  [48;2;0;0;0m[38;2;242;240;236m            [48;2;0;0;0m[38;2;204;153;204mvar[48;2;0;0;0m[38;2;242;240;236m [48;2;0;0;0m[38;2;242;119;122mresult[48;2;0;0;0m[38;2;242;240;236m [48;2;0;0;0m[38;2;211;208;200m=[48;2;0;0;0m[38;2;242;240;236m [48;2;0;0;0m[38;2;211;208;200mnew[48;2;0;0;0m[38;2;242;240;236m [48;2;0;0;0m[38;2;242;240;236mRaidResolution[48;2;0;0;0m[38;2;242;240;236m
         593  [48;2;0;0;0m[38;2;242;240;236m            [48;2;0;0;0m[38;2;242;240;236m{[48;2;0;0;0m[38;2;242;240;236m
         594  [48;2;0;0;0m[38;2;242;240;236m                [48;2;0;0;0m[38;2;242;119;122mEvent[48;2;0;0;0m[38;2;242;240;236m [48;2;0;0;0m[38;2;211;208;200m=[48;2;0;0;0m[38;2;242;240;236m [48;2;0;0;0m[38;2;242;119;122mraid[48;2;0;0;0m[38;2;242;240;236m,[48;2;0;0;0m[38;2;242;240;236m
         595  [48;2;0;0;0m[38;2;242;240;236m                [48;2;0;0;0m[38;2;242;119;122mLaunched[48;2;0;0;0m[38;2;242;240;236m [48;2;0;0;0m[38;2;211;208;200m=[48;2;0;0;0m[38;2;242;240;236m [48;2;0;0;0m[38;2;249;145;87mfalse[48;2;0;0;0m[38;2;242;240;236m,[48;2;0;0;0m[38;2;242;240;236m
              [hid 139 additional lines]

    Function with high complexity (count = 65): ApplyRepelCosts

         758  [48;2;0;0;0m[38;2;242;240;236m        [48;2;0;0;0m[38;2;204;153;204mprivate[48;2;0;0;0m[38;2;242;240;236m [48;2;0;0;0m[38;2;204;153;204mvoid[48;2;0;0;0m[38;2;242;240;236m [48;2;0;0;0m[38;2;102;153;204mApplyRepelCosts[48;2;0;0;0m[38;2;242;240;236m([48;2;0;0;0m[38;2;242;240;236mRaidResolution[48;2;0;0;0m[38;2;242;240;236m [48;2;0;0;0m[38;2;242;119;122mresult[48;2;0;0;0m[38;2;242;240;236m)[48;2;0;0;0m[38;2;242;240;236m
         759  [48;2;0;0;0m[38;2;242;240;236m        [48;2;0;0;0m[38;2;242;240;236m{[48;2;0;0;0m[38;2;242;240;236m
         760  [48;2;0;0;0m[38;2;242;240;236m            [48;2;0;0;0m[38;2;204;153;204mvar[48;2;0;0;0m[38;2;242;240;236m [48;2;0;0;0m[38;2;242;119;122minv[48;2;0;0;0m[38;2;242;240;236m [48;2;0;0;0m[38;2;211;208;200m=[48;2;0;0;0m[38;2;242;240;236m [48;2;0;0;0m[38;2;242;119;122m_getInventory[48;2;0;0;0m[38;2;242;240;236m [48;2;0;0;0m[38;2;211;208;200m!=[48;2;0;0;0m[38;2;242;240;236m [48;2;0;0;0m[38;2;249;145;87mnull[48;2;0;0;0m[38;2;242;240;236m [48;2;0;0;0m[38;2;211;208;200m?[48;2;0;0;0m[38;2;242;240;236m [48;2;0;0;0m[38;2;102;153;204m_getInventory[48;2;0;0;0m[38;2;242;240;236m([48;2;0;0;0m[38;2;242;240;236m)[48;2;0;0;0m[38;2;242;240;236m [48;2;0;0;0m[38;2;211;208;200m:[48;2;0;0;0m[38;2;242;240;236m [48;2;0;0;0m[38;2;249;145;87mnull[48;2;0;0;0m[38;2;242;240;236m;[48;2;0;0;0m[38;2;242;240;236m
         761  [48;2;0;0;0m[38;2;242;240;236m            [48;2;0;0;0m[38;2;204;153;204mif[48;2;0;0;0m[38;2;242;240;236m [48;2;0;0;0m[38;2;242;240;236m([48;2;0;0;0m[38;2;242;119;122minv[48;2;0;0;0m[38;2;242;240;236m?.[48;2;0;0;0m[38;2;242;119;122mSlots[48;2;0;0;0m[38;2;242;240;236m [48;2;0;0;0m[38;2;211;208;200m==[48;2;0;0;0m[38;2;242;240;236m [48;2;0;0;0m[38;2;249;145;87mnull[48;2;0;0;0m[38;2;242;240;236m)[48;2;0;0;0m[38;2;242;240;236m [48;2;0;0;0m[38;2;204;153;204mreturn[48;2;0;0;0m[38;2;242;240;236m;[48;2;0;0;0m[38;2;242;240;236m
         762  [48;2;0;0;0m[38;2;242;240;236m
         763  [48;2;0;0;0m[38;2;242;240;236m            [48;2;0;0;0m[38;2;116;115;105m//[48;2;0;0;0m[38;2;116;115;105m Prefer consuming ammo; fall back to weapon durability
              [hid 78 additional lines]

    Function with high complexity (count = 21): RollTrauma

         913  [48;2;0;0;0m[38;2;242;240;236m        [48;2;0;0;0m[38;2;204;153;204mprivate[48;2;0;0;0m[38;2;242;240;236m [48;2;0;0;0m[38;2;204;153;204mvoid[48;2;0;0;0m[38;2;242;240;236m [48;2;0;0;0m[38;2;102;153;204mRollTrauma[48;2;0;0;0m[38;2;242;240;236m([48;2;0;0;0m[38;2;242;240;236mRaidResolution[48;2;0;0;0m[38;2;242;240;236m [48;2;0;0;0m[38;2;242;119;122mresult[48;2;0;0;0m[38;2;242;240;236m)[48;2;0;0;0m[38;2;242;240;236m
         914  [48;2;0;0;0m[38;2;242;240;236m        [48;2;0;0;0m[38;2;242;240;236m{[48;2;0;0;0m[38;2;242;240;236m
         915  [48;2;0;0;0m[38;2;242;240;236m            [48;2;0;0;0m[38;2;204;153;204mvar[48;2;0;0;0m[38;2;242;240;236m [48;2;0;0;0m[38;2;242;119;122msurvivors[48;2;0;0;0m[38;2;242;240;236m [48;2;0;0;0m[38;2;211;208;200m=[48;2;0;0;0m[38;2;242;240;236m [48;2;0;0;0m[38;2;242;119;122m_getSurvivors[48;2;0;0;0m[38;2;242;240;236m [48;2;0;0;0m[38;2;211;208;200m!=[48;2;0;0;0m[38;2;242;240;236m [48;2;0;0;0m[38;2;249;145;87mnull[48;2;0;0;0m[38;2;242;240;236m [48;2;0;0;0m[38;2;211;208;200m?[48;2;0;0;0m[38;2;242;240;236m [48;2;0;0;0m[38;2;102;153;204m_getSurvivors[48;2;0;0;0m[38;2;242;240;236m([48;2;0;0;0m[38;2;242;240;236m)[48;2;0;0;0m[38;2;242;240;236m [48;2;0;0;0m[38;2;211;208;200m:[48;2;0;0;0m[38;2;242;240;236m [48;2;0;0;0m[38;2;249;145;87mnull[48;2;0;0;0m[38;2;242;240;236m;[48;2;0;0;0m[38;2;242;240;236m
         916  [48;2;0;0;0m[38;2;242;240;236m            [48;2;0;0;0m[38;2;204;153;204mif[48;2;0;0;0m[38;2;242;240;236m [48;2;0;0;0m[38;2;242;240;236m([48;2;0;0;0m[38;2;242;119;122msurvivors[48;2;0;0;0m[38;2;242;240;236m [48;2;0;0;0m[38;2;211;208;200m==[48;2;0;0;0m[38;2;242;240;236m [48;2;0;0;0m[38;2;249;145;87mnull[48;2;0;0;0m[38;2;242;240;236m [48;2;0;0;0m[38;2;211;208;200m||[48;2;0;0;0m[38;2;242;240;236m [48;2;0;0;0m[38;2;242;119;122msurvivors[48;2;0;0;0m[38;2;242;240;236m.[48;2;0;0;0m[38;2;242;119;122mCount[48;2;0;0;0m[38;2;242;240;236m [48;2;0;0;0m[38;2;211;208;200m==[48;2;0;0;0m[38;2;242;240;236m [48;2;0;0;0m[38;2;249;145;87m0[48;2;0;0;0m[38;2;242;240;236m)[48;2;0;0;0m[38;2;242;240;236m [48;2;0;0;0m[38;2;204;153;204mreturn[48;2;0;0;0m[38;2;242;240;236m;[48;2;0;0;0m[38;2;242;240;236m
         917  [48;2;0;0;0m[38;2;242;240;236m
         918  [48;2;0;0;0m[38;2;242;240;236m            [48;2;0;0;0m[38;2;204;153;204mfloat[48;2;0;0;0m[38;2;242;240;236m [48;2;0;0;0m[38;2;242;119;122mdeficit[48;2;0;0;0m[38;2;242;240;236m [48;2;0;0;0m[38;2;211;208;200m=[48;2;0;0;0m[38;2;242;240;236m [48;2;0;0;0m[38;2;242;119;122mMathf[48;2;0;0;0m[38;2;242;240;236m.[48;2;0;0;0m[38;2;102;153;204mMax[48;2;0;0;0m[38;2;242;240;236m([48;2;0;0;0m[38;2;249;145;87m0[48;2;0;0;0m[38;2;204;153;204mf[48;2;0;0;0m[38;2;242;240;236m,[48;2;0;0;0m[38;2;242;240;236m [48;2;0;0;0m[38;2;242;119;122mresult[48;2;0;0;0m[38;2;242;240;236m.[48;2;0;0;0m[38;2;242;119;122mRaidStrength[48;2;0;0;0m[38;2;242;240;236m [48;2;0;0;0m[38;2;211;208;200m-[48;2;0;0;0m[38;2;242;240;236m [48;2;0;0;0m[38;2;242;119;122mresult[48;2;0;0;0m[38;2;242;240;236m.[48;2;0;0;0m[38;2;242;119;122mDefenseScore[48;2;0;0;0m[38;2;242;240;236m)[48;2;0;0;0m[38;2;242;240;236m;[48;2;0;0;0m[38;2;242;240;236m
              [hid 42 additional lines]

    Function with high complexity (count = 23): RecordPrepperHatchDestroyedIfAny

        1039  [48;2;0;0;0m[38;2;242;240;236m        [48;2;0;0;0m[38;2;204;153;204mprivate[48;2;0;0;0m[38;2;242;240;236m [48;2;0;0;0m[38;2;204;153;204mvoid[48;2;0;0;0m[38;2;242;240;236m [48;2;0;0;0m[38;2;102;153;204mRecordPrepperHatchDestroyedIfAny[48;2;0;0;0m[38;2;242;240;236m([48;2;0;0;0m[38;2;242;240;236mRaidResolution[48;2;0;0;0m[38;2;242;240;236m [48;2;0;0;0m[38;2;242;119;122mresult[48;2;0;0;0m[38;2;242;240;236m,[48;2;0;0;0m[38;2;242;240;236m [48;2;0;0;0m[38;2;204;153;204mint[48;2;0;0;0m[38;2;242;240;236m [48;2;0;0;0m[38;2;242;119;122mday[48;2;0;0;0m[38;2;242;240;236m)[48;2;0;0;0m[38;2;242;240;236m
        1040  [48;2;0;0;0m[38;2;242;240;236m        [48;2;0;0;0m[38;2;242;240;236m{[48;2;0;0;0m[38;2;242;240;236m
        1041  [48;2;0;0;0m[38;2;242;240;236m            [48;2;0;0;0m[38;2;204;153;204mif[48;2;0;0;0m[38;2;242;240;236m [48;2;0;0;0m[38;2;242;240;236m([48;2;0;0;0m[38;2;242;119;122m_personalQuests[48;2;0;0;0m[38;2;242;240;236m [48;2;0;0;0m[38;2;211;208;200m==[48;2;0;0;0m[38;2;242;240;236m [48;2;0;0;0m[38;2;249;145;87mnull[48;2;0;0;0m[38;2;242;240;236m [48;2;0;0;0m[38;2;211;208;200m||[48;2;0;0;0m[38;2;242;240;236m [48;2;0;0;0m[38;2;242;119;122mresult[48;2;0;0;0m[38;2;242;240;236m [48;2;0;0;0m[38;2;211;208;200m==[48;2;0;0;0m[38;2;242;240;236m [48;2;0;0;0m[38;2;249;145;87mnull[48;2;0;0;0m[38;2;242;240;236m [48;2;0;0;0m[38;2;211;208;200m||[48;2;0;0;0m[38;2;242;240;236m [48;2;0;0;0m[38;2;211;208;200m![48;2;0;0;0m[38;2;242;119;122mresult[48;2;0;0;0m[38;2;242;240;236m.[48;2;0;0;0m[38;2;242;119;122mBreached[48;2;0;0;0m[38;2;242;240;236m)[48;2;0;0;0m[38;2;242;240;236m [48;2;0;0;0m[38;2;204;153;204mreturn[48;2;0;0;0m[38;2;242;240;236m;[48;2;0;0;0m[38;2;242;240;236m
        1042  [48;2;0;0;0m[38;2;242;240;236m            [48;2;0;0;0m[38;2;204;153;204mbool[48;2;0;0;0m[38;2;242;240;236m [48;2;0;0;0m[38;2;242;119;122mdestroyed[48;2;0;0;0m[38;2;242;240;236m [48;2;0;0;0m[38;2;211;208;200m=[48;2;0;0;0m[38;2;242;240;236m [48;2;0;0;0m[38;2;242;119;122mresult[48;2;0;0;0m[38;2;242;240;236m.[48;2;0;0;0m[38;2;242;119;122mHatchDamage[48;2;0;0;0m[38;2;242;240;236m [48;2;0;0;0m[38;2;211;208;200m>=[48;2;0;0;0m[38;2;242;240;236m [48;2;0;0;0m[38;2;249;145;87m40[48;2;0;0;0m[38;2;204;153;204mf[48;2;0;0;0m[38;2;242;240;236m;[48;2;0;0;0m[38;2;242;240;236m
        1043  [48;2;0;0;0m[38;2;242;240;236m            [48;2;0;0;0m[38;2;204;153;204mif[48;2;0;0;0m[38;2;242;240;236m [48;2;0;0;0m[38;2;242;240;236m([48;2;0;0;0m[38;2;211;208;200m![48;2;0;0;0m[38;2;242;119;122mdestroyed[48;2;0;0;0m[38;2;242;240;236m)[48;2;0;0;0m[38;2;242;240;236m
        1044  [48;2;0;0;0m[38;2;242;240;236m            [48;2;0;0;0m[38;2;242;240;236m{[48;2;0;0;0m[38;2;242;240;236m
              [hid 23 additional lines]

    Function with high complexity (count = 40): TryInstallHatchUpgrade

        1201  [48;2;0;0;0m[38;2;242;240;236m        [48;2;0;0;0m[38;2;204;153;204mpublic[48;2;0;0;0m[38;2;242;240;236m [48;2;0;0;0m[38;2;204;153;204mbool[48;2;0;0;0m[38;2;242;240;236m [48;2;0;0;0m[38;2;102;153;204mTryInstallHatchUpgrade[48;2;0;0;0m[38;2;242;240;236m([48;2;0;0;0m[38;2;242;240;236m
        1202  [48;2;0;0;0m[38;2;242;240;236m            [48;2;0;0;0m[38;2;204;153;204mstring[48;2;0;0;0m[38;2;242;240;236m [48;2;0;0;0m[38;2;242;119;122mmoduleId[48;2;0;0;0m[38;2;242;240;236m,[48;2;0;0;0m[38;2;242;240;236m
        1203  [48;2;0;0;0m[38;2;242;240;236m            [48;2;0;0;0m[38;2;242;240;236mFunc[48;2;0;0;0m[38;2;242;240;236m<[48;2;0;0;0m[38;2;204;153;204mstring[48;2;0;0;0m[38;2;242;240;236m,[48;2;0;0;0m[38;2;242;240;236m [48;2;0;0;0m[38;2;242;240;236mItemDefinition[48;2;0;0;0m[38;2;242;240;236m>[48;2;0;0;0m[38;2;242;240;236m [48;2;0;0;0m[38;2;242;119;122mitemLookup[48;2;0;0;0m[38;2;242;240;236m,[48;2;0;0;0m[38;2;242;240;236m
        1204  [48;2;0;0;0m[38;2;242;240;236m            [48;2;0;0;0m[38;2;242;240;236mInventory[48;2;0;0;0m[38;2;242;240;236m.[48;2;0;0;0m[38;2;242;240;236mInventory[48;2;0;0;0m[38;2;242;240;236m [48;2;0;0;0m[38;2;242;119;122minventory[48;2;0;0;0m[38;2;242;240;236m [48;2;0;0;0m[38;2;211;208;200m=[48;2;0;0;0m[38;2;242;240;236m [48;2;0;0;0m[38;2;249;145;87mnull[48;2;0;0;0m[38;2;242;240;236m)[48;2;0;0;0m[38;2;242;240;236m
        1205  [48;2;0;0;0m[38;2;242;240;236m        [48;2;0;0;0m[38;2;242;240;236m{[48;2;0;0;0m[38;2;242;240;236m
        1206  [48;2;0;0;0m[38;2;242;240;236m            [48;2;0;0;0m[38;2;204;153;204mif[48;2;0;0;0m[38;2;242;240;236m [48;2;0;0;0m[38;2;242;240;236m([48;2;0;0;0m[38;2;204;153;204mstring[48;2;0;0;0m[38;2;242;240;236m.[48;2;0;0;0m[38;2;102;153;204mIsNullOrEmpty[48;2;0;0;0m[38;2;242;240;236m([48;2;0;0;0m[38;2;242;119;122mmoduleId[48;2;0;0;0m[38;2;242;240;236m)[48;2;0;0;0m[38;2;242;240;236m [48;2;0;0;0m[38;2;211;208;200m||[48;2;0;0;0m[38;2;242;240;236m [48;2;0;0;0m[38;2;211;208;200m![48;2;0;0;0m[38;2;102;153;204mIsHatchModuleId[48;2;0;0;0m[38;2;242;240;236m([48;2;0;0;0m[38;2;242;119;122mmoduleId[48;2;0;0;0m[38;2;242;240;236m)[48;2;0;0;0m[38;2;242;240;236m)[48;2;0;0;0m[38;2;242;240;236m [48;2;0;0;0m[38;2;204;153;204mreturn[48;2;0;0;0m[38;2;242;240;236m [48;2;0;0;0m[38;2;249;145;87mfalse[48;2;0;0;0m[38;2;242;240;236m;[48;2;0;0;0m[38;2;242;240;236m
              [hid 67 additional lines]


Assets/_Game/Shelter/InternalLockSystem.cs
    Function with high complexity (count = 18): RestoreState

          72  [48;2;0;0;0m[38;2;242;240;236m        [48;2;0;0;0m[38;2;204;153;204mpublic[48;2;0;0;0m[38;2;242;240;236m [48;2;0;0;0m[38;2;204;153;204mvoid[48;2;0;0;0m[38;2;242;240;236m [48;2;0;0;0m[38;2;102;153;204mRestoreState[48;2;0;0;0m[38;2;242;240;236m([48;2;0;0;0m[38;2;242;240;236mInternalLockSave[48;2;0;0;0m[38;2;242;240;236m [48;2;0;0;0m[38;2;242;119;122msave[48;2;0;0;0m[38;2;242;240;236m)[48;2;0;0;0m[38;2;242;240;236m
          73  [48;2;0;0;0m[38;2;242;240;236m        [48;2;0;0;0m[38;2;242;240;236m{[48;2;0;0;0m[38;2;242;240;236m
          74  [48;2;0;0;0m[38;2;242;240;236m            [48;2;0;0;0m[38;2;242;119;122m_roomLocks[48;2;0;0;0m[38;2;242;240;236m.[48;2;0;0;0m[38;2;102;153;204mClear[48;2;0;0;0m[38;2;242;240;236m([48;2;0;0;0m[38;2;242;240;236m)[48;2;0;0;0m[38;2;242;240;236m;[48;2;0;0;0m[38;2;242;240;236m
          75  [48;2;0;0;0m[38;2;242;240;236m            [48;2;0;0;0m[38;2;242;119;122m_roomGuards[48;2;0;0;0m[38;2;242;240;236m.[48;2;0;0;0m[38;2;102;153;204mClear[48;2;0;0;0m[38;2;242;240;236m([48;2;0;0;0m[38;2;242;240;236m)[48;2;0;0;0m[38;2;242;240;236m;[48;2;0;0;0m[38;2;242;240;236m
          76  [48;2;0;0;0m[38;2;242;240;236m            [48;2;0;0;0m[38;2;204;153;204mif[48;2;0;0;0m[38;2;242;240;236m [48;2;0;0;0m[38;2;242;240;236m([48;2;0;0;0m[38;2;242;119;122msave[48;2;0;0;0m[38;2;242;240;236m [48;2;0;0;0m[38;2;211;208;200m==[48;2;0;0;0m[38;2;242;240;236m [48;2;0;0;0m[38;2;249;145;87mnull[48;2;0;0;0m[38;2;242;240;236m)[48;2;0;0;0m[38;2;242;240;236m [48;2;0;0;0m[38;2;204;153;204mreturn[48;2;0;0;0m[38;2;242;240;236m;[48;2;0;0;0m[38;2;242;240;236m
          77  [48;2;0;0;0m[38;2;242;240;236m            [48;2;0;0;0m[38;2;204;153;204mif[48;2;0;0;0m[38;2;242;240;236m [48;2;0;0;0m[38;2;242;240;236m([48;2;0;0;0m[38;2;242;119;122msave[48;2;0;0;0m[38;2;242;240;236m.[48;2;0;0;0m[38;2;242;119;122mLockKeys[48;2;0;0;0m[38;2;242;240;236m [48;2;0;0;0m[38;2;211;208;200m!=[48;2;0;0;0m[38;2;242;240;236m [48;2;0;0;0m[38;2;249;145;87mnull[48;2;0;0;0m[38;2;242;240;236m)[48;2;0;0;0m[38;2;242;240;236m
              [hid 8 additional lines]


Assets/_Game/Shelter/JuryRigSystem.cs
    Function with many returns (count = 6): JuryRig

          80  [48;2;0;0;0m[38;2;242;240;236m        [48;2;0;0;0m[38;2;204;153;204mpublic[48;2;0;0;0m[38;2;242;240;236m [48;2;0;0;0m[38;2;204;153;204mbool[48;2;0;0;0m[38;2;242;240;236m [48;2;0;0;0m[38;2;102;153;204mJuryRig[48;2;0;0;0m[38;2;242;240;236m([48;2;0;0;0m[38;2;204;153;204mstring[48;2;0;0;0m[38;2;242;240;236m [48;2;0;0;0m[38;2;242;119;122mmoduleId[48;2;0;0;0m[38;2;242;240;236m,[48;2;0;0;0m[38;2;242;240;236m [48;2;0;0;0m[38;2;242;240;236mSurvivor[48;2;0;0;0m[38;2;242;240;236m [48;2;0;0;0m[38;2;242;119;122moperator_[48;2;0;0;0m[38;2;242;240;236m)[48;2;0;0;0m[38;2;242;240;236m
          81  [48;2;0;0;0m[38;2;242;240;236m        [48;2;0;0;0m[38;2;242;240;236m{[48;2;0;0;0m[38;2;242;240;236m
          82  [48;2;0;0;0m[38;2;242;240;236m            [48;2;0;0;0m[38;2;204;153;204mif[48;2;0;0;0m[38;2;242;240;236m [48;2;0;0;0m[38;2;242;240;236m([48;2;0;0;0m[38;2;204;153;204mstring[48;2;0;0;0m[38;2;242;240;236m.[48;2;0;0;0m[38;2;102;153;204mIsNullOrEmpty[48;2;0;0;0m[38;2;242;240;236m([48;2;0;0;0m[38;2;242;119;122mmoduleId[48;2;0;0;0m[38;2;242;240;236m)[48;2;0;0;0m[38;2;242;240;236m)[48;2;0;0;0m[38;2;242;240;236m [48;2;0;0;0m[38;2;204;153;204mreturn[48;2;0;0;0m[38;2;242;240;236m [48;2;0;0;0m[38;2;249;145;87mfalse[48;2;0;0;0m[38;2;242;240;236m;[48;2;0;0;0m[38;2;242;240;236m
          83  [48;2;0;0;0m[38;2;242;240;236m            [48;2;0;0;0m[38;2;204;153;204mif[48;2;0;0;0m[38;2;242;240;236m [48;2;0;0;0m[38;2;242;240;236m([48;2;0;0;0m[38;2;242;119;122m_riggedModules[48;2;0;0;0m[38;2;242;240;236m.[48;2;0;0;0m[38;2;102;153;204mContainsKey[48;2;0;0;0m[38;2;242;240;236m([48;2;0;0;0m[38;2;242;119;122mmoduleId[48;2;0;0;0m[38;2;242;240;236m)[48;2;0;0;0m[38;2;242;240;236m)[48;2;0;0;0m[38;2;242;240;236m [48;2;0;0;0m[38;2;204;153;204mreturn[48;2;0;0;0m[38;2;242;240;236m [48;2;0;0;0m[38;2;249;145;87mfalse[48;2;0;0;0m[38;2;242;240;236m;[48;2;0;0;0m[38;2;242;240;236m
          84  [48;2;0;0;0m[38;2;242;240;236m
          85  [48;2;0;0;0m[38;2;242;240;236m            [48;2;0;0;0m[38;2;204;153;204mvar[48;2;0;0;0m[38;2;242;240;236m [48;2;0;0;0m[38;2;242;119;122mshelter[48;2;0;0;0m[38;2;242;240;236m [48;2;0;0;0m[38;2;211;208;200m=[48;2;0;0;0m[38;2;242;240;236m [48;2;0;0;0m[38;2;242;119;122m_getShelter[48;2;0;0;0m[38;2;242;240;236m?.[48;2;0;0;0m[38;2;102;153;204mInvoke[48;2;0;0;0m[38;2;242;240;236m([48;2;0;0;0m[38;2;242;240;236m)[48;2;0;0;0m[38;2;242;240;236m;[48;2;0;0;0m[38;2;242;240;236m
              [hid 22 additional lines]

    Function with high complexity (count = 22): Tick

         145  [48;2;0;0;0m[38;2;242;240;236m        [48;2;0;0;0m[38;2;204;153;204mpublic[48;2;0;0;0m[38;2;242;240;236m [48;2;0;0;0m[38;2;204;153;204mvoid[48;2;0;0;0m[38;2;242;240;236m [48;2;0;0;0m[38;2;102;153;204mTick[48;2;0;0;0m[38;2;242;240;236m([48;2;0;0;0m[38;2;204;153;204mfloat[48;2;0;0;0m[38;2;242;240;236m [48;2;0;0;0m[38;2;242;119;122mgameHours[48;2;0;0;0m[38;2;242;240;236m,[48;2;0;0;0m[38;2;242;240;236m [48;2;0;0;0m[38;2;204;153;204mint[48;2;0;0;0m[38;2;242;240;236m [48;2;0;0;0m[38;2;242;119;122mcurrentDay[48;2;0;0;0m[38;2;242;240;236m)[48;2;0;0;0m[38;2;242;240;236m
         146  [48;2;0;0;0m[38;2;242;240;236m        [48;2;0;0;0m[38;2;242;240;236m{[48;2;0;0;0m[38;2;242;240;236m
         147  [48;2;0;0;0m[38;2;242;240;236m            [48;2;0;0;0m[38;2;204;153;204mif[48;2;0;0;0m[38;2;242;240;236m [48;2;0;0;0m[38;2;242;240;236m([48;2;0;0;0m[38;2;242;119;122mgameHours[48;2;0;0;0m[38;2;242;240;236m [48;2;0;0;0m[38;2;211;208;200m<=[48;2;0;0;0m[38;2;242;240;236m [48;2;0;0;0m[38;2;249;145;87m0[48;2;0;0;0m[38;2;204;153;204mf[48;2;0;0;0m[38;2;242;240;236m [48;2;0;0;0m[38;2;211;208;200m||[48;2;0;0;0m[38;2;242;240;236m [48;2;0;0;0m[38;2;242;119;122m_riggedModules[48;2;0;0;0m[38;2;242;240;236m.[48;2;0;0;0m[38;2;242;119;122mCount[48;2;0;0;0m[38;2;242;240;236m [48;2;0;0;0m[38;2;211;208;200m==[48;2;0;0;0m[38;2;242;240;236m [48;2;0;0;0m[38;2;249;145;87m0[48;2;0;0;0m[38;2;242;240;236m)[48;2;0;0;0m[38;2;242;240;236m [48;2;0;0;0m[38;2;204;153;204mreturn[48;2;0;0;0m[38;2;242;240;236m;[48;2;0;0;0m[38;2;242;240;236m
         148  [48;2;0;0;0m[38;2;242;240;236m
         149  [48;2;0;0;0m[38;2;242;240;236m            [48;2;0;0;0m[38;2;242;119;122m_dailyFailureAccumulator[48;2;0;0;0m[38;2;242;240;236m [48;2;0;0;0m[38;2;211;208;200m+=[48;2;0;0;0m[38;2;242;240;236m [48;2;0;0;0m[38;2;242;119;122mgameHours[48;2;0;0;0m[38;2;242;240;236m [48;2;0;0;0m[38;2;211;208;200m/[48;2;0;0;0m[38;2;242;240;236m [48;2;0;0;0m[38;2;249;145;87m24[48;2;0;0;0m[38;2;204;153;204mf[48;2;0;0;0m[38;2;242;240;236m;[48;2;0;0;0m[38;2;242;240;236m
         150  [48;2;0;0;0m[38;2;242;240;236m            [48;2;0;0;0m[38;2;204;153;204mif[48;2;0;0;0m[38;2;242;240;236m [48;2;0;0;0m[38;2;242;240;236m([48;2;0;0;0m[38;2;242;119;122m_dailyFailureAccumulator[48;2;0;0;0m[38;2;242;240;236m [48;2;0;0;0m[38;2;211;208;200m<[48;2;0;0;0m[38;2;242;240;236m [48;2;0;0;0m[38;2;249;145;87m1[48;2;0;0;0m[38;2;204;153;204mf[48;2;0;0;0m[38;2;242;240;236m)[48;2;0;0;0m[38;2;242;240;236m [48;2;0;0;0m[38;2;204;153;204mreturn[48;2;0;0;0m[38;2;242;240;236m;[48;2;0;0;0m[38;2;242;240;236m
              [hid 43 additional lines]


Assets/_Game/Shelter/PlanterBox.cs
    Function with many parameters (count = 6): Harvest

         190  [48;2;0;0;0m[38;2;242;240;236m        [48;2;0;0;0m[38;2;204;153;204mpublic[48;2;0;0;0m[38;2;242;240;236m [48;2;0;0;0m[38;2;204;153;204mbool[48;2;0;0;0m[38;2;242;240;236m [48;2;0;0;0m[38;2;102;153;204mHarvest[48;2;0;0;0m[38;2;242;240;236m([48;2;0;0;0m[38;2;242;240;236m
         191  [48;2;0;0;0m[38;2;242;240;236m            [48;2;0;0;0m[38;2;204;153;204mout[48;2;0;0;0m[38;2;242;240;236m [48;2;0;0;0m[38;2;204;153;204mfloat[48;2;0;0;0m[38;2;242;240;236m [48;2;0;0;0m[38;2;242;119;122mcalories[48;2;0;0;0m[38;2;242;240;236m,[48;2;0;0;0m[38;2;242;240;236m
         192  [48;2;0;0;0m[38;2;242;240;236m            [48;2;0;0;0m[38;2;204;153;204mout[48;2;0;0;0m[38;2;242;240;236m [48;2;0;0;0m[38;2;204;153;204mfloat[48;2;0;0;0m[38;2;242;240;236m [48;2;0;0;0m[38;2;242;119;122mcontamination[48;2;0;0;0m[38;2;242;240;236m,[48;2;0;0;0m[38;2;242;240;236m
         193  [48;2;0;0;0m[38;2;242;240;236m            [48;2;0;0;0m[38;2;242;240;236mSurvivor[48;2;0;0;0m[38;2;242;240;236m [48;2;0;0;0m[38;2;242;119;122mharvester[48;2;0;0;0m[38;2;242;240;236m [48;2;0;0;0m[38;2;211;208;200m=[48;2;0;0;0m[38;2;242;240;236m [48;2;0;0;0m[38;2;249;145;87mnull[48;2;0;0;0m[38;2;242;240;236m,[48;2;0;0;0m[38;2;242;240;236m
         194  [48;2;0;0;0m[38;2;242;240;236m            [48;2;0;0;0m[38;2;242;240;236mSurvivalPerkSystem[48;2;0;0;0m[38;2;242;240;236m [48;2;0;0;0m[38;2;242;119;122msurvivalPerks[48;2;0;0;0m[38;2;242;240;236m [48;2;0;0;0m[38;2;211;208;200m=[48;2;0;0;0m[38;2;242;240;236m [48;2;0;0;0m[38;2;249;145;87mnull[48;2;0;0;0m[38;2;242;240;236m,[48;2;0;0;0m[38;2;242;240;236m
         195  [48;2;0;0;0m[38;2;242;240;236m            [48;2;0;0;0m[38;2;204;153;204mint[48;2;0;0;0m[38;2;242;240;236m [48;2;0;0;0m[38;2;242;119;122mcurrentDay[48;2;0;0;0m[38;2;242;240;236m [48;2;0;0;0m[38;2;211;208;200m=[48;2;0;0;0m[38;2;242;240;236m [48;2;0;0;0m[38;2;249;145;87m0[48;2;0;0;0m[38;2;242;240;236m,[48;2;0;0;0m[38;2;242;240;236m
              [hid 1 additional lines]

    High total complexity (count = 50)

           1  [48;2;0;0;0m[38;2;204;153;204musing[48;2;0;0;0m[38;2;211;208;200m [48;2;0;0;0m[38;2;211;208;200mSystem[48;2;0;0;0m[38;2;211;208;200m;[48;2;0;0;0m[38;2;211;208;200m
           2  [48;2;0;0;0m[38;2;204;153;204musing[48;2;0;0;0m[38;2;211;208;200m [48;2;0;0;0m[38;2;211;208;200mSystem[48;2;0;0;0m[38;2;211;208;200m.[48;2;0;0;0m[38;2;211;208;200mCollections[48;2;0;0;0m[38;2;211;208;200m.[48;2;0;0;0m[38;2;211;208;200mGeneric[48;2;0;0;0m[38;2;211;208;200m;[48;2;0;0;0m[38;2;211;208;200m
           3  [48;2;0;0;0m[38;2;204;153;204musing[48;2;0;0;0m[38;2;211;208;200m [48;2;0;0;0m[38;2;211;208;200mAtomicWar[48;2;0;0;0m[38;2;211;208;200m.[48;2;0;0;0m[38;2;211;208;200m_Game[48;2;0;0;0m[38;2;211;208;200m.[48;2;0;0;0m[38;2;211;208;200mSurvivors[48;2;0;0;0m[38;2;211;208;200m;[48;2;0;0;0m[38;2;211;208;200m
           4  [48;2;0;0;0m[38;2;204;153;204musing[48;2;0;0;0m[38;2;211;208;200m [48;2;0;0;0m[38;2;211;208;200mUnityEngine[48;2;0;0;0m[38;2;211;208;200m;[48;2;0;0;0m[38;2;211;208;200m
           5  [48;2;0;0;0m[38;2;211;208;200m
           6  [48;2;0;0;0m[38;2;204;153;204mnamespace[48;2;0;0;0m[38;2;211;208;200m [48;2;0;0;0m[38;2;211;208;200mAtomicWar[48;2;0;0;0m[38;2;211;208;200m.[48;2;0;0;0m[38;2;211;208;200m_Game[48;2;0;0;0m[38;2;211;208;200m.[48;2;0;0;0m[38;2;211;208;200mShelter[48;2;0;0;0m[38;2;211;208;200m
              [hid 274 additional lines]


Assets/_Game/Shelter/PowerNetwork.cs
    Deeply nested control flow (level = 5)

         340  [48;2;0;0;0m[38;2;242;240;236m                                    [48;2;0;0;0m[38;2;204;153;204mfor[48;2;0;0;0m[38;2;242;240;236m [48;2;0;0;0m[38;2;242;240;236m([48;2;0;0;0m[38;2;204;153;204mint[48;2;0;0;0m[38;2;242;240;236m [48;2;0;0;0m[38;2;242;119;122mwi[48;2;0;0;0m[38;2;242;240;236m [48;2;0;0;0m[38;2;211;208;200m=[48;2;0;0;0m[38;2;242;240;236m [48;2;0;0;0m[38;2;249;145;87m0[48;2;0;0;0m[38;2;242;240;236m;[48;2;0;0;0m[38;2;242;240;236m [48;2;0;0;0m[38;2;242;119;122mwi[48;2;0;0;0m[38;2;242;240;236m [48;2;0;0;0m[38;2;211;208;200m<[48;2;0;0;0m[38;2;242;240;236m [48;2;0;0;0m[38;2;242;119;122mlist[48;2;0;0;0m[38;2;242;240;236m.[48;2;0;0;0m[38;2;242;119;122mCount[48;2;0;0;0m[38;2;242;240;236m;[48;2;0;0;0m[38;2;242;240;236m [48;2;0;0;0m[38;2;242;119;122mwi[48;2;0;0;0m[38;2;211;208;200m+[48;2;0;0;0m[38;2;211;208;200m+[48;2;0;0;0m[38;2;242;240;236m)[48;2;0;0;0m[38;2;242;240;236m
         341  [48;2;0;0;0m[38;2;242;240;236m                                    [48;2;0;0;0m[38;2;242;240;236m{[48;2;0;0;0m[38;2;242;240;236m
         342  [48;2;0;0;0m[38;2;242;240;236m                                        [48;2;0;0;0m[38;2;204;153;204mvar[48;2;0;0;0m[38;2;242;240;236m [48;2;0;0;0m[38;2;242;119;122mex[48;2;0;0;0m[38;2;242;240;236m [48;2;0;0;0m[38;2;211;208;200m=[48;2;0;0;0m[38;2;242;240;236m [48;2;0;0;0m[38;2;242;119;122mlist[48;2;0;0;0m[38;2;242;240;236m[[48;2;0;0;0m[38;2;242;119;122mwi[48;2;0;0;0m[38;2;242;240;236m][48;2;0;0;0m[38;2;242;240;236m;[48;2;0;0;0m[38;2;242;240;236m
         343  [48;2;0;0;0m[38;2;242;240;236m                                        [48;2;0;0;0m[38;2;204;153;204mif[48;2;0;0;0m[38;2;242;240;236m [48;2;0;0;0m[38;2;242;240;236m([48;2;0;0;0m[38;2;242;119;122mex[48;2;0;0;0m[38;2;242;240;236m [48;2;0;0;0m[38;2;211;208;200m==[48;2;0;0;0m[38;2;242;240;236m [48;2;0;0;0m[38;2;249;145;87mnull[48;2;0;0;0m[38;2;242;240;236m [48;2;0;0;0m[38;2;211;208;200m||[48;2;0;0;0m[38;2;242;240;236m [48;2;0;0;0m[38;2;211;208;200m![48;2;0;0;0m[38;2;242;119;122mex[48;2;0;0;0m[38;2;242;240;236m.[48;2;0;0;0m[38;2;242;119;122mIsAlive[48;2;0;0;0m[38;2;242;240;236m)[48;2;0;0;0m[38;2;242;240;236m [48;2;0;0;0m[38;2;204;153;204mcontinue[48;2;0;0;0m[38;2;242;240;236m;[48;2;0;0;0m[38;2;242;240;236m
         344  [48;2;0;0;0m[38;2;242;240;236m                                        [48;2;0;0;0m[38;2;204;153;204mfloat[48;2;0;0;0m[38;2;242;240;236m [48;2;0;0;0m[38;2;242;119;122mm[48;2;0;0;0m[38;2;242;240;236m [48;2;0;0;0m[38;2;211;208;200m=[48;2;0;0;0m[38;2;242;240;236m [48;2;0;0;0m[38;2;242;119;122m_personalQuests[48;2;0;0;0m[38;2;242;240;236m.[48;2;0;0;0m[38;2;102;153;204mGetRuthlessModuleWearMultiplier[48;2;0;0;0m[38;2;242;240;236m([48;2;0;0;0m[38;2;242;119;122mex[48;2;0;0;0m[38;2;242;240;236m)[48;2;0;0;0m[38;2;242;240;236m;[48;2;0;0;0m[38;2;242;240;236m
         345  [48;2;0;0;0m[38;2;242;240;236m                                        [48;2;0;0;0m[38;2;204;153;204mif[48;2;0;0;0m[38;2;242;240;236m [48;2;0;0;0m[38;2;242;240;236m([48;2;0;0;0m[38;2;242;119;122mm[48;2;0;0;0m[38;2;242;240;236m [48;2;0;0;0m[38;2;211;208;200m>[48;2;0;0;0m[38;2;242;240;236m [48;2;0;0;0m[38;2;249;145;87m1[48;2;0;0;0m[38;2;204;153;204mf[48;2;0;0;0m[38;2;242;240;236m)[48;2;0;0;0m[38;2;242;240;236m [48;2;0;0;0m[38;2;242;240;236m{[48;2;0;0;0m[38;2;242;240;236m [48;2;0;0;0m[38;2;242;119;122mwear[48;2;0;0;0m[38;2;242;240;236m [48;2;0;0;0m[38;2;211;208;200m*=[48;2;0;0;0m[38;2;242;240;236m [48;2;0;0;0m[38;2;242;119;122mm[48;2;0;0;0m[38;2;242;240;236m;[48;2;0;0;0m[38;2;242;240;236m [48;2;0;0;0m[38;2;204;153;204mbreak[48;2;0;0;0m[38;2;242;240;236m;[48;2;0;0;0m[38;2;242;240;236m [48;2;0;0;0m[38;2;242;240;236m}[48;2;0;0;0m[38;2;242;240;236m
              [hid 1 additional lines]

    Deeply nested control flow (level = 5)

         468  [48;2;0;0;0m[38;2;242;240;236m                            [48;2;0;0;0m[38;2;204;153;204mif[48;2;0;0;0m[38;2;242;240;236m [48;2;0;0;0m[38;2;242;240;236m([48;2;0;0;0m[38;2;242;119;122msv[48;2;0;0;0m[38;2;242;240;236m [48;2;0;0;0m[38;2;211;208;200m!=[48;2;0;0;0m[38;2;242;240;236m [48;2;0;0;0m[38;2;249;145;87mnull[48;2;0;0;0m[38;2;242;240;236m [48;2;0;0;0m[38;2;211;208;200m&&[48;2;0;0;0m[38;2;242;240;236m [48;2;0;0;0m[38;2;242;119;122msv[48;2;0;0;0m[38;2;242;240;236m.[48;2;0;0;0m[38;2;242;119;122mIsAlive[48;2;0;0;0m[38;2;242;240;236m)[48;2;0;0;0m[38;2;242;240;236m
         469  [48;2;0;0;0m[38;2;242;240;236m                                [48;2;0;0;0m[38;2;242;119;122m_personalQuests[48;2;0;0;0m[38;2;242;240;236m.[48;2;0;0;0m[38;2;102;153;204mNotifyPowerNetworkFailure[48;2;0;0;0m[38;2;242;240;236m([48;2;0;0;0m[38;2;242;119;122msv[48;2;0;0;0m[38;2;242;240;236m)[48;2;0;0;0m[38;2;242;240;236m;[48;2;0;0;0m[38;2;242;240;236m

    High total complexity (count = 211)

           1  [48;2;0;0;0m[38;2;204;153;204musing[48;2;0;0;0m[38;2;211;208;200m [48;2;0;0;0m[38;2;211;208;200mSystem[48;2;0;0;0m[38;2;211;208;200m;[48;2;0;0;0m[38;2;211;208;200m
           2  [48;2;0;0;0m[38;2;204;153;204musing[48;2;0;0;0m[38;2;211;208;200m [48;2;0;0;0m[38;2;211;208;200mSystem[48;2;0;0;0m[38;2;211;208;200m.[48;2;0;0;0m[38;2;211;208;200mCollections[48;2;0;0;0m[38;2;211;208;200m.[48;2;0;0;0m[38;2;211;208;200mGeneric[48;2;0;0;0m[38;2;211;208;200m;[48;2;0;0;0m[38;2;211;208;200m
           3  [48;2;0;0;0m[38;2;204;153;204musing[48;2;0;0;0m[38;2;211;208;200m [48;2;0;0;0m[38;2;211;208;200mUnityEngine[48;2;0;0;0m[38;2;211;208;200m;[48;2;0;0;0m[38;2;211;208;200m
           4  [48;2;0;0;0m[38;2;204;153;204musing[48;2;0;0;0m[38;2;211;208;200m [48;2;0;0;0m[38;2;211;208;200mAtomicWar[48;2;0;0;0m[38;2;211;208;200m.[48;2;0;0;0m[38;2;211;208;200m_Game[48;2;0;0;0m[38;2;211;208;200m.[48;2;0;0;0m[38;2;211;208;200mSurvivors[48;2;0;0;0m[38;2;211;208;200m;[48;2;0;0;0m[38;2;211;208;200m
           5  [48;2;0;0;0m[38;2;211;208;200m
           6  [48;2;0;0;0m[38;2;204;153;204mnamespace[48;2;0;0;0m[38;2;211;208;200m [48;2;0;0;0m[38;2;211;208;200mAtomicWar[48;2;0;0;0m[38;2;211;208;200m.[48;2;0;0;0m[38;2;211;208;200m_Game[48;2;0;0;0m[38;2;211;208;200m.[48;2;0;0;0m[38;2;211;208;200mShelter[48;2;0;0;0m[38;2;211;208;200m
              [hid 694 additional lines]

    Function with high complexity (count = 18): GetConsumerWatts

          52  [48;2;0;0;0m[38;2;242;240;236m        [48;2;0;0;0m[38;2;204;153;204mpublic[48;2;0;0;0m[38;2;242;240;236m [48;2;0;0;0m[38;2;204;153;204mfloat[48;2;0;0;0m[38;2;242;240;236m [48;2;0;0;0m[38;2;102;153;204mGetConsumerWatts[48;2;0;0;0m[38;2;242;240;236m([48;2;0;0;0m[38;2;242;240;236mPowerConsumer[48;2;0;0;0m[38;2;242;240;236m [48;2;0;0;0m[38;2;242;119;122mc[48;2;0;0;0m[38;2;242;240;236m)[48;2;0;0;0m[38;2;242;240;236m
          53  [48;2;0;0;0m[38;2;242;240;236m        [48;2;0;0;0m[38;2;242;240;236m{[48;2;0;0;0m[38;2;242;240;236m
          54  [48;2;0;0;0m[38;2;242;240;236m            [48;2;0;0;0m[38;2;204;153;204mif[48;2;0;0;0m[38;2;242;240;236m [48;2;0;0;0m[38;2;242;240;236m([48;2;0;0;0m[38;2;242;119;122mc[48;2;0;0;0m[38;2;242;240;236m [48;2;0;0;0m[38;2;211;208;200m==[48;2;0;0;0m[38;2;242;240;236m [48;2;0;0;0m[38;2;249;145;87mnull[48;2;0;0;0m[38;2;242;240;236m)[48;2;0;0;0m[38;2;242;240;236m [48;2;0;0;0m[38;2;204;153;204mreturn[48;2;0;0;0m[38;2;242;240;236m [48;2;0;0;0m[38;2;249;145;87m0[48;2;0;0;0m[38;2;204;153;204mf[48;2;0;0;0m[38;2;242;240;236m;[48;2;0;0;0m[38;2;242;240;236m
          55  [48;2;0;0;0m[38;2;242;240;236m            [48;2;0;0;0m[38;2;204;153;204mif[48;2;0;0;0m[38;2;242;240;236m [48;2;0;0;0m[38;2;242;240;236m([48;2;0;0;0m[38;2;242;119;122mc[48;2;0;0;0m[38;2;242;240;236m.[48;2;0;0;0m[38;2;242;119;122mModuleId[48;2;0;0;0m[38;2;242;240;236m [48;2;0;0;0m[38;2;211;208;200m==[48;2;0;0;0m[38;2;242;240;236m [48;2;0;0;0m[38;2;211;208;200m"[48;2;0;0;0m[38;2;153;204;153mradio[48;2;0;0;0m[38;2;211;208;200m"[48;2;0;0;0m[38;2;242;240;236m [48;2;0;0;0m[38;2;211;208;200m&&[48;2;0;0;0m[38;2;242;240;236m [48;2;0;0;0m[38;2;242;119;122m_personalQuests[48;2;0;0;0m[38;2;242;240;236m [48;2;0;0;0m[38;2;211;208;200m!=[48;2;0;0;0m[38;2;242;240;236m [48;2;0;0;0m[38;2;249;145;87mnull[48;2;0;0;0m[38;2;242;240;236m
          56  [48;2;0;0;0m[38;2;242;240;236m                [48;2;0;0;0m[38;2;211;208;200m&&[48;2;0;0;0m[38;2;242;240;236m [48;2;0;0;0m[38;2;242;119;122m_personalQuests[48;2;0;0;0m[38;2;242;240;236m.[48;2;0;0;0m[38;2;102;153;204mRadioPowerIsFree[48;2;0;0;0m[38;2;242;240;236m([48;2;0;0;0m[38;2;242;119;122m_getSurvivors[48;2;0;0;0m[38;2;242;240;236m?.[48;2;0;0;0m[38;2;102;153;204mInvoke[48;2;0;0;0m[38;2;242;240;236m([48;2;0;0;0m[38;2;242;240;236m)[48;2;0;0;0m[38;2;242;240;236m)[48;2;0;0;0m[38;2;242;240;236m)[48;2;0;0;0m[38;2;242;240;236m
          57  [48;2;0;0;0m[38;2;242;240;236m                [48;2;0;0;0m[38;2;204;153;204mreturn[48;2;0;0;0m[38;2;242;240;236m [48;2;0;0;0m[38;2;249;145;87m0[48;2;0;0;0m[38;2;204;153;204mf[48;2;0;0;0m[38;2;242;240;236m;[48;2;0;0;0m[38;2;242;240;236m
              [hid 22 additional lines]

    Function with high complexity (count = 52): Tick

         291  [48;2;0;0;0m[38;2;242;240;236m        [48;2;0;0;0m[38;2;204;153;204mpublic[48;2;0;0;0m[38;2;242;240;236m [48;2;0;0;0m[38;2;204;153;204mvoid[48;2;0;0;0m[38;2;242;240;236m [48;2;0;0;0m[38;2;102;153;204mTick[48;2;0;0;0m[38;2;242;240;236m([48;2;0;0;0m[38;2;242;240;236m
         292  [48;2;0;0;0m[38;2;242;240;236m            [48;2;0;0;0m[38;2;204;153;204mfloat[48;2;0;0;0m[38;2;242;240;236m [48;2;0;0;0m[38;2;242;119;122mgameHours[48;2;0;0;0m[38;2;242;240;236m,[48;2;0;0;0m[38;2;242;240;236m
         293  [48;2;0;0;0m[38;2;242;240;236m            [48;2;0;0;0m[38;2;204;153;204mstring[48;2;0;0;0m[38;2;242;240;236m [48;2;0;0;0m[38;2;242;119;122mweatherName[48;2;0;0;0m[38;2;242;240;236m [48;2;0;0;0m[38;2;211;208;200m=[48;2;0;0;0m[38;2;242;240;236m [48;2;0;0;0m[38;2;249;145;87mnull[48;2;0;0;0m[38;2;242;240;236m,[48;2;0;0;0m[38;2;242;240;236m
         294  [48;2;0;0;0m[38;2;242;240;236m            [48;2;0;0;0m[38;2;242;240;236mFunc[48;2;0;0;0m[38;2;242;240;236m<[48;2;0;0;0m[38;2;204;153;204mstring[48;2;0;0;0m[38;2;242;240;236m,[48;2;0;0;0m[38;2;242;240;236m [48;2;0;0;0m[38;2;204;153;204mfloat[48;2;0;0;0m[38;2;242;240;236m,[48;2;0;0;0m[38;2;242;240;236m [48;2;0;0;0m[38;2;204;153;204mfloat[48;2;0;0;0m[38;2;242;240;236m,[48;2;0;0;0m[38;2;242;240;236m [48;2;0;0;0m[38;2;204;153;204mbool[48;2;0;0;0m[38;2;242;240;236m>[48;2;0;0;0m[38;2;242;240;236m [48;2;0;0;0m[38;2;242;119;122mtryApplyPedalCost[48;2;0;0;0m[38;2;242;240;236m [48;2;0;0;0m[38;2;211;208;200m=[48;2;0;0;0m[38;2;242;240;236m [48;2;0;0;0m[38;2;249;145;87mnull[48;2;0;0;0m[38;2;242;240;236m)[48;2;0;0;0m[38;2;242;240;236m
         295  [48;2;0;0;0m[38;2;242;240;236m        [48;2;0;0;0m[38;2;242;240;236m{[48;2;0;0;0m[38;2;242;240;236m
         296  [48;2;0;0;0m[38;2;242;240;236m            [48;2;0;0;0m[38;2;204;153;204mif[48;2;0;0;0m[38;2;242;240;236m [48;2;0;0;0m[38;2;242;240;236m([48;2;0;0;0m[38;2;242;119;122mgameHours[48;2;0;0;0m[38;2;242;240;236m [48;2;0;0;0m[38;2;211;208;200m<=[48;2;0;0;0m[38;2;242;240;236m [48;2;0;0;0m[38;2;249;145;87m0[48;2;0;0;0m[38;2;204;153;204mf[48;2;0;0;0m[38;2;242;240;236m)[48;2;0;0;0m[38;2;242;240;236m
              [hid 87 additional lines]

    Function with high complexity (count = 42): Rebalance

         390  [48;2;0;0;0m[38;2;242;240;236m        [48;2;0;0;0m[38;2;204;153;204mpublic[48;2;0;0;0m[38;2;242;240;236m [48;2;0;0;0m[38;2;204;153;204mvoid[48;2;0;0;0m[38;2;242;240;236m [48;2;0;0;0m[38;2;102;153;204mRebalance[48;2;0;0;0m[38;2;242;240;236m([48;2;0;0;0m[38;2;204;153;204mstring[48;2;0;0;0m[38;2;242;240;236m [48;2;0;0;0m[38;2;242;119;122mweatherName[48;2;0;0;0m[38;2;242;240;236m [48;2;0;0;0m[38;2;211;208;200m=[48;2;0;0;0m[38;2;242;240;236m [48;2;0;0;0m[38;2;249;145;87mnull[48;2;0;0;0m[38;2;242;240;236m)[48;2;0;0;0m[38;2;242;240;236m
         391  [48;2;0;0;0m[38;2;242;240;236m        [48;2;0;0;0m[38;2;242;240;236m{[48;2;0;0;0m[38;2;242;240;236m
         392  [48;2;0;0;0m[38;2;242;240;236m            [48;2;0;0;0m[38;2;242;119;122mTotalGeneration[48;2;0;0;0m[38;2;242;240;236m [48;2;0;0;0m[38;2;211;208;200m=[48;2;0;0;0m[38;2;242;240;236m [48;2;0;0;0m[38;2;102;153;204mComputeGeneration[48;2;0;0;0m[38;2;242;240;236m([48;2;0;0;0m[38;2;242;119;122mweatherName[48;2;0;0;0m[38;2;242;240;236m)[48;2;0;0;0m[38;2;242;240;236m;[48;2;0;0;0m[38;2;242;240;236m
         393  [48;2;0;0;0m[38;2;242;240;236m
         394  [48;2;0;0;0m[38;2;242;240;236m            [48;2;0;0;0m[38;2;204;153;204mfloat[48;2;0;0;0m[38;2;242;240;236m [48;2;0;0;0m[38;2;242;119;122mrequested[48;2;0;0;0m[38;2;242;240;236m [48;2;0;0;0m[38;2;211;208;200m=[48;2;0;0;0m[38;2;242;240;236m [48;2;0;0;0m[38;2;249;145;87m0[48;2;0;0;0m[38;2;204;153;204mf[48;2;0;0;0m[38;2;242;240;236m;[48;2;0;0;0m[38;2;242;240;236m
         395  [48;2;0;0;0m[38;2;242;240;236m            [48;2;0;0;0m[38;2;204;153;204mfor[48;2;0;0;0m[38;2;242;240;236m [48;2;0;0;0m[38;2;242;240;236m([48;2;0;0;0m[38;2;204;153;204mint[48;2;0;0;0m[38;2;242;240;236m [48;2;0;0;0m[38;2;242;119;122mi[48;2;0;0;0m[38;2;242;240;236m [48;2;0;0;0m[38;2;211;208;200m=[48;2;0;0;0m[38;2;242;240;236m [48;2;0;0;0m[38;2;249;145;87m0[48;2;0;0;0m[38;2;242;240;236m;[48;2;0;0;0m[38;2;242;240;236m [48;2;0;0;0m[38;2;242;119;122mi[48;2;0;0;0m[38;2;242;240;236m [48;2;0;0;0m[38;2;211;208;200m<[48;2;0;0;0m[38;2;242;240;236m [48;2;0;0;0m[38;2;242;119;122m_consumers[48;2;0;0;0m[38;2;242;240;236m.[48;2;0;0;0m[38;2;242;119;122mCount[48;2;0;0;0m[38;2;242;240;236m;[48;2;0;0;0m[38;2;242;240;236m [48;2;0;0;0m[38;2;242;119;122mi[48;2;0;0;0m[38;2;211;208;200m+[48;2;0;0;0m[38;2;211;208;200m+[48;2;0;0;0m[38;2;242;240;236m)[48;2;0;0;0m[38;2;242;240;236m
              [hid 79 additional lines]

    Function with high complexity (count = 23): RestoreState

         614  [48;2;0;0;0m[38;2;242;240;236m        [48;2;0;0;0m[38;2;204;153;204mpublic[48;2;0;0;0m[38;2;242;240;236m [48;2;0;0;0m[38;2;204;153;204mvoid[48;2;0;0;0m[38;2;242;240;236m [48;2;0;0;0m[38;2;102;153;204mRestoreState[48;2;0;0;0m[38;2;242;240;236m([48;2;0;0;0m[38;2;242;240;236mPowerNetworkSave[48;2;0;0;0m[38;2;242;240;236m [48;2;0;0;0m[38;2;242;119;122msave[48;2;0;0;0m[38;2;242;240;236m,[48;2;0;0;0m[38;2;242;240;236m [48;2;0;0;0m[38;2;242;240;236mIList[48;2;0;0;0m[38;2;242;240;236m<[48;2;0;0;0m[38;2;242;240;236mPowerSourceSO[48;2;0;0;0m[38;2;242;240;236m>[48;2;0;0;0m[38;2;242;240;236m [48;2;0;0;0m[38;2;242;119;122mknownDefs[48;2;0;0;0m[38;2;242;240;236m [48;2;0;0;0m[38;2;211;208;200m=[48;2;0;0;0m[38;2;242;240;236m [48;2;0;0;0m[38;2;249;145;87mnull[48;2;0;0;0m[38;2;242;240;236m)[48;2;0;0;0m[38;2;242;240;236m
         615  [48;2;0;0;0m[38;2;242;240;236m        [48;2;0;0;0m[38;2;242;240;236m{[48;2;0;0;0m[38;2;242;240;236m
         616  [48;2;0;0;0m[38;2;242;240;236m            [48;2;0;0;0m[38;2;204;153;204mif[48;2;0;0;0m[38;2;242;240;236m [48;2;0;0;0m[38;2;242;240;236m([48;2;0;0;0m[38;2;242;119;122msave[48;2;0;0;0m[38;2;242;240;236m [48;2;0;0;0m[38;2;211;208;200m==[48;2;0;0;0m[38;2;242;240;236m [48;2;0;0;0m[38;2;249;145;87mnull[48;2;0;0;0m[38;2;242;240;236m)[48;2;0;0;0m[38;2;242;240;236m [48;2;0;0;0m[38;2;204;153;204mreturn[48;2;0;0;0m[38;2;242;240;236m;[48;2;0;0;0m[38;2;242;240;236m
         617  [48;2;0;0;0m[38;2;242;240;236m            [48;2;0;0;0m[38;2;242;119;122mCarbonMonoxidePpm[48;2;0;0;0m[38;2;242;240;236m [48;2;0;0;0m[38;2;211;208;200m=[48;2;0;0;0m[38;2;242;240;236m [48;2;0;0;0m[38;2;242;119;122msave[48;2;0;0;0m[38;2;242;240;236m.[48;2;0;0;0m[38;2;242;119;122mCarbonMonoxidePpm[48;2;0;0;0m[38;2;242;240;236m;[48;2;0;0;0m[38;2;242;240;236m
         618  [48;2;0;0;0m[38;2;242;240;236m
         619  [48;2;0;0;0m[38;2;242;240;236m            [48;2;0;0;0m[38;2;204;153;204mif[48;2;0;0;0m[38;2;242;240;236m [48;2;0;0;0m[38;2;242;240;236m([48;2;0;0;0m[38;2;242;119;122mknownDefs[48;2;0;0;0m[38;2;242;240;236m [48;2;0;0;0m[38;2;211;208;200m!=[48;2;0;0;0m[38;2;242;240;236m [48;2;0;0;0m[38;2;249;145;87mnull[48;2;0;0;0m[38;2;242;240;236m)[48;2;0;0;0m[38;2;242;240;236m
              [hid 48 additional lines]

    Found 17 lines of similar code in 2 locations (mass = 70)

          61  [48;2;0;0;0m[38;2;242;240;236m            [48;2;0;0;0m[38;2;242;240;236m{[48;2;0;0;0m[38;2;242;240;236m
          62  [48;2;0;0;0m[38;2;242;240;236m                [48;2;0;0;0m[38;2;204;153;204mvar[48;2;0;0;0m[38;2;242;240;236m [48;2;0;0;0m[38;2;242;119;122mlist[48;2;0;0;0m[38;2;242;240;236m [48;2;0;0;0m[38;2;211;208;200m=[48;2;0;0;0m[38;2;242;240;236m [48;2;0;0;0m[38;2;102;153;204m_getSurvivors[48;2;0;0;0m[38;2;242;240;236m([48;2;0;0;0m[38;2;242;240;236m)[48;2;0;0;0m[38;2;242;240;236m;[48;2;0;0;0m[38;2;242;240;236m
          63  [48;2;0;0;0m[38;2;242;240;236m                [48;2;0;0;0m[38;2;204;153;204mif[48;2;0;0;0m[38;2;242;240;236m [48;2;0;0;0m[38;2;242;240;236m([48;2;0;0;0m[38;2;242;119;122mlist[48;2;0;0;0m[38;2;242;240;236m [48;2;0;0;0m[38;2;211;208;200m!=[48;2;0;0;0m[38;2;242;240;236m [48;2;0;0;0m[38;2;249;145;87mnull[48;2;0;0;0m[38;2;242;240;236m)[48;2;0;0;0m[38;2;242;240;236m
          64  [48;2;0;0;0m[38;2;242;240;236m                [48;2;0;0;0m[38;2;242;240;236m{[48;2;0;0;0m[38;2;242;240;236m
          65  [48;2;0;0;0m[38;2;242;240;236m                    [48;2;0;0;0m[38;2;204;153;204mfor[48;2;0;0;0m[38;2;242;240;236m [48;2;0;0;0m[38;2;242;240;236m([48;2;0;0;0m[38;2;204;153;204mint[48;2;0;0;0m[38;2;242;240;236m [48;2;0;0;0m[38;2;242;119;122mi[48;2;0;0;0m[38;2;242;240;236m [48;2;0;0;0m[38;2;211;208;200m=[48;2;0;0;0m[38;2;242;240;236m [48;2;0;0;0m[38;2;249;145;87m0[48;2;0;0;0m[38;2;242;240;236m;[48;2;0;0;0m[38;2;242;240;236m [48;2;0;0;0m[38;2;242;119;122mi[48;2;0;0;0m[38;2;242;240;236m [48;2;0;0;0m[38;2;211;208;200m<[48;2;0;0;0m[38;2;242;240;236m [48;2;0;0;0m[38;2;242;119;122mlist[48;2;0;0;0m[38;2;242;240;236m.[48;2;0;0;0m[38;2;242;119;122mCount[48;2;0;0;0m[38;2;242;240;236m;[48;2;0;0;0m[38;2;242;240;236m [48;2;0;0;0m[38;2;242;119;122mi[48;2;0;0;0m[38;2;211;208;200m+[48;2;0;0;0m[38;2;211;208;200m+[48;2;0;0;0m[38;2;242;240;236m)[48;2;0;0;0m[38;2;242;240;236m
          66  [48;2;0;0;0m[38;2;242;240;236m                    [48;2;0;0;0m[38;2;242;240;236m{[48;2;0;0;0m[38;2;242;240;236m
              [hid 11 additional lines]
        also found at Assets/_Game/Shelter/PowerNetwork.cs

    Found 13 lines of similar code in 2 locations (mass = 70)

         336  [48;2;0;0;0m[38;2;242;240;236m                            [48;2;0;0;0m[38;2;242;240;236m{[48;2;0;0;0m[38;2;242;240;236m
         337  [48;2;0;0;0m[38;2;242;240;236m                                [48;2;0;0;0m[38;2;204;153;204mvar[48;2;0;0;0m[38;2;242;240;236m [48;2;0;0;0m[38;2;242;119;122mlist[48;2;0;0;0m[38;2;242;240;236m [48;2;0;0;0m[38;2;211;208;200m=[48;2;0;0;0m[38;2;242;240;236m [48;2;0;0;0m[38;2;102;153;204m_getSurvivors[48;2;0;0;0m[38;2;242;240;236m([48;2;0;0;0m[38;2;242;240;236m)[48;2;0;0;0m[38;2;242;240;236m;[48;2;0;0;0m[38;2;242;240;236m
         338  [48;2;0;0;0m[38;2;242;240;236m                                [48;2;0;0;0m[38;2;204;153;204mif[48;2;0;0;0m[38;2;242;240;236m [48;2;0;0;0m[38;2;242;240;236m([48;2;0;0;0m[38;2;242;119;122mlist[48;2;0;0;0m[38;2;242;240;236m [48;2;0;0;0m[38;2;211;208;200m!=[48;2;0;0;0m[38;2;242;240;236m [48;2;0;0;0m[38;2;249;145;87mnull[48;2;0;0;0m[38;2;242;240;236m)[48;2;0;0;0m[38;2;242;240;236m
         339  [48;2;0;0;0m[38;2;242;240;236m                                [48;2;0;0;0m[38;2;242;240;236m{[48;2;0;0;0m[38;2;242;240;236m
         340  [48;2;0;0;0m[38;2;242;240;236m                                    [48;2;0;0;0m[38;2;204;153;204mfor[48;2;0;0;0m[38;2;242;240;236m [48;2;0;0;0m[38;2;242;240;236m([48;2;0;0;0m[38;2;204;153;204mint[48;2;0;0;0m[38;2;242;240;236m [48;2;0;0;0m[38;2;242;119;122mwi[48;2;0;0;0m[38;2;242;240;236m [48;2;0;0;0m[38;2;211;208;200m=[48;2;0;0;0m[38;2;242;240;236m [48;2;0;0;0m[38;2;249;145;87m0[48;2;0;0;0m[38;2;242;240;236m;[48;2;0;0;0m[38;2;242;240;236m [48;2;0;0;0m[38;2;242;119;122mwi[48;2;0;0;0m[38;2;242;240;236m [48;2;0;0;0m[38;2;211;208;200m<[48;2;0;0;0m[38;2;242;240;236m [48;2;0;0;0m[38;2;242;119;122mlist[48;2;0;0;0m[38;2;242;240;236m.[48;2;0;0;0m[38;2;242;119;122mCount[48;2;0;0;0m[38;2;242;240;236m;[48;2;0;0;0m[38;2;242;240;236m [48;2;0;0;0m[38;2;242;119;122mwi[48;2;0;0;0m[38;2;211;208;200m+[48;2;0;0;0m[38;2;211;208;200m+[48;2;0;0;0m[38;2;242;240;236m)[48;2;0;0;0m[38;2;242;240;236m
         341  [48;2;0;0;0m[38;2;242;240;236m                                    [48;2;0;0;0m[38;2;242;240;236m{[48;2;0;0;0m[38;2;242;240;236m
              [hid 7 additional lines]
        also found at Assets/_Game/Shelter/PowerNetwork.cs


Assets/_Game/Shelter/PowerSourceSO.cs
    Function with many returns (count = 7): AllowsWeather

          46  [48;2;0;0;0m[38;2;242;240;236m        [48;2;0;0;0m[38;2;204;153;204mpublic[48;2;0;0;0m[38;2;242;240;236m [48;2;0;0;0m[38;2;204;153;204mbool[48;2;0;0;0m[38;2;242;240;236m [48;2;0;0;0m[38;2;102;153;204mAllowsWeather[48;2;0;0;0m[38;2;242;240;236m([48;2;0;0;0m[38;2;204;153;204mstring[48;2;0;0;0m[38;2;242;240;236m [48;2;0;0;0m[38;2;242;119;122mweatherName[48;2;0;0;0m[38;2;242;240;236m)[48;2;0;0;0m[38;2;242;240;236m
          47  [48;2;0;0;0m[38;2;242;240;236m        [48;2;0;0;0m[38;2;242;240;236m{[48;2;0;0;0m[38;2;242;240;236m
          48  [48;2;0;0;0m[38;2;242;240;236m            [48;2;0;0;0m[38;2;204;153;204mif[48;2;0;0;0m[38;2;242;240;236m [48;2;0;0;0m[38;2;242;240;236m([48;2;0;0;0m[38;2;211;208;200m![48;2;0;0;0m[38;2;242;119;122mIsWeatherGated[48;2;0;0;0m[38;2;242;240;236m [48;2;0;0;0m[38;2;211;208;200m&&[48;2;0;0;0m[38;2;242;240;236m [48;2;0;0;0m[38;2;204;153;204mstring[48;2;0;0;0m[38;2;242;240;236m.[48;2;0;0;0m[38;2;102;153;204mIsNullOrEmpty[48;2;0;0;0m[38;2;242;240;236m([48;2;0;0;0m[38;2;242;119;122mRequiredWeatherKinds[48;2;0;0;0m[38;2;242;240;236m)[48;2;0;0;0m[38;2;242;240;236m)[48;2;0;0;0m[38;2;242;240;236m
          49  [48;2;0;0;0m[38;2;242;240;236m                [48;2;0;0;0m[38;2;204;153;204mreturn[48;2;0;0;0m[38;2;242;240;236m [48;2;0;0;0m[38;2;249;145;87mtrue[48;2;0;0;0m[38;2;242;240;236m;[48;2;0;0;0m[38;2;242;240;236m
          50  [48;2;0;0;0m[38;2;242;240;236m            [48;2;0;0;0m[38;2;204;153;204mif[48;2;0;0;0m[38;2;242;240;236m [48;2;0;0;0m[38;2;242;240;236m([48;2;0;0;0m[38;2;204;153;204mstring[48;2;0;0;0m[38;2;242;240;236m.[48;2;0;0;0m[38;2;102;153;204mIsNullOrEmpty[48;2;0;0;0m[38;2;242;240;236m([48;2;0;0;0m[38;2;242;119;122mRequiredWeatherKinds[48;2;0;0;0m[38;2;242;240;236m)[48;2;0;0;0m[38;2;242;240;236m)[48;2;0;0;0m[38;2;242;240;236m
          51  [48;2;0;0;0m[38;2;242;240;236m            [48;2;0;0;0m[38;2;242;240;236m{[48;2;0;0;0m[38;2;242;240;236m
              [hid 20 additional lines]


Assets/_Game/Shelter/ShelterAtmosphereSystem.cs
    High total complexity (count = 175)

           1  [48;2;0;0;0m[38;2;204;153;204musing[48;2;0;0;0m[38;2;211;208;200m [48;2;0;0;0m[38;2;211;208;200mSystem[48;2;0;0;0m[38;2;211;208;200m;[48;2;0;0;0m[38;2;211;208;200m
           2  [48;2;0;0;0m[38;2;204;153;204musing[48;2;0;0;0m[38;2;211;208;200m [48;2;0;0;0m[38;2;211;208;200mSystem[48;2;0;0;0m[38;2;211;208;200m.[48;2;0;0;0m[38;2;211;208;200mCollections[48;2;0;0;0m[38;2;211;208;200m.[48;2;0;0;0m[38;2;211;208;200mGeneric[48;2;0;0;0m[38;2;211;208;200m;[48;2;0;0;0m[38;2;211;208;200m
           3  [48;2;0;0;0m[38;2;204;153;204musing[48;2;0;0;0m[38;2;211;208;200m [48;2;0;0;0m[38;2;211;208;200mUnityEngine[48;2;0;0;0m[38;2;211;208;200m;[48;2;0;0;0m[38;2;211;208;200m
           4  [48;2;0;0;0m[38;2;204;153;204musing[48;2;0;0;0m[38;2;211;208;200m [48;2;0;0;0m[38;2;211;208;200mAtomicWar[48;2;0;0;0m[38;2;211;208;200m.[48;2;0;0;0m[38;2;211;208;200m_Game[48;2;0;0;0m[38;2;211;208;200m.[48;2;0;0;0m[38;2;211;208;200mSurvivors[48;2;0;0;0m[38;2;211;208;200m;[48;2;0;0;0m[38;2;211;208;200m
           5  [48;2;0;0;0m[38;2;211;208;200m
           6  [48;2;0;0;0m[38;2;204;153;204mnamespace[48;2;0;0;0m[38;2;211;208;200m [48;2;0;0;0m[38;2;211;208;200mAtomicWar[48;2;0;0;0m[38;2;211;208;200m.[48;2;0;0;0m[38;2;211;208;200m_Game[48;2;0;0;0m[38;2;211;208;200m.[48;2;0;0;0m[38;2;211;208;200mShelter[48;2;0;0;0m[38;2;211;208;200m
              [hid 648 additional lines]

    Function with high complexity (count = 27): Tick

         176  [48;2;0;0;0m[38;2;242;240;236m        [48;2;0;0;0m[38;2;204;153;204mpublic[48;2;0;0;0m[38;2;242;240;236m [48;2;0;0;0m[38;2;204;153;204mvoid[48;2;0;0;0m[38;2;242;240;236m [48;2;0;0;0m[38;2;102;153;204mTick[48;2;0;0;0m[38;2;242;240;236m([48;2;0;0;0m[38;2;242;240;236m
         177  [48;2;0;0;0m[38;2;242;240;236m            [48;2;0;0;0m[38;2;204;153;204mfloat[48;2;0;0;0m[38;2;242;240;236m [48;2;0;0;0m[38;2;242;119;122mgameHours[48;2;0;0;0m[38;2;242;240;236m,[48;2;0;0;0m[38;2;242;240;236m
         178  [48;2;0;0;0m[38;2;242;240;236m            [48;2;0;0;0m[38;2;242;240;236mPowerNetwork[48;2;0;0;0m[38;2;242;240;236m [48;2;0;0;0m[38;2;242;119;122mpower[48;2;0;0;0m[38;2;242;240;236m [48;2;0;0;0m[38;2;211;208;200m=[48;2;0;0;0m[38;2;242;240;236m [48;2;0;0;0m[38;2;249;145;87mnull[48;2;0;0;0m[38;2;242;240;236m,[48;2;0;0;0m[38;2;242;240;236m
         179  [48;2;0;0;0m[38;2;242;240;236m            [48;2;0;0;0m[38;2;242;240;236mShelter[48;2;0;0;0m[38;2;242;240;236m [48;2;0;0;0m[38;2;242;119;122mshelter[48;2;0;0;0m[38;2;242;240;236m [48;2;0;0;0m[38;2;211;208;200m=[48;2;0;0;0m[38;2;242;240;236m [48;2;0;0;0m[38;2;249;145;87mnull[48;2;0;0;0m[38;2;242;240;236m)[48;2;0;0;0m[38;2;242;240;236m
         180  [48;2;0;0;0m[38;2;242;240;236m        [48;2;0;0;0m[38;2;242;240;236m{[48;2;0;0;0m[38;2;242;240;236m
         181  [48;2;0;0;0m[38;2;242;240;236m            [48;2;0;0;0m[38;2;204;153;204mif[48;2;0;0;0m[38;2;242;240;236m [48;2;0;0;0m[38;2;242;240;236m([48;2;0;0;0m[38;2;242;119;122mgameHours[48;2;0;0;0m[38;2;242;240;236m [48;2;0;0;0m[38;2;211;208;200m<=[48;2;0;0;0m[38;2;242;240;236m [48;2;0;0;0m[38;2;249;145;87m0[48;2;0;0;0m[38;2;204;153;204mf[48;2;0;0;0m[38;2;242;240;236m)[48;2;0;0;0m[38;2;242;240;236m [48;2;0;0;0m[38;2;204;153;204mreturn[48;2;0;0;0m[38;2;242;240;236m;[48;2;0;0;0m[38;2;242;240;236m
              [hid 81 additional lines]

    Function with high complexity (count = 41): TryIgniteFromLowDurability

         267  [48;2;0;0;0m[38;2;242;240;236m        [48;2;0;0;0m[38;2;204;153;204mpublic[48;2;0;0;0m[38;2;242;240;236m [48;2;0;0;0m[38;2;204;153;204mvoid[48;2;0;0;0m[38;2;242;240;236m [48;2;0;0;0m[38;2;102;153;204mTryIgniteFromLowDurability[48;2;0;0;0m[38;2;242;240;236m([48;2;0;0;0m[38;2;242;240;236m
         268  [48;2;0;0;0m[38;2;242;240;236m            [48;2;0;0;0m[38;2;204;153;204mfloat[48;2;0;0;0m[38;2;242;240;236m [48;2;0;0;0m[38;2;242;119;122mgameHours[48;2;0;0;0m[38;2;242;240;236m,[48;2;0;0;0m[38;2;242;240;236m
         269  [48;2;0;0;0m[38;2;242;240;236m            [48;2;0;0;0m[38;2;242;240;236mPowerNetwork[48;2;0;0;0m[38;2;242;240;236m [48;2;0;0;0m[38;2;242;119;122mpower[48;2;0;0;0m[38;2;242;240;236m,[48;2;0;0;0m[38;2;242;240;236m
         270  [48;2;0;0;0m[38;2;242;240;236m            [48;2;0;0;0m[38;2;242;240;236mShelter[48;2;0;0;0m[38;2;242;240;236m [48;2;0;0;0m[38;2;242;119;122mshelter[48;2;0;0;0m[38;2;242;240;236m [48;2;0;0;0m[38;2;211;208;200m=[48;2;0;0;0m[38;2;242;240;236m [48;2;0;0;0m[38;2;249;145;87mnull[48;2;0;0;0m[38;2;242;240;236m)[48;2;0;0;0m[38;2;242;240;236m
         271  [48;2;0;0;0m[38;2;242;240;236m        [48;2;0;0;0m[38;2;242;240;236m{[48;2;0;0;0m[38;2;242;240;236m
         272  [48;2;0;0;0m[38;2;242;240;236m            [48;2;0;0;0m[38;2;116;115;105m//[48;2;0;0;0m[38;2;116;115;105m Prompt #226 — Grid Walker: generators never cause fires.
              [hid 60 additional lines]

    Function with high complexity (count = 25): SpreadFireToAdjacentRooms

         515  [48;2;0;0;0m[38;2;242;240;236m        [48;2;0;0;0m[38;2;204;153;204mprivate[48;2;0;0;0m[38;2;242;240;236m [48;2;0;0;0m[38;2;204;153;204mbool[48;2;0;0;0m[38;2;242;240;236m [48;2;0;0;0m[38;2;102;153;204mSpreadFireToAdjacentRooms[48;2;0;0;0m[38;2;242;240;236m([48;2;0;0;0m[38;2;204;153;204mfloat[48;2;0;0;0m[38;2;242;240;236m [48;2;0;0;0m[38;2;242;119;122mgameHours[48;2;0;0;0m[38;2;242;240;236m,[48;2;0;0;0m[38;2;242;240;236m [48;2;0;0;0m[38;2;242;240;236mShelter[48;2;0;0;0m[38;2;242;240;236m [48;2;0;0;0m[38;2;242;119;122mshelter[48;2;0;0;0m[38;2;242;240;236m)[48;2;0;0;0m[38;2;242;240;236m
         516  [48;2;0;0;0m[38;2;242;240;236m        [48;2;0;0;0m[38;2;242;240;236m{[48;2;0;0;0m[38;2;242;240;236m
         517  [48;2;0;0;0m[38;2;242;240;236m            [48;2;0;0;0m[38;2;204;153;204mif[48;2;0;0;0m[38;2;242;240;236m [48;2;0;0;0m[38;2;242;240;236m([48;2;0;0;0m[38;2;242;119;122mshelter[48;2;0;0;0m[38;2;242;240;236m [48;2;0;0;0m[38;2;211;208;200m==[48;2;0;0;0m[38;2;242;240;236m [48;2;0;0;0m[38;2;249;145;87mnull[48;2;0;0;0m[38;2;242;240;236m [48;2;0;0;0m[38;2;211;208;200m||[48;2;0;0;0m[38;2;242;240;236m [48;2;0;0;0m[38;2;242;119;122mgameHours[48;2;0;0;0m[38;2;242;240;236m [48;2;0;0;0m[38;2;211;208;200m<=[48;2;0;0;0m[38;2;242;240;236m [48;2;0;0;0m[38;2;249;145;87m0[48;2;0;0;0m[38;2;204;153;204mf[48;2;0;0;0m[38;2;242;240;236m)[48;2;0;0;0m[38;2;242;240;236m [48;2;0;0;0m[38;2;204;153;204mreturn[48;2;0;0;0m[38;2;242;240;236m [48;2;0;0;0m[38;2;249;145;87mfalse[48;2;0;0;0m[38;2;242;240;236m;[48;2;0;0;0m[38;2;242;240;236m
         518  [48;2;0;0;0m[38;2;242;240;236m            [48;2;0;0;0m[38;2;204;153;204mbool[48;2;0;0;0m[38;2;242;240;236m [48;2;0;0;0m[38;2;242;119;122mspread[48;2;0;0;0m[38;2;242;240;236m [48;2;0;0;0m[38;2;211;208;200m=[48;2;0;0;0m[38;2;242;240;236m [48;2;0;0;0m[38;2;249;145;87mfalse[48;2;0;0;0m[38;2;242;240;236m;[48;2;0;0;0m[38;2;242;240;236m
         519  [48;2;0;0;0m[38;2;242;240;236m
         520  [48;2;0;0;0m[38;2;242;240;236m            [48;2;0;0;0m[38;2;116;115;105m//[48;2;0;0;0m[38;2;116;115;105m Snapshot burning rooms so spread doesn't cascade infinitely in one tick.
              [hid 35 additional lines]

    Found 17 lines of similar code in 2 locations (mass = 85)

         636  [48;2;0;0;0m[38;2;211;208;200m    [48;2;0;0;0m[38;2;211;208;200m[[48;2;0;0;0m[38;2;242;119;122mSerializable[48;2;0;0;0m[38;2;211;208;200m][48;2;0;0;0m[38;2;211;208;200m
         637  [48;2;0;0;0m[38;2;211;208;200m    [48;2;0;0;0m[38;2;204;153;204mpublic[48;2;0;0;0m[38;2;211;208;200m [48;2;0;0;0m[38;2;204;153;204mclass[48;2;0;0;0m[38;2;242;240;236m [48;2;0;0;0m[38;2;255;204;102mShelterRoomAtmosphereSave[48;2;0;0;0m[38;2;242;240;236m
         638  [48;2;0;0;0m[38;2;242;240;236m    [48;2;0;0;0m[38;2;242;240;236m{[48;2;0;0;0m[38;2;242;240;236m
         639  [48;2;0;0;0m[38;2;242;240;236m        [48;2;0;0;0m[38;2;204;153;204mpublic[48;2;0;0;0m[38;2;242;240;236m [48;2;0;0;0m[38;2;204;153;204mstring[48;2;0;0;0m[38;2;242;240;236m [48;2;0;0;0m[38;2;242;119;122mRoomId[48;2;0;0;0m[38;2;242;240;236m;[48;2;0;0;0m[38;2;242;240;236m
         640  [48;2;0;0;0m[38;2;242;240;236m        [48;2;0;0;0m[38;2;204;153;204mpublic[48;2;0;0;0m[38;2;242;240;236m [48;2;0;0;0m[38;2;204;153;204mfloat[48;2;0;0;0m[38;2;242;240;236m [48;2;0;0;0m[38;2;242;119;122mHumidity[48;2;0;0;0m[38;2;242;240;236m;[48;2;0;0;0m[38;2;242;240;236m
         641  [48;2;0;0;0m[38;2;242;240;236m        [48;2;0;0;0m[38;2;204;153;204mpublic[48;2;0;0;0m[38;2;242;240;236m [48;2;0;0;0m[38;2;204;153;204mfloat[48;2;0;0;0m[38;2;242;240;236m [48;2;0;0;0m[38;2;242;119;122mOxygenFraction[48;2;0;0;0m[38;2;242;240;236m;[48;2;0;0;0m[38;2;242;240;236m
              [hid 11 additional lines]
        also found at Assets/_Game/Economy/DynamicEconomySystem.cs


Assets/_Game/Shelter/ShelterModuleInstance.cs
    Function with high complexity (count = 19): Tick

          73  [48;2;0;0;0m[38;2;242;240;236m        [48;2;0;0;0m[38;2;204;153;204mpublic[48;2;0;0;0m[38;2;242;240;236m [48;2;0;0;0m[38;2;204;153;204mvoid[48;2;0;0;0m[38;2;242;240;236m [48;2;0;0;0m[38;2;102;153;204mTick[48;2;0;0;0m[38;2;242;240;236m([48;2;0;0;0m[38;2;204;153;204mfloat[48;2;0;0;0m[38;2;242;240;236m [48;2;0;0;0m[38;2;242;119;122mgameHours[48;2;0;0;0m[38;2;242;240;236m,[48;2;0;0;0m[38;2;242;240;236m [48;2;0;0;0m[38;2;242;240;236mShelter[48;2;0;0;0m[38;2;242;240;236m [48;2;0;0;0m[38;2;242;119;122mshelter[48;2;0;0;0m[38;2;242;240;236m)[48;2;0;0;0m[38;2;242;240;236m
          74  [48;2;0;0;0m[38;2;242;240;236m        [48;2;0;0;0m[38;2;242;240;236m{[48;2;0;0;0m[38;2;242;240;236m
          75  [48;2;0;0;0m[38;2;242;240;236m            [48;2;0;0;0m[38;2;204;153;204mif[48;2;0;0;0m[38;2;242;240;236m [48;2;0;0;0m[38;2;242;240;236m([48;2;0;0;0m[38;2;211;208;200m![48;2;0;0;0m[38;2;242;119;122mIsOperational[48;2;0;0;0m[38;2;242;240;236m [48;2;0;0;0m[38;2;211;208;200m||[48;2;0;0;0m[38;2;242;240;236m [48;2;0;0;0m[38;2;242;119;122mgameHours[48;2;0;0;0m[38;2;242;240;236m [48;2;0;0;0m[38;2;211;208;200m<=[48;2;0;0;0m[38;2;242;240;236m [48;2;0;0;0m[38;2;249;145;87m0[48;2;0;0;0m[38;2;204;153;204mf[48;2;0;0;0m[38;2;242;240;236m)[48;2;0;0;0m[38;2;242;240;236m [48;2;0;0;0m[38;2;204;153;204mreturn[48;2;0;0;0m[38;2;242;240;236m;[48;2;0;0;0m[38;2;242;240;236m
          76  [48;2;0;0;0m[38;2;242;240;236m
          77  [48;2;0;0;0m[38;2;242;240;236m            [48;2;0;0;0m[38;2;204;153;204mif[48;2;0;0;0m[38;2;242;240;236m [48;2;0;0;0m[38;2;242;240;236m([48;2;0;0;0m[38;2;242;119;122m_definition[48;2;0;0;0m[38;2;242;240;236m [48;2;0;0;0m[38;2;211;208;200mis[48;2;0;0;0m[38;2;242;240;236m [48;2;0;0;0m[38;2;242;240;236mAirFiltrationModuleSO[48;2;0;0;0m[38;2;242;240;236m [48;2;0;0;0m[38;2;242;119;122mairSO[48;2;0;0;0m[38;2;242;240;236m)[48;2;0;0;0m[38;2;242;240;236m
          78  [48;2;0;0;0m[38;2;242;240;236m            [48;2;0;0;0m[38;2;242;240;236m{[48;2;0;0;0m[38;2;242;240;236m
              [hid 48 additional lines]


Assets/_Game/Shelter/ShelterRoom.cs
    Function with high complexity (count = 18): AddItem

         187  [48;2;0;0;0m[38;2;242;240;236m        [48;2;0;0;0m[38;2;204;153;204mpublic[48;2;0;0;0m[38;2;242;240;236m [48;2;0;0;0m[38;2;204;153;204mint[48;2;0;0;0m[38;2;242;240;236m [48;2;0;0;0m[38;2;102;153;204mAddItem[48;2;0;0;0m[38;2;242;240;236m([48;2;0;0;0m[38;2;242;240;236mItemDefinition[48;2;0;0;0m[38;2;242;240;236m [48;2;0;0;0m[38;2;242;119;122mitem[48;2;0;0;0m[38;2;242;240;236m,[48;2;0;0;0m[38;2;242;240;236m [48;2;0;0;0m[38;2;204;153;204mint[48;2;0;0;0m[38;2;242;240;236m [48;2;0;0;0m[38;2;242;119;122mamount[48;2;0;0;0m[38;2;242;240;236m,[48;2;0;0;0m[38;2;242;240;236m [48;2;0;0;0m[38;2;204;153;204mint[48;2;0;0;0m[38;2;242;240;236m [48;2;0;0;0m[38;2;242;119;122mpreferredSlot[48;2;0;0;0m[38;2;242;240;236m [48;2;0;0;0m[38;2;211;208;200m=[48;2;0;0;0m[38;2;242;240;236m [48;2;0;0;0m[38;2;211;208;200m-[48;2;0;0;0m[38;2;249;145;87m1[48;2;0;0;0m[38;2;242;240;236m)[48;2;0;0;0m[38;2;242;240;236m
         188  [48;2;0;0;0m[38;2;242;240;236m        [48;2;0;0;0m[38;2;242;240;236m{[48;2;0;0;0m[38;2;242;240;236m
         189  [48;2;0;0;0m[38;2;242;240;236m            [48;2;0;0;0m[38;2;204;153;204mif[48;2;0;0;0m[38;2;242;240;236m [48;2;0;0;0m[38;2;242;240;236m([48;2;0;0;0m[38;2;242;119;122mitem[48;2;0;0;0m[38;2;242;240;236m [48;2;0;0;0m[38;2;211;208;200m==[48;2;0;0;0m[38;2;242;240;236m [48;2;0;0;0m[38;2;249;145;87mnull[48;2;0;0;0m[38;2;242;240;236m [48;2;0;0;0m[38;2;211;208;200m||[48;2;0;0;0m[38;2;242;240;236m [48;2;0;0;0m[38;2;242;119;122mamount[48;2;0;0;0m[38;2;242;240;236m [48;2;0;0;0m[38;2;211;208;200m<=[48;2;0;0;0m[38;2;242;240;236m [48;2;0;0;0m[38;2;249;145;87m0[48;2;0;0;0m[38;2;242;240;236m [48;2;0;0;0m[38;2;211;208;200m||[48;2;0;0;0m[38;2;242;240;236m [48;2;0;0;0m[38;2;242;119;122m_slots[48;2;0;0;0m[38;2;242;240;236m [48;2;0;0;0m[38;2;211;208;200m==[48;2;0;0;0m[38;2;242;240;236m [48;2;0;0;0m[38;2;249;145;87mnull[48;2;0;0;0m[38;2;242;240;236m)[48;2;0;0;0m[38;2;242;240;236m [48;2;0;0;0m[38;2;204;153;204mreturn[48;2;0;0;0m[38;2;242;240;236m [48;2;0;0;0m[38;2;211;208;200m-[48;2;0;0;0m[38;2;249;145;87m1[48;2;0;0;0m[38;2;242;240;236m;[48;2;0;0;0m[38;2;242;240;236m
         190  [48;2;0;0;0m[38;2;242;240;236m
         191  [48;2;0;0;0m[38;2;242;240;236m            [48;2;0;0;0m[38;2;116;115;105m//[48;2;0;0;0m[38;2;116;115;105m Try preferred slot first
         192  [48;2;0;0;0m[38;2;242;240;236m            [48;2;0;0;0m[38;2;204;153;204mif[48;2;0;0;0m[38;2;242;240;236m [48;2;0;0;0m[38;2;242;240;236m([48;2;0;0;0m[38;2;242;119;122mpreferredSlot[48;2;0;0;0m[38;2;242;240;236m [48;2;0;0;0m[38;2;211;208;200m>=[48;2;0;0;0m[38;2;242;240;236m [48;2;0;0;0m[38;2;249;145;87m0[48;2;0;0;0m[38;2;242;240;236m [48;2;0;0;0m[38;2;211;208;200m&&[48;2;0;0;0m[38;2;242;240;236m [48;2;0;0;0m[38;2;242;119;122mpreferredSlot[48;2;0;0;0m[38;2;242;240;236m [48;2;0;0;0m[38;2;211;208;200m<[48;2;0;0;0m[38;2;242;240;236m [48;2;0;0;0m[38;2;242;119;122m_slots[48;2;0;0;0m[38;2;242;240;236m.[48;2;0;0;0m[38;2;242;119;122mCount[48;2;0;0;0m[38;2;242;240;236m [48;2;0;0;0m[38;2;211;208;200m&&[48;2;0;0;0m[38;2;242;240;236m [48;2;0;0;0m[38;2;242;119;122m_slots[48;2;0;0;0m[38;2;242;240;236m[[48;2;0;0;0m[38;2;242;119;122mpreferredSlot[48;2;0;0;0m[38;2;242;240;236m][48;2;0;0;0m[38;2;242;240;236m.[48;2;0;0;0m[38;2;242;119;122mIsEmpty[48;2;0;0;0m[38;2;242;240;236m)[48;2;0;0;0m[38;2;242;240;236m
              [hid 36 additional lines]


Assets/_Game/Shelter/ShelterUpgrader.cs
    Deeply nested control flow (level = 5)

          30  [48;2;0;0;0m[38;2;242;240;236m                            [48;2;0;0;0m[38;2;204;153;204mif[48;2;0;0;0m[38;2;242;240;236m [48;2;0;0;0m[38;2;242;240;236m([48;2;0;0;0m[38;2;242;119;122minventory[48;2;0;0;0m[38;2;242;240;236m.[48;2;0;0;0m[38;2;102;153;204mCount[48;2;0;0;0m[38;2;242;240;236m([48;2;0;0;0m[38;2;242;119;122mcost[48;2;0;0;0m[38;2;242;240;236m.[48;2;0;0;0m[38;2;242;119;122mItem[48;2;0;0;0m[38;2;242;240;236m)[48;2;0;0;0m[38;2;242;240;236m [48;2;0;0;0m[38;2;211;208;200m<[48;2;0;0;0m[38;2;242;240;236m [48;2;0;0;0m[38;2;242;119;122mcost[48;2;0;0;0m[38;2;242;240;236m.[48;2;0;0;0m[38;2;242;119;122mAmount[48;2;0;0;0m[38;2;242;240;236m)[48;2;0;0;0m[38;2;242;240;236m
          31  [48;2;0;0;0m[38;2;242;240;236m                            [48;2;0;0;0m[38;2;242;240;236m{[48;2;0;0;0m[38;2;242;240;236m
          32  [48;2;0;0;0m[38;2;242;240;236m                                [48;2;0;0;0m[38;2;204;153;204mreturn[48;2;0;0;0m[38;2;242;240;236m [48;2;0;0;0m[38;2;249;145;87mfalse[48;2;0;0;0m[38;2;242;240;236m;[48;2;0;0;0m[38;2;242;240;236m
          33  [48;2;0;0;0m[38;2;242;240;236m                            [48;2;0;0;0m[38;2;242;240;236m}[48;2;0;0;0m[38;2;242;240;236m

    Function with high complexity (count = 19): CanUpgrade

          14  [48;2;0;0;0m[38;2;242;240;236m        [48;2;0;0;0m[38;2;204;153;204mpublic[48;2;0;0;0m[38;2;242;240;236m [48;2;0;0;0m[38;2;204;153;204mbool[48;2;0;0;0m[38;2;242;240;236m [48;2;0;0;0m[38;2;102;153;204mCanUpgrade[48;2;0;0;0m[38;2;242;240;236m([48;2;0;0;0m[38;2;242;240;236mShelterModuleInstance[48;2;0;0;0m[38;2;242;240;236m [48;2;0;0;0m[38;2;242;119;122mmodule[48;2;0;0;0m[38;2;242;240;236m,[48;2;0;0;0m[38;2;242;240;236m [48;2;0;0;0m[38;2;242;240;236mInventory[48;2;0;0;0m[38;2;242;240;236m.[48;2;0;0;0m[38;2;242;240;236mInventory[48;2;0;0;0m[38;2;242;240;236m [48;2;0;0;0m[38;2;242;119;122minventory[48;2;0;0;0m[38;2;242;240;236m)[48;2;0;0;0m[38;2;242;240;236m
          15  [48;2;0;0;0m[38;2;242;240;236m        [48;2;0;0;0m[38;2;242;240;236m{[48;2;0;0;0m[38;2;242;240;236m
          16  [48;2;0;0;0m[38;2;242;240;236m            [48;2;0;0;0m[38;2;204;153;204mif[48;2;0;0;0m[38;2;242;240;236m [48;2;0;0;0m[38;2;242;240;236m([48;2;0;0;0m[38;2;242;119;122mmodule[48;2;0;0;0m[38;2;242;240;236m [48;2;0;0;0m[38;2;211;208;200m==[48;2;0;0;0m[38;2;242;240;236m [48;2;0;0;0m[38;2;249;145;87mnull[48;2;0;0;0m[38;2;242;240;236m [48;2;0;0;0m[38;2;211;208;200m||[48;2;0;0;0m[38;2;242;240;236m [48;2;0;0;0m[38;2;242;119;122minventory[48;2;0;0;0m[38;2;242;240;236m [48;2;0;0;0m[38;2;211;208;200m==[48;2;0;0;0m[38;2;242;240;236m [48;2;0;0;0m[38;2;249;145;87mnull[48;2;0;0;0m[38;2;242;240;236m)[48;2;0;0;0m[38;2;242;240;236m [48;2;0;0;0m[38;2;204;153;204mreturn[48;2;0;0;0m[38;2;242;240;236m [48;2;0;0;0m[38;2;249;145;87mfalse[48;2;0;0;0m[38;2;242;240;236m;[48;2;0;0;0m[38;2;242;240;236m
          17  [48;2;0;0;0m[38;2;242;240;236m            [48;2;0;0;0m[38;2;204;153;204mif[48;2;0;0;0m[38;2;242;240;236m [48;2;0;0;0m[38;2;242;240;236m([48;2;0;0;0m[38;2;242;119;122mmodule[48;2;0;0;0m[38;2;242;240;236m.[48;2;0;0;0m[38;2;242;119;122mDefinition[48;2;0;0;0m[38;2;242;240;236m [48;2;0;0;0m[38;2;211;208;200m!=[48;2;0;0;0m[38;2;242;240;236m [48;2;0;0;0m[38;2;249;145;87mnull[48;2;0;0;0m[38;2;242;240;236m [48;2;0;0;0m[38;2;211;208;200m&&[48;2;0;0;0m[38;2;242;240;236m [48;2;0;0;0m[38;2;242;119;122mmodule[48;2;0;0;0m[38;2;242;240;236m.[48;2;0;0;0m[38;2;242;119;122mLevel[48;2;0;0;0m[38;2;242;240;236m [48;2;0;0;0m[38;2;211;208;200m>=[48;2;0;0;0m[38;2;242;240;236m [48;2;0;0;0m[38;2;242;119;122mmodule[48;2;0;0;0m[38;2;242;240;236m.[48;2;0;0;0m[38;2;242;119;122mDefinition[48;2;0;0;0m[38;2;242;240;236m.[48;2;0;0;0m[38;2;242;119;122mMaxLevel[48;2;0;0;0m[38;2;242;240;236m)[48;2;0;0;0m[38;2;242;240;236m [48;2;0;0;0m[38;2;204;153;204mreturn[48;2;0;0;0m[38;2;242;240;236m [48;2;0;0;0m[38;2;249;145;87mfalse[48;2;0;0;0m[38;2;242;240;236m;[48;2;0;0;0m[38;2;242;240;236m
          18  [48;2;0;0;0m[38;2;242;240;236m
          19  [48;2;0;0;0m[38;2;242;240;236m            [48;2;0;0;0m[38;2;204;153;204mint[48;2;0;0;0m[38;2;242;240;236m [48;2;0;0;0m[38;2;242;119;122mtargetLevel[48;2;0;0;0m[38;2;242;240;236m [48;2;0;0;0m[38;2;211;208;200m=[48;2;0;0;0m[38;2;242;240;236m [48;2;0;0;0m[38;2;242;119;122mmodule[48;2;0;0;0m[38;2;242;240;236m.[48;2;0;0;0m[38;2;242;119;122mLevel[48;2;0;0;0m[38;2;242;240;236m [48;2;0;0;0m[38;2;211;208;200m+[48;2;0;0;0m[38;2;242;240;236m [48;2;0;0;0m[38;2;249;145;87m1[48;2;0;0;0m[38;2;242;240;236m;[48;2;0;0;0m[38;2;242;240;236m
              [hid 20 additional lines]


Assets/_Game/Shelter/SleepQuality.cs
    High total complexity (count = 70)

           1  [48;2;0;0;0m[38;2;204;153;204musing[48;2;0;0;0m[38;2;211;208;200m [48;2;0;0;0m[38;2;211;208;200mSystem[48;2;0;0;0m[38;2;211;208;200m;[48;2;0;0;0m[38;2;211;208;200m
           2  [48;2;0;0;0m[38;2;204;153;204musing[48;2;0;0;0m[38;2;211;208;200m [48;2;0;0;0m[38;2;211;208;200mUnityEngine[48;2;0;0;0m[38;2;211;208;200m;[48;2;0;0;0m[38;2;211;208;200m
           3  [48;2;0;0;0m[38;2;204;153;204musing[48;2;0;0;0m[38;2;211;208;200m [48;2;0;0;0m[38;2;211;208;200mAtomicWar[48;2;0;0;0m[38;2;211;208;200m.[48;2;0;0;0m[38;2;211;208;200m_Game[48;2;0;0;0m[38;2;211;208;200m.[48;2;0;0;0m[38;2;211;208;200mShelter[48;2;0;0;0m[38;2;211;208;200m.[48;2;0;0;0m[38;2;211;208;200mModules[48;2;0;0;0m[38;2;211;208;200m;[48;2;0;0;0m[38;2;211;208;200m
           4  [48;2;0;0;0m[38;2;211;208;200m
           5  [48;2;0;0;0m[38;2;204;153;204mnamespace[48;2;0;0;0m[38;2;211;208;200m [48;2;0;0;0m[38;2;211;208;200mAtomicWar[48;2;0;0;0m[38;2;211;208;200m.[48;2;0;0;0m[38;2;211;208;200m_Game[48;2;0;0;0m[38;2;211;208;200m.[48;2;0;0;0m[38;2;211;208;200mShelter[48;2;0;0;0m[38;2;211;208;200m
           6  [48;2;0;0;0m[38;2;211;208;200m{[48;2;0;0;0m[38;2;211;208;200m
              [hid 375 additional lines]

    Function with high complexity (count = 20): TryClaimBed

         281  [48;2;0;0;0m[38;2;242;240;236m        [48;2;0;0;0m[38;2;204;153;204mpublic[48;2;0;0;0m[38;2;242;240;236m [48;2;0;0;0m[38;2;204;153;204mstatic[48;2;0;0;0m[38;2;242;240;236m [48;2;0;0;0m[38;2;204;153;204mbool[48;2;0;0;0m[38;2;242;240;236m [48;2;0;0;0m[38;2;102;153;204mTryClaimBed[48;2;0;0;0m[38;2;242;240;236m([48;2;0;0;0m[38;2;242;240;236m
         282  [48;2;0;0;0m[38;2;242;240;236m            [48;2;0;0;0m[38;2;242;240;236mShelter[48;2;0;0;0m[38;2;242;240;236m [48;2;0;0;0m[38;2;242;119;122mshelter[48;2;0;0;0m[38;2;242;240;236m,[48;2;0;0;0m[38;2;242;240;236m
         283  [48;2;0;0;0m[38;2;242;240;236m            [48;2;0;0;0m[38;2;204;153;204mout[48;2;0;0;0m[38;2;242;240;236m [48;2;0;0;0m[38;2;204;153;204mfloat[48;2;0;0;0m[38;2;242;240;236m [48;2;0;0;0m[38;2;242;119;122mcomfortLevel[48;2;0;0;0m[38;2;242;240;236m,[48;2;0;0;0m[38;2;242;240;236m
         284  [48;2;0;0;0m[38;2;242;240;236m            [48;2;0;0;0m[38;2;204;153;204mout[48;2;0;0;0m[38;2;242;240;236m [48;2;0;0;0m[38;2;204;153;204mstring[48;2;0;0;0m[38;2;242;240;236m [48;2;0;0;0m[38;2;242;119;122mbedRoomId[48;2;0;0;0m[38;2;242;240;236m)[48;2;0;0;0m[38;2;242;240;236m
         285  [48;2;0;0;0m[38;2;242;240;236m        [48;2;0;0;0m[38;2;242;240;236m{[48;2;0;0;0m[38;2;242;240;236m
         286  [48;2;0;0;0m[38;2;242;240;236m            [48;2;0;0;0m[38;2;242;119;122mcomfortLevel[48;2;0;0;0m[38;2;242;240;236m [48;2;0;0;0m[38;2;211;208;200m=[48;2;0;0;0m[38;2;242;240;236m [48;2;0;0;0m[38;2;249;145;87m0[48;2;0;0;0m[38;2;204;153;204mf[48;2;0;0;0m[38;2;242;240;236m;[48;2;0;0;0m[38;2;242;240;236m
              [hid 37 additional lines]


Assets/_Game/Shelter/StorageLayoutSO.cs
    Function with high complexity (count = 26): BuildSlots

          55  [48;2;0;0;0m[38;2;242;240;236m        [48;2;0;0;0m[38;2;204;153;204mpublic[48;2;0;0;0m[38;2;242;240;236m [48;2;0;0;0m[38;2;242;240;236mList[48;2;0;0;0m[38;2;242;240;236m<[48;2;0;0;0m[38;2;242;240;236mStorageSlot[48;2;0;0;0m[38;2;242;240;236m>[48;2;0;0;0m[38;2;242;240;236m [48;2;0;0;0m[38;2;102;153;204mBuildSlots[48;2;0;0;0m[38;2;242;240;236m([48;2;0;0;0m[38;2;242;240;236m)[48;2;0;0;0m[38;2;242;240;236m
          56  [48;2;0;0;0m[38;2;242;240;236m        [48;2;0;0;0m[38;2;242;240;236m{[48;2;0;0;0m[38;2;242;240;236m
          57  [48;2;0;0;0m[38;2;242;240;236m            [48;2;0;0;0m[38;2;204;153;204mvar[48;2;0;0;0m[38;2;242;240;236m [48;2;0;0;0m[38;2;242;119;122mresult[48;2;0;0;0m[38;2;242;240;236m [48;2;0;0;0m[38;2;211;208;200m=[48;2;0;0;0m[38;2;242;240;236m [48;2;0;0;0m[38;2;211;208;200mnew[48;2;0;0;0m[38;2;242;240;236m [48;2;0;0;0m[38;2;242;240;236mList[48;2;0;0;0m[38;2;242;240;236m<[48;2;0;0;0m[38;2;242;240;236mStorageSlot[48;2;0;0;0m[38;2;242;240;236m>[48;2;0;0;0m[38;2;242;240;236m([48;2;0;0;0m[38;2;242;119;122mslots[48;2;0;0;0m[38;2;242;240;236m.[48;2;0;0;0m[38;2;242;119;122mCount[48;2;0;0;0m[38;2;242;240;236m)[48;2;0;0;0m[38;2;242;240;236m;[48;2;0;0;0m[38;2;242;240;236m
          58  [48;2;0;0;0m[38;2;242;240;236m            [48;2;0;0;0m[38;2;204;153;204mfor[48;2;0;0;0m[38;2;242;240;236m [48;2;0;0;0m[38;2;242;240;236m([48;2;0;0;0m[38;2;204;153;204mint[48;2;0;0;0m[38;2;242;240;236m [48;2;0;0;0m[38;2;242;119;122mi[48;2;0;0;0m[38;2;242;240;236m [48;2;0;0;0m[38;2;211;208;200m=[48;2;0;0;0m[38;2;242;240;236m [48;2;0;0;0m[38;2;249;145;87m0[48;2;0;0;0m[38;2;242;240;236m;[48;2;0;0;0m[38;2;242;240;236m [48;2;0;0;0m[38;2;242;119;122mi[48;2;0;0;0m[38;2;242;240;236m [48;2;0;0;0m[38;2;211;208;200m<[48;2;0;0;0m[38;2;242;240;236m [48;2;0;0;0m[38;2;242;119;122mslots[48;2;0;0;0m[38;2;242;240;236m.[48;2;0;0;0m[38;2;242;119;122mCount[48;2;0;0;0m[38;2;242;240;236m;[48;2;0;0;0m[38;2;242;240;236m [48;2;0;0;0m[38;2;242;119;122mi[48;2;0;0;0m[38;2;211;208;200m+[48;2;0;0;0m[38;2;211;208;200m+[48;2;0;0;0m[38;2;242;240;236m)[48;2;0;0;0m[38;2;242;240;236m
          59  [48;2;0;0;0m[38;2;242;240;236m            [48;2;0;0;0m[38;2;242;240;236m{[48;2;0;0;0m[38;2;242;240;236m
          60  [48;2;0;0;0m[38;2;242;240;236m                [48;2;0;0;0m[38;2;204;153;204mvar[48;2;0;0;0m[38;2;242;240;236m [48;2;0;0;0m[38;2;242;119;122mdef[48;2;0;0;0m[38;2;242;240;236m [48;2;0;0;0m[38;2;211;208;200m=[48;2;0;0;0m[38;2;242;240;236m [48;2;0;0;0m[38;2;242;119;122mslots[48;2;0;0;0m[38;2;242;240;236m[[48;2;0;0;0m[38;2;242;119;122mi[48;2;0;0;0m[38;2;242;240;236m][48;2;0;0;0m[38;2;242;240;236m;[48;2;0;0;0m[38;2;242;240;236m
              [hid 37 additional lines]


Assets/_Game/Shelter/StructuralIntegritySystem.cs
    Function with many returns (count = 6): TryInstallShoringStrut

         133  [48;2;0;0;0m[38;2;242;240;236m        [48;2;0;0;0m[38;2;204;153;204mpublic[48;2;0;0;0m[38;2;242;240;236m [48;2;0;0;0m[38;2;204;153;204mbool[48;2;0;0;0m[38;2;242;240;236m [48;2;0;0;0m[38;2;102;153;204mTryInstallShoringStrut[48;2;0;0;0m[38;2;242;240;236m([48;2;0;0;0m[38;2;242;240;236m
         134  [48;2;0;0;0m[38;2;242;240;236m            [48;2;0;0;0m[38;2;242;240;236mSurvivor[48;2;0;0;0m[38;2;242;240;236m [48;2;0;0;0m[38;2;242;119;122mbuilder[48;2;0;0;0m[38;2;242;240;236m,[48;2;0;0;0m[38;2;242;240;236m
         135  [48;2;0;0;0m[38;2;242;240;236m            [48;2;0;0;0m[38;2;242;240;236mInventoryClass[48;2;0;0;0m[38;2;242;240;236m [48;2;0;0;0m[38;2;242;119;122minventory[48;2;0;0;0m[38;2;242;240;236m,[48;2;0;0;0m[38;2;242;240;236m
         136  [48;2;0;0;0m[38;2;242;240;236m            [48;2;0;0;0m[38;2;242;240;236mItemDefinition[48;2;0;0;0m[38;2;242;240;236m [48;2;0;0;0m[38;2;242;119;122mwoodItem[48;2;0;0;0m[38;2;242;240;236m,[48;2;0;0;0m[38;2;242;240;236m
         137  [48;2;0;0;0m[38;2;242;240;236m            [48;2;0;0;0m[38;2;204;153;204mstring[48;2;0;0;0m[38;2;242;240;236m [48;2;0;0;0m[38;2;242;119;122mroomId[48;2;0;0;0m[38;2;242;240;236m [48;2;0;0;0m[38;2;211;208;200m=[48;2;0;0;0m[38;2;242;240;236m [48;2;0;0;0m[38;2;249;145;87mnull[48;2;0;0;0m[38;2;242;240;236m)[48;2;0;0;0m[38;2;242;240;236m
         138  [48;2;0;0;0m[38;2;242;240;236m        [48;2;0;0;0m[38;2;242;240;236m{[48;2;0;0;0m[38;2;242;240;236m
              [hid 45 additional lines]

    High total complexity (count = 86)

           1  [48;2;0;0;0m[38;2;204;153;204musing[48;2;0;0;0m[38;2;211;208;200m [48;2;0;0;0m[38;2;211;208;200mSystem[48;2;0;0;0m[38;2;211;208;200m;[48;2;0;0;0m[38;2;211;208;200m
           2  [48;2;0;0;0m[38;2;204;153;204musing[48;2;0;0;0m[38;2;211;208;200m [48;2;0;0;0m[38;2;211;208;200mSystem[48;2;0;0;0m[38;2;211;208;200m.[48;2;0;0;0m[38;2;211;208;200mCollections[48;2;0;0;0m[38;2;211;208;200m.[48;2;0;0;0m[38;2;211;208;200mGeneric[48;2;0;0;0m[38;2;211;208;200m;[48;2;0;0;0m[38;2;211;208;200m
           3  [48;2;0;0;0m[38;2;204;153;204musing[48;2;0;0;0m[38;2;211;208;200m [48;2;0;0;0m[38;2;211;208;200mUnityEngine[48;2;0;0;0m[38;2;211;208;200m;[48;2;0;0;0m[38;2;211;208;200m
           4  [48;2;0;0;0m[38;2;204;153;204musing[48;2;0;0;0m[38;2;211;208;200m [48;2;0;0;0m[38;2;211;208;200mAtomicWar[48;2;0;0;0m[38;2;211;208;200m.[48;2;0;0;0m[38;2;211;208;200m_Game[48;2;0;0;0m[38;2;211;208;200m.[48;2;0;0;0m[38;2;211;208;200mInventory[48;2;0;0;0m[38;2;211;208;200m;[48;2;0;0;0m[38;2;211;208;200m
           5  [48;2;0;0;0m[38;2;204;153;204musing[48;2;0;0;0m[38;2;211;208;200m [48;2;0;0;0m[38;2;211;208;200mAtomicWar[48;2;0;0;0m[38;2;211;208;200m.[48;2;0;0;0m[38;2;211;208;200m_Game[48;2;0;0;0m[38;2;211;208;200m.[48;2;0;0;0m[38;2;211;208;200mSurvivors[48;2;0;0;0m[38;2;211;208;200m;[48;2;0;0;0m[38;2;211;208;200m
           6  [48;2;0;0;0m[38;2;204;153;204musing[48;2;0;0;0m[38;2;211;208;200m [48;2;0;0;0m[38;2;211;208;200mInventoryClass[48;2;0;0;0m[38;2;211;208;200m [48;2;0;0;0m[38;2;211;208;200m=[48;2;0;0;0m[38;2;211;208;200m [48;2;0;0;0m[38;2;211;208;200mAtomicWar[48;2;0;0;0m[38;2;211;208;200m.[48;2;0;0;0m[38;2;211;208;200m_Game[48;2;0;0;0m[38;2;211;208;200m.[48;2;0;0;0m[38;2;211;208;200mInventory[48;2;0;0;0m[38;2;211;208;200m.[48;2;0;0;0m[38;2;211;208;200mInventory[48;2;0;0;0m[38;2;211;208;200m;[48;2;0;0;0m[38;2;211;208;200m
              [hid 436 additional lines]

    Function with high complexity (count = 24): ExecuteCaveIn

         333  [48;2;0;0;0m[38;2;242;240;236m        [48;2;0;0;0m[38;2;204;153;204mprivate[48;2;0;0;0m[38;2;242;240;236m [48;2;0;0;0m[38;2;204;153;204mvoid[48;2;0;0;0m[38;2;242;240;236m [48;2;0;0;0m[38;2;102;153;204mExecuteCaveIn[48;2;0;0;0m[38;2;242;240;236m([48;2;0;0;0m[38;2;242;240;236mShelterRoom[48;2;0;0;0m[38;2;242;240;236m [48;2;0;0;0m[38;2;242;119;122mroom[48;2;0;0;0m[38;2;242;240;236m,[48;2;0;0;0m[38;2;242;240;236m [48;2;0;0;0m[38;2;242;240;236mShelter[48;2;0;0;0m[38;2;242;240;236m [48;2;0;0;0m[38;2;242;119;122mshelter[48;2;0;0;0m[38;2;242;240;236m)[48;2;0;0;0m[38;2;242;240;236m
         334  [48;2;0;0;0m[38;2;242;240;236m        [48;2;0;0;0m[38;2;242;240;236m{[48;2;0;0;0m[38;2;242;240;236m
         335  [48;2;0;0;0m[38;2;242;240;236m            [48;2;0;0;0m[38;2;242;119;122m_cavedInRoomIds[48;2;0;0;0m[38;2;242;240;236m.[48;2;0;0;0m[38;2;102;153;204mAdd[48;2;0;0;0m[38;2;242;240;236m([48;2;0;0;0m[38;2;242;119;122mroom[48;2;0;0;0m[38;2;242;240;236m.[48;2;0;0;0m[38;2;242;119;122mRoomId[48;2;0;0;0m[38;2;242;240;236m)[48;2;0;0;0m[38;2;242;240;236m;[48;2;0;0;0m[38;2;242;240;236m
         336  [48;2;0;0;0m[38;2;242;240;236m            [48;2;0;0;0m[38;2;204;153;204mvar[48;2;0;0;0m[38;2;242;240;236m [48;2;0;0;0m[38;2;242;119;122mdestroyedModules[48;2;0;0;0m[38;2;242;240;236m [48;2;0;0;0m[38;2;211;208;200m=[48;2;0;0;0m[38;2;242;240;236m [48;2;0;0;0m[38;2;211;208;200mnew[48;2;0;0;0m[38;2;242;240;236m [48;2;0;0;0m[38;2;242;240;236mList[48;2;0;0;0m[38;2;242;240;236m<[48;2;0;0;0m[38;2;204;153;204mstring[48;2;0;0;0m[38;2;242;240;236m>[48;2;0;0;0m[38;2;242;240;236m([48;2;0;0;0m[38;2;242;240;236m)[48;2;0;0;0m[38;2;242;240;236m;[48;2;0;0;0m[38;2;242;240;236m
         337  [48;2;0;0;0m[38;2;242;240;236m
         338  [48;2;0;0;0m[38;2;242;240;236m            [48;2;0;0;0m[38;2;116;115;105m//[48;2;0;0;0m[38;2;116;115;105m Destroy all modules installed in this room.
              [hid 47 additional lines]


Assets/_Game/Shelter/VerminSystem.cs
    Function with high complexity (count = 30): Tick

          92  [48;2;0;0;0m[38;2;242;240;236m        [48;2;0;0;0m[38;2;204;153;204mpublic[48;2;0;0;0m[38;2;242;240;236m [48;2;0;0;0m[38;2;204;153;204mvoid[48;2;0;0;0m[38;2;242;240;236m [48;2;0;0;0m[38;2;102;153;204mTick[48;2;0;0;0m[38;2;242;240;236m([48;2;0;0;0m[38;2;204;153;204mfloat[48;2;0;0;0m[38;2;242;240;236m [48;2;0;0;0m[38;2;242;119;122mgameHours[48;2;0;0;0m[38;2;242;240;236m,[48;2;0;0;0m[38;2;242;240;236m [48;2;0;0;0m[38;2;242;240;236mInventory[48;2;0;0;0m[38;2;242;240;236m.[48;2;0;0;0m[38;2;242;240;236mInventory[48;2;0;0;0m[38;2;242;240;236m [48;2;0;0;0m[38;2;242;119;122minventory[48;2;0;0;0m[38;2;242;240;236m)[48;2;0;0;0m[38;2;242;240;236m
          93  [48;2;0;0;0m[38;2;242;240;236m        [48;2;0;0;0m[38;2;242;240;236m{[48;2;0;0;0m[38;2;242;240;236m
          94  [48;2;0;0;0m[38;2;242;240;236m            [48;2;0;0;0m[38;2;204;153;204mif[48;2;0;0;0m[38;2;242;240;236m [48;2;0;0;0m[38;2;242;240;236m([48;2;0;0;0m[38;2;242;119;122mgameHours[48;2;0;0;0m[38;2;242;240;236m [48;2;0;0;0m[38;2;211;208;200m<=[48;2;0;0;0m[38;2;242;240;236m [48;2;0;0;0m[38;2;249;145;87m0[48;2;0;0;0m[38;2;204;153;204mf[48;2;0;0;0m[38;2;242;240;236m)[48;2;0;0;0m[38;2;242;240;236m [48;2;0;0;0m[38;2;204;153;204mreturn[48;2;0;0;0m[38;2;242;240;236m;[48;2;0;0;0m[38;2;242;240;236m
          95  [48;2;0;0;0m[38;2;242;240;236m            [48;2;0;0;0m[38;2;204;153;204mfloat[48;2;0;0;0m[38;2;242;240;236m [48;2;0;0;0m[38;2;242;119;122mgameDays[48;2;0;0;0m[38;2;242;240;236m [48;2;0;0;0m[38;2;211;208;200m=[48;2;0;0;0m[38;2;242;240;236m [48;2;0;0;0m[38;2;242;119;122mgameHours[48;2;0;0;0m[38;2;242;240;236m [48;2;0;0;0m[38;2;211;208;200m/[48;2;0;0;0m[38;2;242;240;236m [48;2;0;0;0m[38;2;249;145;87m24[48;2;0;0;0m[38;2;204;153;204mf[48;2;0;0;0m[38;2;242;240;236m;[48;2;0;0;0m[38;2;242;240;236m
          96  [48;2;0;0;0m[38;2;242;240;236m
          97  [48;2;0;0;0m[38;2;242;240;236m            [48;2;0;0;0m[38;2;116;115;105m//[48;2;0;0;0m[38;2;116;115;105m 1. Pest growth from stored food + low hygiene.
              [hid 62 additional lines]


Assets/_Game/Simulation/SimulationSystems.Ops.cs
    High total complexity (count = 57)

           1  [48;2;0;0;0m[38;2;204;153;204musing[48;2;0;0;0m[38;2;211;208;200m [48;2;0;0;0m[38;2;211;208;200mSystem[48;2;0;0;0m[38;2;211;208;200m;[48;2;0;0;0m[38;2;211;208;200m
           2  [48;2;0;0;0m[38;2;204;153;204musing[48;2;0;0;0m[38;2;211;208;200m [48;2;0;0;0m[38;2;211;208;200mSystem[48;2;0;0;0m[38;2;211;208;200m.[48;2;0;0;0m[38;2;211;208;200mCollections[48;2;0;0;0m[38;2;211;208;200m.[48;2;0;0;0m[38;2;211;208;200mGeneric[48;2;0;0;0m[38;2;211;208;200m;[48;2;0;0;0m[38;2;211;208;200m
           3  [48;2;0;0;0m[38;2;204;153;204musing[48;2;0;0;0m[38;2;211;208;200m [48;2;0;0;0m[38;2;211;208;200mUnityEngine[48;2;0;0;0m[38;2;211;208;200m;[48;2;0;0;0m[38;2;211;208;200m
           4  [48;2;0;0;0m[38;2;204;153;204musing[48;2;0;0;0m[38;2;211;208;200m [48;2;0;0;0m[38;2;211;208;200mAtomicWar[48;2;0;0;0m[38;2;211;208;200m.[48;2;0;0;0m[38;2;211;208;200m_Game[48;2;0;0;0m[38;2;211;208;200m.[48;2;0;0;0m[38;2;211;208;200mSurvivors[48;2;0;0;0m[38;2;211;208;200m;[48;2;0;0;0m[38;2;211;208;200m
           5  [48;2;0;0;0m[38;2;204;153;204musing[48;2;0;0;0m[38;2;211;208;200m [48;2;0;0;0m[38;2;211;208;200mAtomicWar[48;2;0;0;0m[38;2;211;208;200m.[48;2;0;0;0m[38;2;211;208;200m_Game[48;2;0;0;0m[38;2;211;208;200m.[48;2;0;0;0m[38;2;211;208;200mShelter[48;2;0;0;0m[38;2;211;208;200m;[48;2;0;0;0m[38;2;211;208;200m
           6  [48;2;0;0;0m[38;2;211;208;200m
              [hid 267 additional lines]


Assets/_Game/Survivors/BeliefSystem.cs
    Function with many parameters (count = 10): BeliefProfileDefaults

         218  [48;2;0;0;0m[38;2;242;240;236m            [48;2;0;0;0m[38;2;204;153;204mpublic[48;2;0;0;0m[38;2;242;240;236m [48;2;0;0;0m[38;2;102;153;204mBeliefProfileDefaults[48;2;0;0;0m[38;2;242;240;236m([48;2;0;0;0m[38;2;242;240;236m
         219  [48;2;0;0;0m[38;2;242;240;236m                [48;2;0;0;0m[38;2;204;153;204mfloat[48;2;0;0;0m[38;2;242;240;236m [48;2;0;0;0m[38;2;242;119;122mexperienceGainRate[48;2;0;0;0m[38;2;242;240;236m,[48;2;0;0;0m[38;2;242;240;236m [48;2;0;0;0m[38;2;204;153;204mfloat[48;2;0;0;0m[38;2;242;240;236m [48;2;0;0;0m[38;2;242;119;122mexperienceDecayRate[48;2;0;0;0m[38;2;242;240;236m,[48;2;0;0;0m[38;2;242;240;236m
         220  [48;2;0;0;0m[38;2;242;240;236m                [48;2;0;0;0m[38;2;204;153;204mfloat[48;2;0;0;0m[38;2;242;240;236m [48;2;0;0;0m[38;2;242;119;122msicknessObservedGainMultiplier[48;2;0;0;0m[38;2;242;240;236m,[48;2;0;0;0m[38;2;242;240;236m [48;2;0;0;0m[38;2;204;153;204mfloat[48;2;0;0;0m[38;2;242;240;236m [48;2;0;0;0m[38;2;242;119;122msurvivedHotTripOverconfidenceMultiplier[48;2;0;0;0m[38;2;242;240;236m,[48;2;0;0;0m[38;2;242;240;236m
         221  [48;2;0;0;0m[38;2;242;240;236m                [48;2;0;0;0m[38;2;204;153;204mfloat[48;2;0;0;0m[38;2;242;240;236m [48;2;0;0;0m[38;2;242;119;122muncertaintyDampens[48;2;0;0;0m[38;2;242;240;236m,[48;2;0;0;0m[38;2;242;240;236m [48;2;0;0;0m[38;2;204;153;204mfloat[48;2;0;0;0m[38;2;242;240;236m [48;2;0;0;0m[38;2;242;119;122manxietyGainRate[48;2;0;0;0m[38;2;242;240;236m,[48;2;0;0;0m[38;2;242;240;236m [48;2;0;0;0m[38;2;204;153;204mfloat[48;2;0;0;0m[38;2;242;240;236m [48;2;0;0;0m[38;2;242;119;122mnumbnessGainRate[48;2;0;0;0m[38;2;242;240;236m,[48;2;0;0;0m[38;2;242;240;236m
         222  [48;2;0;0;0m[38;2;242;240;236m                [48;2;0;0;0m[38;2;204;153;204mfloat[48;2;0;0;0m[38;2;242;240;236m [48;2;0;0;0m[38;2;242;119;122mnumbnessProneness[48;2;0;0;0m[38;2;242;240;236m,[48;2;0;0;0m[38;2;242;240;236m [48;2;0;0;0m[38;2;204;153;204mfloat[48;2;0;0;0m[38;2;242;240;236m [48;2;0;0;0m[38;2;242;119;122mriskBiasFactor[48;2;0;0;0m[38;2;242;240;236m,[48;2;0;0;0m[38;2;242;240;236m [48;2;0;0;0m[38;2;242;240;236mAnimationCurve[48;2;0;0;0m[38;2;242;240;236m [48;2;0;0;0m[38;2;242;119;122mscavengeUncertaintyCurve[48;2;0;0;0m[38;2;242;240;236m)[48;2;0;0;0m[38;2;242;240;236m


Assets/_Game/Survivors/CombatPerkSystem.cs
    High total complexity (count = 93)

           1  [48;2;0;0;0m[38;2;204;153;204musing[48;2;0;0;0m[38;2;211;208;200m [48;2;0;0;0m[38;2;211;208;200mSystem[48;2;0;0;0m[38;2;211;208;200m;[48;2;0;0;0m[38;2;211;208;200m
           2  [48;2;0;0;0m[38;2;204;153;204musing[48;2;0;0;0m[38;2;211;208;200m [48;2;0;0;0m[38;2;211;208;200mSystem[48;2;0;0;0m[38;2;211;208;200m.[48;2;0;0;0m[38;2;211;208;200mCollections[48;2;0;0;0m[38;2;211;208;200m.[48;2;0;0;0m[38;2;211;208;200mGeneric[48;2;0;0;0m[38;2;211;208;200m;[48;2;0;0;0m[38;2;211;208;200m
           3  [48;2;0;0;0m[38;2;204;153;204musing[48;2;0;0;0m[38;2;211;208;200m [48;2;0;0;0m[38;2;211;208;200mUnityEngine[48;2;0;0;0m[38;2;211;208;200m;[48;2;0;0;0m[38;2;211;208;200m
           4  [48;2;0;0;0m[38;2;211;208;200m
           5  [48;2;0;0;0m[38;2;204;153;204mnamespace[48;2;0;0;0m[38;2;211;208;200m [48;2;0;0;0m[38;2;211;208;200mAtomicWar[48;2;0;0;0m[38;2;211;208;200m.[48;2;0;0;0m[38;2;211;208;200m_Game[48;2;0;0;0m[38;2;211;208;200m.[48;2;0;0;0m[38;2;211;208;200mSurvivors[48;2;0;0;0m[38;2;211;208;200m
           6  [48;2;0;0;0m[38;2;211;208;200m{[48;2;0;0;0m[38;2;211;208;200m
              [hid 521 additional lines]

    Found 21 lines of similar code in 2 locations (mass = 77)

         485  [48;2;0;0;0m[38;2;242;240;236m        [48;2;0;0;0m[38;2;204;153;204mpublic[48;2;0;0;0m[38;2;242;240;236m [48;2;0;0;0m[38;2;204;153;204msealed[48;2;0;0;0m[38;2;242;240;236m [48;2;0;0;0m[38;2;204;153;204mclass[48;2;0;0;0m[38;2;242;240;236m [48;2;0;0;0m[38;2;255;204;102mCombatCounters[48;2;0;0;0m[38;2;242;240;236m
         486  [48;2;0;0;0m[38;2;242;240;236m        [48;2;0;0;0m[38;2;242;240;236m{[48;2;0;0;0m[38;2;242;240;236m
         487  [48;2;0;0;0m[38;2;242;240;236m            [48;2;0;0;0m[38;2;204;153;204mpublic[48;2;0;0;0m[38;2;242;240;236m [48;2;0;0;0m[38;2;204;153;204mint[48;2;0;0;0m[38;2;242;240;236m [48;2;0;0;0m[38;2;242;119;122mJamsSurvived[48;2;0;0;0m[38;2;242;240;236m;[48;2;0;0;0m[38;2;242;240;236m
         488  [48;2;0;0;0m[38;2;242;240;236m            [48;2;0;0;0m[38;2;204;153;204mpublic[48;2;0;0;0m[38;2;242;240;236m [48;2;0;0;0m[38;2;204;153;204mint[48;2;0;0;0m[38;2;242;240;236m [48;2;0;0;0m[38;2;242;119;122mStealthKills[48;2;0;0;0m[38;2;242;240;236m;[48;2;0;0;0m[38;2;242;240;236m
         489  [48;2;0;0;0m[38;2;242;240;236m            [48;2;0;0;0m[38;2;204;153;204mpublic[48;2;0;0;0m[38;2;242;240;236m [48;2;0;0;0m[38;2;204;153;204mint[48;2;0;0;0m[38;2;242;240;236m [48;2;0;0;0m[38;2;242;119;122mAmmoExpended[48;2;0;0;0m[38;2;242;240;236m;[48;2;0;0;0m[38;2;242;240;236m
         490  [48;2;0;0;0m[38;2;242;240;236m            [48;2;0;0;0m[38;2;204;153;204mpublic[48;2;0;0;0m[38;2;242;240;236m [48;2;0;0;0m[38;2;204;153;204mint[48;2;0;0;0m[38;2;242;240;236m [48;2;0;0;0m[38;2;242;119;122mConfinedEncountersSurvived[48;2;0;0;0m[38;2;242;240;236m;[48;2;0;0;0m[38;2;242;240;236m
              [hid 15 additional lines]
        also found at Assets/_Game/Survivors/ExpeditionPerkSystem.cs


Assets/_Game/Survivors/ExpeditionPerkSystem.cs
    Complex binary expression

         176  [48;2;0;0;0m[38;2;242;240;236m            [48;2;0;0;0m[38;2;204;153;204mreturn[48;2;0;0;0m[38;2;242;240;236m [48;2;0;0;0m[38;2;204;153;204mstring[48;2;0;0;0m[38;2;242;240;236m.[48;2;0;0;0m[38;2;102;153;204mEquals[48;2;0;0;0m[38;2;242;240;236m([48;2;0;0;0m[38;2;242;119;122mencounterId[48;2;0;0;0m[38;2;242;240;236m,[48;2;0;0;0m[38;2;242;240;236m [48;2;0;0;0m[38;2;242;119;122mEncFeralDogs[48;2;0;0;0m[38;2;242;240;236m,[48;2;0;0;0m[38;2;242;240;236m [48;2;0;0;0m[38;2;242;119;122mStringComparison[48;2;0;0;0m[38;2;242;240;236m.[48;2;0;0;0m[38;2;242;119;122mOrdinalIgnoreCase[48;2;0;0;0m[38;2;242;240;236m)[48;2;0;0;0m[38;2;242;240;236m
         177  [48;2;0;0;0m[38;2;242;240;236m                   [48;2;0;0;0m[38;2;211;208;200m||[48;2;0;0;0m[38;2;242;240;236m [48;2;0;0;0m[38;2;204;153;204mstring[48;2;0;0;0m[38;2;242;240;236m.[48;2;0;0;0m[38;2;102;153;204mEquals[48;2;0;0;0m[38;2;242;240;236m([48;2;0;0;0m[38;2;242;119;122mencounterId[48;2;0;0;0m[38;2;242;240;236m,[48;2;0;0;0m[38;2;242;240;236m [48;2;0;0;0m[38;2;242;119;122mEncFeralDogPack[48;2;0;0;0m[38;2;242;240;236m,[48;2;0;0;0m[38;2;242;240;236m [48;2;0;0;0m[38;2;242;119;122mStringComparison[48;2;0;0;0m[38;2;242;240;236m.[48;2;0;0;0m[38;2;242;119;122mOrdinalIgnoreCase[48;2;0;0;0m[38;2;242;240;236m)[48;2;0;0;0m[38;2;242;240;236m

    High total complexity (count = 52)

           1  [48;2;0;0;0m[38;2;204;153;204musing[48;2;0;0;0m[38;2;211;208;200m [48;2;0;0;0m[38;2;211;208;200mSystem[48;2;0;0;0m[38;2;211;208;200m;[48;2;0;0;0m[38;2;211;208;200m
           2  [48;2;0;0;0m[38;2;204;153;204musing[48;2;0;0;0m[38;2;211;208;200m [48;2;0;0;0m[38;2;211;208;200mSystem[48;2;0;0;0m[38;2;211;208;200m.[48;2;0;0;0m[38;2;211;208;200mCollections[48;2;0;0;0m[38;2;211;208;200m.[48;2;0;0;0m[38;2;211;208;200mGeneric[48;2;0;0;0m[38;2;211;208;200m;[48;2;0;0;0m[38;2;211;208;200m
           3  [48;2;0;0;0m[38;2;204;153;204musing[48;2;0;0;0m[38;2;211;208;200m [48;2;0;0;0m[38;2;211;208;200mUnityEngine[48;2;0;0;0m[38;2;211;208;200m;[48;2;0;0;0m[38;2;211;208;200m
           4  [48;2;0;0;0m[38;2;211;208;200m
           5  [48;2;0;0;0m[38;2;204;153;204mnamespace[48;2;0;0;0m[38;2;211;208;200m [48;2;0;0;0m[38;2;211;208;200mAtomicWar[48;2;0;0;0m[38;2;211;208;200m.[48;2;0;0;0m[38;2;211;208;200m_Game[48;2;0;0;0m[38;2;211;208;200m.[48;2;0;0;0m[38;2;211;208;200mSurvivors[48;2;0;0;0m[38;2;211;208;200m
           6  [48;2;0;0;0m[38;2;211;208;200m{[48;2;0;0;0m[38;2;211;208;200m
              [hid 419 additional lines]

    Found 21 lines of similar code in 2 locations (mass = 77)

         384  [48;2;0;0;0m[38;2;242;240;236m        [48;2;0;0;0m[38;2;204;153;204mpublic[48;2;0;0;0m[38;2;242;240;236m [48;2;0;0;0m[38;2;204;153;204msealed[48;2;0;0;0m[38;2;242;240;236m [48;2;0;0;0m[38;2;204;153;204mclass[48;2;0;0;0m[38;2;242;240;236m [48;2;0;0;0m[38;2;255;204;102mExpeditionCounters[48;2;0;0;0m[38;2;242;240;236m
         385  [48;2;0;0;0m[38;2;242;240;236m        [48;2;0;0;0m[38;2;242;240;236m{[48;2;0;0;0m[38;2;242;240;236m
         386  [48;2;0;0;0m[38;2;242;240;236m            [48;2;0;0;0m[38;2;204;153;204mpublic[48;2;0;0;0m[38;2;242;240;236m [48;2;0;0;0m[38;2;204;153;204mint[48;2;0;0;0m[38;2;242;240;236m [48;2;0;0;0m[38;2;242;119;122mMaxWeightReturns[48;2;0;0;0m[38;2;242;240;236m;[48;2;0;0;0m[38;2;242;240;236m
         387  [48;2;0;0;0m[38;2;242;240;236m            [48;2;0;0;0m[38;2;204;153;204mpublic[48;2;0;0;0m[38;2;242;240;236m [48;2;0;0;0m[38;2;204;153;204mint[48;2;0;0;0m[38;2;242;240;236m [48;2;0;0;0m[38;2;242;119;122mTrapsDisarmed[48;2;0;0;0m[38;2;242;240;236m;[48;2;0;0;0m[38;2;242;240;236m
         388  [48;2;0;0;0m[38;2;242;240;236m            [48;2;0;0;0m[38;2;204;153;204mpublic[48;2;0;0;0m[38;2;242;240;236m [48;2;0;0;0m[38;2;204;153;204mint[48;2;0;0;0m[38;2;242;240;236m [48;2;0;0;0m[38;2;242;119;122mSneaksPast[48;2;0;0;0m[38;2;242;240;236m;[48;2;0;0;0m[38;2;242;240;236m
         389  [48;2;0;0;0m[38;2;242;240;236m            [48;2;0;0;0m[38;2;204;153;204mpublic[48;2;0;0;0m[38;2;242;240;236m [48;2;0;0;0m[38;2;204;153;204mint[48;2;0;0;0m[38;2;242;240;236m [48;2;0;0;0m[38;2;242;119;122mTrapsOrSneaks[48;2;0;0;0m[38;2;242;240;236m;[48;2;0;0;0m[38;2;242;240;236m
              [hid 15 additional lines]
        also found at Assets/_Game/Survivors/CombatPerkSystem.cs

    Found 19 lines of similar code in 2 locations (mass = 84)

         343  [48;2;0;0;0m[38;2;242;240;236m        [48;2;0;0;0m[38;2;204;153;204mpublic[48;2;0;0;0m[38;2;242;240;236m [48;2;0;0;0m[38;2;242;240;236mExpeditionPerkSave[48;2;0;0;0m[38;2;242;240;236m [48;2;0;0;0m[38;2;102;153;204mCaptureState[48;2;0;0;0m[38;2;242;240;236m([48;2;0;0;0m[38;2;242;240;236m)[48;2;0;0;0m[38;2;242;240;236m
         344  [48;2;0;0;0m[38;2;242;240;236m        [48;2;0;0;0m[38;2;242;240;236m{[48;2;0;0;0m[38;2;242;240;236m
         345  [48;2;0;0;0m[38;2;242;240;236m            [48;2;0;0;0m[38;2;204;153;204mvar[48;2;0;0;0m[38;2;242;240;236m [48;2;0;0;0m[38;2;242;119;122msave[48;2;0;0;0m[38;2;242;240;236m [48;2;0;0;0m[38;2;211;208;200m=[48;2;0;0;0m[38;2;242;240;236m [48;2;0;0;0m[38;2;211;208;200mnew[48;2;0;0;0m[38;2;242;240;236m [48;2;0;0;0m[38;2;242;240;236mExpeditionPerkSave[48;2;0;0;0m[38;2;242;240;236m [48;2;0;0;0m[38;2;242;240;236m{[48;2;0;0;0m[38;2;242;240;236m [48;2;0;0;0m[38;2;242;119;122mEntries[48;2;0;0;0m[38;2;242;240;236m [48;2;0;0;0m[38;2;211;208;200m=[48;2;0;0;0m[38;2;242;240;236m [48;2;0;0;0m[38;2;211;208;200mnew[48;2;0;0;0m[38;2;242;240;236m [48;2;0;0;0m[38;2;242;240;236mList[48;2;0;0;0m[38;2;242;240;236m<[48;2;0;0;0m[38;2;242;240;236mExpeditionCounterSave[48;2;0;0;0m[38;2;242;240;236m>[48;2;0;0;0m[38;2;242;240;236m([48;2;0;0;0m[38;2;242;240;236m)[48;2;0;0;0m[38;2;242;240;236m [48;2;0;0;0m[38;2;242;240;236m}[48;2;0;0;0m[38;2;242;240;236m;[48;2;0;0;0m[38;2;242;240;236m
         346  [48;2;0;0;0m[38;2;242;240;236m            [48;2;0;0;0m[38;2;204;153;204mforeach[48;2;0;0;0m[38;2;242;240;236m [48;2;0;0;0m[38;2;242;240;236m([48;2;0;0;0m[38;2;204;153;204mvar[48;2;0;0;0m[38;2;242;240;236m [48;2;0;0;0m[38;2;242;119;122mkv[48;2;0;0;0m[38;2;242;240;236m [48;2;0;0;0m[38;2;204;153;204min[48;2;0;0;0m[38;2;242;240;236m [48;2;0;0;0m[38;2;242;119;122m_bySurvivor[48;2;0;0;0m[38;2;242;240;236m)[48;2;0;0;0m[38;2;242;240;236m
         347  [48;2;0;0;0m[38;2;242;240;236m            [48;2;0;0;0m[38;2;242;240;236m{[48;2;0;0;0m[38;2;242;240;236m
         348  [48;2;0;0;0m[38;2;242;240;236m                [48;2;0;0;0m[38;2;204;153;204mvar[48;2;0;0;0m[38;2;242;240;236m [48;2;0;0;0m[38;2;242;119;122mc[48;2;0;0;0m[38;2;242;240;236m [48;2;0;0;0m[38;2;211;208;200m=[48;2;0;0;0m[38;2;242;240;236m [48;2;0;0;0m[38;2;242;119;122mkv[48;2;0;0;0m[38;2;242;240;236m.[48;2;0;0;0m[38;2;242;119;122mValue[48;2;0;0;0m[38;2;242;240;236m;[48;2;0;0;0m[38;2;242;240;236m
              [hid 13 additional lines]
        also found at Assets/_Game/Survivors/SurvivalPerkSystem.cs


Assets/_Game/Survivors/GriefKeepsakeSystem.cs
    Function with high complexity (count = 19): OnSurvivorDied

          12  [48;2;0;0;0m[38;2;242;240;236m        [48;2;0;0;0m[38;2;204;153;204mpublic[48;2;0;0;0m[38;2;242;240;236m [48;2;0;0;0m[38;2;204;153;204mvoid[48;2;0;0;0m[38;2;242;240;236m [48;2;0;0;0m[38;2;102;153;204mOnSurvivorDied[48;2;0;0;0m[38;2;242;240;236m([48;2;0;0;0m[38;2;242;240;236m
          13  [48;2;0;0;0m[38;2;242;240;236m            [48;2;0;0;0m[38;2;242;240;236mSurvivor[48;2;0;0;0m[38;2;242;240;236m [48;2;0;0;0m[38;2;242;119;122mdeceased[48;2;0;0;0m[38;2;242;240;236m,[48;2;0;0;0m[38;2;242;240;236m
          14  [48;2;0;0;0m[38;2;242;240;236m            [48;2;0;0;0m[38;2;242;240;236mIReadOnlyList[48;2;0;0;0m[38;2;242;240;236m<[48;2;0;0;0m[38;2;242;240;236mSurvivor[48;2;0;0;0m[38;2;242;240;236m>[48;2;0;0;0m[38;2;242;240;236m [48;2;0;0;0m[38;2;242;119;122msurvivors[48;2;0;0;0m[38;2;242;240;236m,[48;2;0;0;0m[38;2;242;240;236m
          15  [48;2;0;0;0m[38;2;242;240;236m            [48;2;0;0;0m[38;2;242;240;236mInterpersonalAffinity[48;2;0;0;0m[38;2;242;240;236m [48;2;0;0;0m[38;2;242;119;122maffinityMatrix[48;2;0;0;0m[38;2;242;240;236m,[48;2;0;0;0m[38;2;242;240;236m
          16  [48;2;0;0;0m[38;2;242;240;236m            [48;2;0;0;0m[38;2;204;153;204mstring[48;2;0;0;0m[38;2;242;240;236m [48;2;0;0;0m[38;2;242;119;122mhighestValueItemId[48;2;0;0;0m[38;2;242;240;236m)[48;2;0;0;0m[38;2;242;240;236m
          17  [48;2;0;0;0m[38;2;242;240;236m        [48;2;0;0;0m[38;2;242;240;236m{[48;2;0;0;0m[38;2;242;240;236m
              [hid 41 additional lines]


Assets/_Game/Survivors/LightSystemHelper.cs
    Function with many parameters (count = 6): TickSurvivorLight

          26  [48;2;0;0;0m[38;2;242;240;236m        [48;2;0;0;0m[38;2;204;153;204mpublic[48;2;0;0;0m[38;2;242;240;236m [48;2;0;0;0m[38;2;204;153;204mstatic[48;2;0;0;0m[38;2;242;240;236m [48;2;0;0;0m[38;2;204;153;204mvoid[48;2;0;0;0m[38;2;242;240;236m [48;2;0;0;0m[38;2;102;153;204mTickSurvivorLight[48;2;0;0;0m[38;2;242;240;236m([48;2;0;0;0m[38;2;242;240;236m
          27  [48;2;0;0;0m[38;2;242;240;236m            [48;2;0;0;0m[38;2;242;240;236mSurvivor[48;2;0;0;0m[38;2;242;240;236m     [48;2;0;0;0m[38;2;242;119;122msv[48;2;0;0;0m[38;2;242;240;236m,[48;2;0;0;0m[38;2;242;240;236m
          28  [48;2;0;0;0m[38;2;242;240;236m            [48;2;0;0;0m[38;2;204;153;204mfloat[48;2;0;0;0m[38;2;242;240;236m        [48;2;0;0;0m[38;2;242;119;122mgameHours[48;2;0;0;0m[38;2;242;240;236m,[48;2;0;0;0m[38;2;242;240;236m
          29  [48;2;0;0;0m[38;2;242;240;236m            [48;2;0;0;0m[38;2;204;153;204mfloat[48;2;0;0;0m[38;2;242;240;236m        [48;2;0;0;0m[38;2;242;119;122meffectiveDaylightHours[48;2;0;0;0m[38;2;242;240;236m,[48;2;0;0;0m[38;2;242;240;236m
          30  [48;2;0;0;0m[38;2;242;240;236m            [48;2;0;0;0m[38;2;204;153;204mbool[48;2;0;0;0m[38;2;242;240;236m         [48;2;0;0;0m[38;2;242;119;122mgrowLightActive[48;2;0;0;0m[38;2;242;240;236m,[48;2;0;0;0m[38;2;242;240;236m
          31  [48;2;0;0;0m[38;2;242;240;236m            [48;2;0;0;0m[38;2;242;240;236mLightProfile[48;2;0;0;0m[38;2;242;240;236m [48;2;0;0;0m[38;2;242;119;122mlightProfile[48;2;0;0;0m[38;2;242;240;236m,[48;2;0;0;0m[38;2;242;240;236m
              [hid 1 additional lines]


Assets/_Game/Survivors/MedicalPerkSystem.cs
    High total complexity (count = 97)

           1  [48;2;0;0;0m[38;2;204;153;204musing[48;2;0;0;0m[38;2;211;208;200m [48;2;0;0;0m[38;2;211;208;200mSystem[48;2;0;0;0m[38;2;211;208;200m;[48;2;0;0;0m[38;2;211;208;200m
           2  [48;2;0;0;0m[38;2;204;153;204musing[48;2;0;0;0m[38;2;211;208;200m [48;2;0;0;0m[38;2;211;208;200mSystem[48;2;0;0;0m[38;2;211;208;200m.[48;2;0;0;0m[38;2;211;208;200mCollections[48;2;0;0;0m[38;2;211;208;200m.[48;2;0;0;0m[38;2;211;208;200mGeneric[48;2;0;0;0m[38;2;211;208;200m;[48;2;0;0;0m[38;2;211;208;200m
           3  [48;2;0;0;0m[38;2;204;153;204musing[48;2;0;0;0m[38;2;211;208;200m [48;2;0;0;0m[38;2;211;208;200mUnityEngine[48;2;0;0;0m[38;2;211;208;200m;[48;2;0;0;0m[38;2;211;208;200m
           4  [48;2;0;0;0m[38;2;211;208;200m
           5  [48;2;0;0;0m[38;2;204;153;204mnamespace[48;2;0;0;0m[38;2;211;208;200m [48;2;0;0;0m[38;2;211;208;200mAtomicWar[48;2;0;0;0m[38;2;211;208;200m.[48;2;0;0;0m[38;2;211;208;200m_Game[48;2;0;0;0m[38;2;211;208;200m.[48;2;0;0;0m[38;2;211;208;200mSurvivors[48;2;0;0;0m[38;2;211;208;200m
           6  [48;2;0;0;0m[38;2;211;208;200m{[48;2;0;0;0m[38;2;211;208;200m
              [hid 564 additional lines]

    Function with high complexity (count = 20): RestoreState

         496  [48;2;0;0;0m[38;2;242;240;236m        [48;2;0;0;0m[38;2;204;153;204mpublic[48;2;0;0;0m[38;2;242;240;236m [48;2;0;0;0m[38;2;204;153;204mvoid[48;2;0;0;0m[38;2;242;240;236m [48;2;0;0;0m[38;2;102;153;204mRestoreState[48;2;0;0;0m[38;2;242;240;236m([48;2;0;0;0m[38;2;242;240;236mMedicalPerkSave[48;2;0;0;0m[38;2;242;240;236m [48;2;0;0;0m[38;2;242;119;122msave[48;2;0;0;0m[38;2;242;240;236m)[48;2;0;0;0m[38;2;242;240;236m
         497  [48;2;0;0;0m[38;2;242;240;236m        [48;2;0;0;0m[38;2;242;240;236m{[48;2;0;0;0m[38;2;242;240;236m
         498  [48;2;0;0;0m[38;2;242;240;236m            [48;2;0;0;0m[38;2;242;119;122m_bySurvivor[48;2;0;0;0m[38;2;242;240;236m.[48;2;0;0;0m[38;2;102;153;204mClear[48;2;0;0;0m[38;2;242;240;236m([48;2;0;0;0m[38;2;242;240;236m)[48;2;0;0;0m[38;2;242;240;236m;[48;2;0;0;0m[38;2;242;240;236m
         499  [48;2;0;0;0m[38;2;242;240;236m            [48;2;0;0;0m[38;2;242;119;122m_cleanAmputees[48;2;0;0;0m[38;2;242;240;236m.[48;2;0;0;0m[38;2;102;153;204mClear[48;2;0;0;0m[38;2;242;240;236m([48;2;0;0;0m[38;2;242;240;236m)[48;2;0;0;0m[38;2;242;240;236m;[48;2;0;0;0m[38;2;242;240;236m
         500  [48;2;0;0;0m[38;2;242;240;236m            [48;2;0;0;0m[38;2;242;119;122m_deathsDoor[48;2;0;0;0m[38;2;242;240;236m.[48;2;0;0;0m[38;2;102;153;204mClear[48;2;0;0;0m[38;2;242;240;236m([48;2;0;0;0m[38;2;242;240;236m)[48;2;0;0;0m[38;2;242;240;236m;[48;2;0;0;0m[38;2;242;240;236m
         501  [48;2;0;0;0m[38;2;242;240;236m            [48;2;0;0;0m[38;2;242;119;122m_activeMedicalActors[48;2;0;0;0m[38;2;242;240;236m.[48;2;0;0;0m[38;2;102;153;204mClear[48;2;0;0;0m[38;2;242;240;236m([48;2;0;0;0m[38;2;242;240;236m)[48;2;0;0;0m[38;2;242;240;236m;[48;2;0;0;0m[38;2;242;240;236m
              [hid 34 additional lines]


Assets/_Game/Survivors/MentalBreakSystem.cs
    Function with many returns (count = 6): TryRollForBreak

         266  [48;2;0;0;0m[38;2;242;240;236m        [48;2;0;0;0m[38;2;204;153;204mpublic[48;2;0;0;0m[38;2;242;240;236m [48;2;0;0;0m[38;2;204;153;204mbool[48;2;0;0;0m[38;2;242;240;236m [48;2;0;0;0m[38;2;102;153;204mTryRollForBreak[48;2;0;0;0m[38;2;242;240;236m([48;2;0;0;0m[38;2;242;240;236mSurvivor[48;2;0;0;0m[38;2;242;240;236m [48;2;0;0;0m[38;2;242;119;122msv[48;2;0;0;0m[38;2;242;240;236m,[48;2;0;0;0m[38;2;242;240;236m [48;2;0;0;0m[38;2;242;240;236mSystem[48;2;0;0;0m[38;2;242;240;236m.[48;2;0;0;0m[38;2;242;240;236mRandom[48;2;0;0;0m[38;2;242;240;236m [48;2;0;0;0m[38;2;242;119;122mrng[48;2;0;0;0m[38;2;242;240;236m)[48;2;0;0;0m[38;2;242;240;236m
         267  [48;2;0;0;0m[38;2;242;240;236m        [48;2;0;0;0m[38;2;242;240;236m{[48;2;0;0;0m[38;2;242;240;236m
         268  [48;2;0;0;0m[38;2;242;240;236m            [48;2;0;0;0m[38;2;204;153;204mif[48;2;0;0;0m[38;2;242;240;236m [48;2;0;0;0m[38;2;242;240;236m([48;2;0;0;0m[38;2;242;119;122msv[48;2;0;0;0m[38;2;242;240;236m [48;2;0;0;0m[38;2;211;208;200m==[48;2;0;0;0m[38;2;242;240;236m [48;2;0;0;0m[38;2;249;145;87mnull[48;2;0;0;0m[38;2;242;240;236m [48;2;0;0;0m[38;2;211;208;200m||[48;2;0;0;0m[38;2;242;240;236m [48;2;0;0;0m[38;2;242;119;122m_breaksById[48;2;0;0;0m[38;2;242;240;236m.[48;2;0;0;0m[38;2;242;119;122mCount[48;2;0;0;0m[38;2;242;240;236m [48;2;0;0;0m[38;2;211;208;200m==[48;2;0;0;0m[38;2;242;240;236m [48;2;0;0;0m[38;2;249;145;87m0[48;2;0;0;0m[38;2;242;240;236m [48;2;0;0;0m[38;2;211;208;200m||[48;2;0;0;0m[38;2;242;240;236m [48;2;0;0;0m[38;2;242;119;122mrng[48;2;0;0;0m[38;2;242;240;236m [48;2;0;0;0m[38;2;211;208;200m==[48;2;0;0;0m[38;2;242;240;236m [48;2;0;0;0m[38;2;249;145;87mnull[48;2;0;0;0m[38;2;242;240;236m)[48;2;0;0;0m[38;2;242;240;236m [48;2;0;0;0m[38;2;204;153;204mreturn[48;2;0;0;0m[38;2;242;240;236m [48;2;0;0;0m[38;2;249;145;87mfalse[48;2;0;0;0m[38;2;242;240;236m;[48;2;0;0;0m[38;2;242;240;236m
         269  [48;2;0;0;0m[38;2;242;240;236m            [48;2;0;0;0m[38;2;116;115;105m//[48;2;0;0;0m[38;2;116;115;105m #309 Escapee Iron Will: immune to all mental breaks.
         270  [48;2;0;0;0m[38;2;242;240;236m            [48;2;0;0;0m[38;2;204;153;204mif[48;2;0;0;0m[38;2;242;240;236m [48;2;0;0;0m[38;2;242;240;236m([48;2;0;0;0m[38;2;242;119;122m_personalQuests[48;2;0;0;0m[38;2;242;240;236m [48;2;0;0;0m[38;2;211;208;200m!=[48;2;0;0;0m[38;2;242;240;236m [48;2;0;0;0m[38;2;249;145;87mnull[48;2;0;0;0m[38;2;242;240;236m [48;2;0;0;0m[38;2;211;208;200m&&[48;2;0;0;0m[38;2;242;240;236m [48;2;0;0;0m[38;2;242;119;122m_personalQuests[48;2;0;0;0m[38;2;242;240;236m.[48;2;0;0;0m[38;2;102;153;204mIsImmuneToAllMentalBreaks[48;2;0;0;0m[38;2;242;240;236m([48;2;0;0;0m[38;2;242;119;122msv[48;2;0;0;0m[38;2;242;240;236m)[48;2;0;0;0m[38;2;242;240;236m)[48;2;0;0;0m[38;2;242;240;236m
         271  [48;2;0;0;0m[38;2;242;240;236m                [48;2;0;0;0m[38;2;204;153;204mreturn[48;2;0;0;0m[38;2;242;240;236m [48;2;0;0;0m[38;2;249;145;87mfalse[48;2;0;0;0m[38;2;242;240;236m;[48;2;0;0;0m[38;2;242;240;236m
              [hid 39 additional lines]

    High total complexity (count = 109)

           1  [48;2;0;0;0m[38;2;204;153;204musing[48;2;0;0;0m[38;2;211;208;200m [48;2;0;0;0m[38;2;211;208;200mSystem[48;2;0;0;0m[38;2;211;208;200m;[48;2;0;0;0m[38;2;211;208;200m
           2  [48;2;0;0;0m[38;2;204;153;204musing[48;2;0;0;0m[38;2;211;208;200m [48;2;0;0;0m[38;2;211;208;200mSystem[48;2;0;0;0m[38;2;211;208;200m.[48;2;0;0;0m[38;2;211;208;200mCollections[48;2;0;0;0m[38;2;211;208;200m.[48;2;0;0;0m[38;2;211;208;200mGeneric[48;2;0;0;0m[38;2;211;208;200m;[48;2;0;0;0m[38;2;211;208;200m
           3  [48;2;0;0;0m[38;2;204;153;204musing[48;2;0;0;0m[38;2;211;208;200m [48;2;0;0;0m[38;2;211;208;200mUnityEngine[48;2;0;0;0m[38;2;211;208;200m;[48;2;0;0;0m[38;2;211;208;200m
           4  [48;2;0;0;0m[38;2;211;208;200m
           5  [48;2;0;0;0m[38;2;204;153;204mnamespace[48;2;0;0;0m[38;2;211;208;200m [48;2;0;0;0m[38;2;211;208;200mAtomicWar[48;2;0;0;0m[38;2;211;208;200m.[48;2;0;0;0m[38;2;211;208;200m_Game[48;2;0;0;0m[38;2;211;208;200m.[48;2;0;0;0m[38;2;211;208;200mSurvivors[48;2;0;0;0m[38;2;211;208;200m
           6  [48;2;0;0;0m[38;2;211;208;200m{[48;2;0;0;0m[38;2;211;208;200m
              [hid 409 additional lines]

    Function with high complexity (count = 31): Tick

         137  [48;2;0;0;0m[38;2;242;240;236m        [48;2;0;0;0m[38;2;204;153;204mpublic[48;2;0;0;0m[38;2;242;240;236m [48;2;0;0;0m[38;2;204;153;204mvoid[48;2;0;0;0m[38;2;242;240;236m [48;2;0;0;0m[38;2;102;153;204mTick[48;2;0;0;0m[38;2;242;240;236m([48;2;0;0;0m[38;2;242;240;236m
         138  [48;2;0;0;0m[38;2;242;240;236m            [48;2;0;0;0m[38;2;204;153;204mfloat[48;2;0;0;0m[38;2;242;240;236m [48;2;0;0;0m[38;2;242;119;122mgameHours[48;2;0;0;0m[38;2;242;240;236m,[48;2;0;0;0m[38;2;242;240;236m
         139  [48;2;0;0;0m[38;2;242;240;236m            [48;2;0;0;0m[38;2;242;240;236mIReadOnlyList[48;2;0;0;0m[38;2;242;240;236m<[48;2;0;0;0m[38;2;242;240;236mSurvivor[48;2;0;0;0m[38;2;242;240;236m>[48;2;0;0;0m[38;2;242;240;236m [48;2;0;0;0m[38;2;242;119;122msurvivors[48;2;0;0;0m[38;2;242;240;236m,[48;2;0;0;0m[38;2;242;240;236m
         140  [48;2;0;0;0m[38;2;242;240;236m            [48;2;0;0;0m[38;2;242;240;236mSystem[48;2;0;0;0m[38;2;242;240;236m.[48;2;0;0;0m[38;2;242;240;236mRandom[48;2;0;0;0m[38;2;242;240;236m [48;2;0;0;0m[38;2;242;119;122mrng[48;2;0;0;0m[38;2;242;240;236m)[48;2;0;0;0m[38;2;242;240;236m
         141  [48;2;0;0;0m[38;2;242;240;236m        [48;2;0;0;0m[38;2;242;240;236m{[48;2;0;0;0m[38;2;242;240;236m
         142  [48;2;0;0;0m[38;2;242;240;236m            [48;2;0;0;0m[38;2;204;153;204mif[48;2;0;0;0m[38;2;242;240;236m [48;2;0;0;0m[38;2;242;240;236m([48;2;0;0;0m[38;2;242;119;122mgameHours[48;2;0;0;0m[38;2;242;240;236m [48;2;0;0;0m[38;2;211;208;200m<=[48;2;0;0;0m[38;2;242;240;236m [48;2;0;0;0m[38;2;249;145;87m0[48;2;0;0;0m[38;2;204;153;204mf[48;2;0;0;0m[38;2;242;240;236m [48;2;0;0;0m[38;2;211;208;200m||[48;2;0;0;0m[38;2;242;240;236m [48;2;0;0;0m[38;2;242;119;122msurvivors[48;2;0;0;0m[38;2;242;240;236m [48;2;0;0;0m[38;2;211;208;200m==[48;2;0;0;0m[38;2;242;240;236m [48;2;0;0;0m[38;2;249;145;87mnull[48;2;0;0;0m[38;2;242;240;236m)[48;2;0;0;0m[38;2;242;240;236m [48;2;0;0;0m[38;2;204;153;204mreturn[48;2;0;0;0m[38;2;242;240;236m;[48;2;0;0;0m[38;2;242;240;236m
              [hid 56 additional lines]

    Function with high complexity (count = 22): TickBondBurdenQuirks

         203  [48;2;0;0;0m[38;2;242;240;236m        [48;2;0;0;0m[38;2;204;153;204mpublic[48;2;0;0;0m[38;2;242;240;236m [48;2;0;0;0m[38;2;204;153;204mvoid[48;2;0;0;0m[38;2;242;240;236m [48;2;0;0;0m[38;2;102;153;204mTickBondBurdenQuirks[48;2;0;0;0m[38;2;242;240;236m([48;2;0;0;0m[38;2;242;240;236m
         204  [48;2;0;0;0m[38;2;242;240;236m            [48;2;0;0;0m[38;2;204;153;204mfloat[48;2;0;0;0m[38;2;242;240;236m [48;2;0;0;0m[38;2;242;119;122mgameHours[48;2;0;0;0m[38;2;242;240;236m,[48;2;0;0;0m[38;2;242;240;236m
         205  [48;2;0;0;0m[38;2;242;240;236m            [48;2;0;0;0m[38;2;242;240;236mIReadOnlyList[48;2;0;0;0m[38;2;242;240;236m<[48;2;0;0;0m[38;2;242;240;236mSurvivor[48;2;0;0;0m[38;2;242;240;236m>[48;2;0;0;0m[38;2;242;240;236m [48;2;0;0;0m[38;2;242;119;122msurvivors[48;2;0;0;0m[38;2;242;240;236m,[48;2;0;0;0m[38;2;242;240;236m
         206  [48;2;0;0;0m[38;2;242;240;236m            [48;2;0;0;0m[38;2;242;240;236mSystem[48;2;0;0;0m[38;2;242;240;236m.[48;2;0;0;0m[38;2;242;240;236mRandom[48;2;0;0;0m[38;2;242;240;236m [48;2;0;0;0m[38;2;242;119;122mrng[48;2;0;0;0m[38;2;242;240;236m)[48;2;0;0;0m[38;2;242;240;236m
         207  [48;2;0;0;0m[38;2;242;240;236m        [48;2;0;0;0m[38;2;242;240;236m{[48;2;0;0;0m[38;2;242;240;236m
         208  [48;2;0;0;0m[38;2;242;240;236m            [48;2;0;0;0m[38;2;204;153;204mif[48;2;0;0;0m[38;2;242;240;236m [48;2;0;0;0m[38;2;242;240;236m([48;2;0;0;0m[38;2;242;119;122mgameHours[48;2;0;0;0m[38;2;242;240;236m [48;2;0;0;0m[38;2;211;208;200m<=[48;2;0;0;0m[38;2;242;240;236m [48;2;0;0;0m[38;2;249;145;87m0[48;2;0;0;0m[38;2;204;153;204mf[48;2;0;0;0m[38;2;242;240;236m [48;2;0;0;0m[38;2;211;208;200m||[48;2;0;0;0m[38;2;242;240;236m [48;2;0;0;0m[38;2;242;119;122msurvivors[48;2;0;0;0m[38;2;242;240;236m [48;2;0;0;0m[38;2;211;208;200m==[48;2;0;0;0m[38;2;242;240;236m [48;2;0;0;0m[38;2;249;145;87mnull[48;2;0;0;0m[38;2;242;240;236m [48;2;0;0;0m[38;2;211;208;200m||[48;2;0;0;0m[38;2;242;240;236m [48;2;0;0;0m[38;2;242;119;122m_personalQuests[48;2;0;0;0m[38;2;242;240;236m [48;2;0;0;0m[38;2;211;208;200m==[48;2;0;0;0m[38;2;242;240;236m [48;2;0;0;0m[38;2;249;145;87mnull[48;2;0;0;0m[38;2;242;240;236m)[48;2;0;0;0m[38;2;242;240;236m [48;2;0;0;0m[38;2;204;153;204mreturn[48;2;0;0;0m[38;2;242;240;236m;[48;2;0;0;0m[38;2;242;240;236m
              [hid 35 additional lines]

    Function with high complexity (count = 20): TryRollForBreak

         266  [48;2;0;0;0m[38;2;242;240;236m        [48;2;0;0;0m[38;2;204;153;204mpublic[48;2;0;0;0m[38;2;242;240;236m [48;2;0;0;0m[38;2;204;153;204mbool[48;2;0;0;0m[38;2;242;240;236m [48;2;0;0;0m[38;2;102;153;204mTryRollForBreak[48;2;0;0;0m[38;2;242;240;236m([48;2;0;0;0m[38;2;242;240;236mSurvivor[48;2;0;0;0m[38;2;242;240;236m [48;2;0;0;0m[38;2;242;119;122msv[48;2;0;0;0m[38;2;242;240;236m,[48;2;0;0;0m[38;2;242;240;236m [48;2;0;0;0m[38;2;242;240;236mSystem[48;2;0;0;0m[38;2;242;240;236m.[48;2;0;0;0m[38;2;242;240;236mRandom[48;2;0;0;0m[38;2;242;240;236m [48;2;0;0;0m[38;2;242;119;122mrng[48;2;0;0;0m[38;2;242;240;236m)[48;2;0;0;0m[38;2;242;240;236m
         267  [48;2;0;0;0m[38;2;242;240;236m        [48;2;0;0;0m[38;2;242;240;236m{[48;2;0;0;0m[38;2;242;240;236m
         268  [48;2;0;0;0m[38;2;242;240;236m            [48;2;0;0;0m[38;2;204;153;204mif[48;2;0;0;0m[38;2;242;240;236m [48;2;0;0;0m[38;2;242;240;236m([48;2;0;0;0m[38;2;242;119;122msv[48;2;0;0;0m[38;2;242;240;236m [48;2;0;0;0m[38;2;211;208;200m==[48;2;0;0;0m[38;2;242;240;236m [48;2;0;0;0m[38;2;249;145;87mnull[48;2;0;0;0m[38;2;242;240;236m [48;2;0;0;0m[38;2;211;208;200m||[48;2;0;0;0m[38;2;242;240;236m [48;2;0;0;0m[38;2;242;119;122m_breaksById[48;2;0;0;0m[38;2;242;240;236m.[48;2;0;0;0m[38;2;242;119;122mCount[48;2;0;0;0m[38;2;242;240;236m [48;2;0;0;0m[38;2;211;208;200m==[48;2;0;0;0m[38;2;242;240;236m [48;2;0;0;0m[38;2;249;145;87m0[48;2;0;0;0m[38;2;242;240;236m [48;2;0;0;0m[38;2;211;208;200m||[48;2;0;0;0m[38;2;242;240;236m [48;2;0;0;0m[38;2;242;119;122mrng[48;2;0;0;0m[38;2;242;240;236m [48;2;0;0;0m[38;2;211;208;200m==[48;2;0;0;0m[38;2;242;240;236m [48;2;0;0;0m[38;2;249;145;87mnull[48;2;0;0;0m[38;2;242;240;236m)[48;2;0;0;0m[38;2;242;240;236m [48;2;0;0;0m[38;2;204;153;204mreturn[48;2;0;0;0m[38;2;242;240;236m [48;2;0;0;0m[38;2;249;145;87mfalse[48;2;0;0;0m[38;2;242;240;236m;[48;2;0;0;0m[38;2;242;240;236m
         269  [48;2;0;0;0m[38;2;242;240;236m            [48;2;0;0;0m[38;2;116;115;105m//[48;2;0;0;0m[38;2;116;115;105m #309 Escapee Iron Will: immune to all mental breaks.
         270  [48;2;0;0;0m[38;2;242;240;236m            [48;2;0;0;0m[38;2;204;153;204mif[48;2;0;0;0m[38;2;242;240;236m [48;2;0;0;0m[38;2;242;240;236m([48;2;0;0;0m[38;2;242;119;122m_personalQuests[48;2;0;0;0m[38;2;242;240;236m [48;2;0;0;0m[38;2;211;208;200m!=[48;2;0;0;0m[38;2;242;240;236m [48;2;0;0;0m[38;2;249;145;87mnull[48;2;0;0;0m[38;2;242;240;236m [48;2;0;0;0m[38;2;211;208;200m&&[48;2;0;0;0m[38;2;242;240;236m [48;2;0;0;0m[38;2;242;119;122m_personalQuests[48;2;0;0;0m[38;2;242;240;236m.[48;2;0;0;0m[38;2;102;153;204mIsImmuneToAllMentalBreaks[48;2;0;0;0m[38;2;242;240;236m([48;2;0;0;0m[38;2;242;119;122msv[48;2;0;0;0m[38;2;242;240;236m)[48;2;0;0;0m[38;2;242;240;236m)[48;2;0;0;0m[38;2;242;240;236m
         271  [48;2;0;0;0m[38;2;242;240;236m                [48;2;0;0;0m[38;2;204;153;204mreturn[48;2;0;0;0m[38;2;242;240;236m [48;2;0;0;0m[38;2;249;145;87mfalse[48;2;0;0;0m[38;2;242;240;236m;[48;2;0;0;0m[38;2;242;240;236m
              [hid 39 additional lines]


Assets/_Game/Survivors/MentorshipSystem.cs
    Function with many returns (count = 7): CanMentor

          23  [48;2;0;0;0m[38;2;242;240;236m        [48;2;0;0;0m[38;2;204;153;204mpublic[48;2;0;0;0m[38;2;242;240;236m [48;2;0;0;0m[38;2;204;153;204mbool[48;2;0;0;0m[38;2;242;240;236m [48;2;0;0;0m[38;2;102;153;204mCanMentor[48;2;0;0;0m[38;2;242;240;236m([48;2;0;0;0m[38;2;242;240;236mSurvivor[48;2;0;0;0m[38;2;242;240;236m [48;2;0;0;0m[38;2;242;119;122mmentor[48;2;0;0;0m[38;2;242;240;236m,[48;2;0;0;0m[38;2;242;240;236m [48;2;0;0;0m[38;2;242;240;236mSurvivor[48;2;0;0;0m[38;2;242;240;236m [48;2;0;0;0m[38;2;242;119;122mstudent[48;2;0;0;0m[38;2;242;240;236m,[48;2;0;0;0m[38;2;242;240;236m [48;2;0;0;0m[38;2;204;153;204mstring[48;2;0;0;0m[38;2;242;240;236m [48;2;0;0;0m[38;2;242;119;122mskillName[48;2;0;0;0m[38;2;242;240;236m,[48;2;0;0;0m[38;2;242;240;236m [48;2;0;0;0m[38;2;242;240;236mInterpersonalAffinity[48;2;0;0;0m[38;2;242;240;236m [48;2;0;0;0m[38;2;242;119;122maffinityMatrix[48;2;0;0;0m[38;2;242;240;236m)[48;2;0;0;0m[38;2;242;240;236m
          24  [48;2;0;0;0m[38;2;242;240;236m        [48;2;0;0;0m[38;2;242;240;236m{[48;2;0;0;0m[38;2;242;240;236m
          25  [48;2;0;0;0m[38;2;242;240;236m            [48;2;0;0;0m[38;2;204;153;204mif[48;2;0;0;0m[38;2;242;240;236m [48;2;0;0;0m[38;2;242;240;236m([48;2;0;0;0m[38;2;242;119;122mmentor[48;2;0;0;0m[38;2;242;240;236m [48;2;0;0;0m[38;2;211;208;200m==[48;2;0;0;0m[38;2;242;240;236m [48;2;0;0;0m[38;2;249;145;87mnull[48;2;0;0;0m[38;2;242;240;236m [48;2;0;0;0m[38;2;211;208;200m||[48;2;0;0;0m[38;2;242;240;236m [48;2;0;0;0m[38;2;211;208;200m![48;2;0;0;0m[38;2;242;119;122mmentor[48;2;0;0;0m[38;2;242;240;236m.[48;2;0;0;0m[38;2;242;119;122mIsAlive[48;2;0;0;0m[38;2;242;240;236m [48;2;0;0;0m[38;2;211;208;200m||[48;2;0;0;0m[38;2;242;240;236m [48;2;0;0;0m[38;2;242;119;122mstudent[48;2;0;0;0m[38;2;242;240;236m [48;2;0;0;0m[38;2;211;208;200m==[48;2;0;0;0m[38;2;242;240;236m [48;2;0;0;0m[38;2;249;145;87mnull[48;2;0;0;0m[38;2;242;240;236m [48;2;0;0;0m[38;2;211;208;200m||[48;2;0;0;0m[38;2;242;240;236m [48;2;0;0;0m[38;2;211;208;200m![48;2;0;0;0m[38;2;242;119;122mstudent[48;2;0;0;0m[38;2;242;240;236m.[48;2;0;0;0m[38;2;242;119;122mIsAlive[48;2;0;0;0m[38;2;242;240;236m)[48;2;0;0;0m[38;2;242;240;236m [48;2;0;0;0m[38;2;204;153;204mreturn[48;2;0;0;0m[38;2;242;240;236m [48;2;0;0;0m[38;2;249;145;87mfalse[48;2;0;0;0m[38;2;242;240;236m;[48;2;0;0;0m[38;2;242;240;236m
          26  [48;2;0;0;0m[38;2;242;240;236m            [48;2;0;0;0m[38;2;204;153;204mif[48;2;0;0;0m[38;2;242;240;236m [48;2;0;0;0m[38;2;242;240;236m([48;2;0;0;0m[38;2;242;119;122mmentor[48;2;0;0;0m[38;2;242;240;236m.[48;2;0;0;0m[38;2;242;119;122mId[48;2;0;0;0m[38;2;242;240;236m [48;2;0;0;0m[38;2;211;208;200m==[48;2;0;0;0m[38;2;242;240;236m [48;2;0;0;0m[38;2;242;119;122mstudent[48;2;0;0;0m[38;2;242;240;236m.[48;2;0;0;0m[38;2;242;119;122mId[48;2;0;0;0m[38;2;242;240;236m)[48;2;0;0;0m[38;2;242;240;236m [48;2;0;0;0m[38;2;204;153;204mreturn[48;2;0;0;0m[38;2;242;240;236m [48;2;0;0;0m[38;2;249;145;87mfalse[48;2;0;0;0m[38;2;242;240;236m;[48;2;0;0;0m[38;2;242;240;236m
          27  [48;2;0;0;0m[38;2;242;240;236m
          28  [48;2;0;0;0m[38;2;242;240;236m            [48;2;0;0;0m[38;2;116;115;105m//[48;2;0;0;0m[38;2;116;115;105m Must be in Latent or Manifest prognosis stage
              [hid 26 additional lines]


Assets/_Game/Survivors/NeedsSystem.cs
    Function with many returns (count = 7): GetValue

         429  [48;2;0;0;0m[38;2;242;240;236m        [48;2;0;0;0m[38;2;204;153;204mprivate[48;2;0;0;0m[38;2;242;240;236m [48;2;0;0;0m[38;2;204;153;204mstatic[48;2;0;0;0m[38;2;242;240;236m [48;2;0;0;0m[38;2;204;153;204mfloat[48;2;0;0;0m[38;2;242;240;236m [48;2;0;0;0m[38;2;102;153;204mGetValue[48;2;0;0;0m[38;2;242;240;236m([48;2;0;0;0m[38;2;242;240;236mNeeds[48;2;0;0;0m[38;2;242;240;236m [48;2;0;0;0m[38;2;242;119;122mneeds[48;2;0;0;0m[38;2;242;240;236m,[48;2;0;0;0m[38;2;242;240;236m [48;2;0;0;0m[38;2;242;240;236mNeedKind[48;2;0;0;0m[38;2;242;240;236m [48;2;0;0;0m[38;2;242;119;122mkind[48;2;0;0;0m[38;2;242;240;236m)[48;2;0;0;0m[38;2;242;240;236m
         430  [48;2;0;0;0m[38;2;242;240;236m        [48;2;0;0;0m[38;2;242;240;236m{[48;2;0;0;0m[38;2;242;240;236m
         431  [48;2;0;0;0m[38;2;242;240;236m            [48;2;0;0;0m[38;2;204;153;204mswitch[48;2;0;0;0m[38;2;242;240;236m [48;2;0;0;0m[38;2;242;240;236m([48;2;0;0;0m[38;2;242;119;122mkind[48;2;0;0;0m[38;2;242;240;236m)[48;2;0;0;0m[38;2;242;240;236m
         432  [48;2;0;0;0m[38;2;242;240;236m            [48;2;0;0;0m[38;2;242;240;236m{[48;2;0;0;0m[38;2;242;240;236m
         433  [48;2;0;0;0m[38;2;242;240;236m                [48;2;0;0;0m[38;2;204;153;204mcase[48;2;0;0;0m[38;2;242;240;236m [48;2;0;0;0m[38;2;242;119;122mNeedKind[48;2;0;0;0m[38;2;242;240;236m.[48;2;0;0;0m[38;2;249;145;87mHunger[48;2;0;0;0m[38;2;242;240;236m:[48;2;0;0;0m[38;2;242;240;236m [48;2;0;0;0m[38;2;204;153;204mreturn[48;2;0;0;0m[38;2;242;240;236m [48;2;0;0;0m[38;2;242;119;122mneeds[48;2;0;0;0m[38;2;242;240;236m.[48;2;0;0;0m[38;2;242;119;122mHunger[48;2;0;0;0m[38;2;242;240;236m;[48;2;0;0;0m[38;2;242;240;236m
         434  [48;2;0;0;0m[38;2;242;240;236m                [48;2;0;0;0m[38;2;204;153;204mcase[48;2;0;0;0m[38;2;242;240;236m [48;2;0;0;0m[38;2;242;119;122mNeedKind[48;2;0;0;0m[38;2;242;240;236m.[48;2;0;0;0m[38;2;249;145;87mThirst[48;2;0;0;0m[38;2;242;240;236m:[48;2;0;0;0m[38;2;242;240;236m [48;2;0;0;0m[38;2;204;153;204mreturn[48;2;0;0;0m[38;2;242;240;236m [48;2;0;0;0m[38;2;242;119;122mneeds[48;2;0;0;0m[38;2;242;240;236m.[48;2;0;0;0m[38;2;242;119;122mThirst[48;2;0;0;0m[38;2;242;240;236m;[48;2;0;0;0m[38;2;242;240;236m
              [hid 8 additional lines]

    Complex binary expression

         291  [48;2;0;0;0m[38;2;242;240;236m            [48;2;0;0;0m[38;2;204;153;204mreturn[48;2;0;0;0m[38;2;242;240;236m [48;2;0;0;0m[38;2;242;119;122mroomId[48;2;0;0;0m[38;2;242;240;236m.[48;2;0;0;0m[38;2;102;153;204mIndexOf[48;2;0;0;0m[38;2;242;240;236m([48;2;0;0;0m[38;2;211;208;200m"[48;2;0;0;0m[38;2;153;204;153mbunker[48;2;0;0;0m[38;2;211;208;200m"[48;2;0;0;0m[38;2;242;240;236m,[48;2;0;0;0m[38;2;242;240;236m [48;2;0;0;0m[38;2;242;119;122mSystem[48;2;0;0;0m[38;2;242;240;236m.[48;2;0;0;0m[38;2;242;119;122mStringComparison[48;2;0;0;0m[38;2;242;240;236m.[48;2;0;0;0m[38;2;242;119;122mOrdinalIgnoreCase[48;2;0;0;0m[38;2;242;240;236m)[48;2;0;0;0m[38;2;242;240;236m [48;2;0;0;0m[38;2;211;208;200m>=[48;2;0;0;0m[38;2;242;240;236m [48;2;0;0;0m[38;2;249;145;87m0[48;2;0;0;0m[38;2;242;240;236m
         292  [48;2;0;0;0m[38;2;242;240;236m                   [48;2;0;0;0m[38;2;211;208;200m||[48;2;0;0;0m[38;2;242;240;236m [48;2;0;0;0m[38;2;242;119;122mroomId[48;2;0;0;0m[38;2;242;240;236m.[48;2;0;0;0m[38;2;102;153;204mIndexOf[48;2;0;0;0m[38;2;242;240;236m([48;2;0;0;0m[38;2;211;208;200m"[48;2;0;0;0m[38;2;153;204;153mcellar[48;2;0;0;0m[38;2;211;208;200m"[48;2;0;0;0m[38;2;242;240;236m,[48;2;0;0;0m[38;2;242;240;236m [48;2;0;0;0m[38;2;242;119;122mSystem[48;2;0;0;0m[38;2;242;240;236m.[48;2;0;0;0m[38;2;242;119;122mStringComparison[48;2;0;0;0m[38;2;242;240;236m.[48;2;0;0;0m[38;2;242;119;122mOrdinalIgnoreCase[48;2;0;0;0m[38;2;242;240;236m)[48;2;0;0;0m[38;2;242;240;236m [48;2;0;0;0m[38;2;211;208;200m>=[48;2;0;0;0m[38;2;242;240;236m [48;2;0;0;0m[38;2;249;145;87m0[48;2;0;0;0m[38;2;242;240;236m
         293  [48;2;0;0;0m[38;2;242;240;236m                   [48;2;0;0;0m[38;2;211;208;200m||[48;2;0;0;0m[38;2;242;240;236m [48;2;0;0;0m[38;2;242;119;122mroomId[48;2;0;0;0m[38;2;242;240;236m.[48;2;0;0;0m[38;2;102;153;204mIndexOf[48;2;0;0;0m[38;2;242;240;236m([48;2;0;0;0m[38;2;211;208;200m"[48;2;0;0;0m[38;2;153;204;153mtunnel[48;2;0;0;0m[38;2;211;208;200m"[48;2;0;0;0m[38;2;242;240;236m,[48;2;0;0;0m[38;2;242;240;236m [48;2;0;0;0m[38;2;242;119;122mSystem[48;2;0;0;0m[38;2;242;240;236m.[48;2;0;0;0m[38;2;242;119;122mStringComparison[48;2;0;0;0m[38;2;242;240;236m.[48;2;0;0;0m[38;2;242;119;122mOrdinalIgnoreCase[48;2;0;0;0m[38;2;242;240;236m)[48;2;0;0;0m[38;2;242;240;236m [48;2;0;0;0m[38;2;211;208;200m>=[48;2;0;0;0m[38;2;242;240;236m [48;2;0;0;0m[38;2;249;145;87m0[48;2;0;0;0m[38;2;242;240;236m
         294  [48;2;0;0;0m[38;2;242;240;236m                   [48;2;0;0;0m[38;2;211;208;200m||[48;2;0;0;0m[38;2;242;240;236m [48;2;0;0;0m[38;2;242;119;122mroomId[48;2;0;0;0m[38;2;242;240;236m.[48;2;0;0;0m[38;2;102;153;204mIndexOf[48;2;0;0;0m[38;2;242;240;236m([48;2;0;0;0m[38;2;211;208;200m"[48;2;0;0;0m[38;2;153;204;153mshaft[48;2;0;0;0m[38;2;211;208;200m"[48;2;0;0;0m[38;2;242;240;236m,[48;2;0;0;0m[38;2;242;240;236m [48;2;0;0;0m[38;2;242;119;122mSystem[48;2;0;0;0m[38;2;242;240;236m.[48;2;0;0;0m[38;2;242;119;122mStringComparison[48;2;0;0;0m[38;2;242;240;236m.[48;2;0;0;0m[38;2;242;119;122mOrdinalIgnoreCase[48;2;0;0;0m[38;2;242;240;236m)[48;2;0;0;0m[38;2;242;240;236m [48;2;0;0;0m[38;2;211;208;200m>=[48;2;0;0;0m[38;2;242;240;236m [48;2;0;0;0m[38;2;249;145;87m0[48;2;0;0;0m[38;2;242;240;236m
         295  [48;2;0;0;0m[38;2;242;240;236m                   [48;2;0;0;0m[38;2;211;208;200m||[48;2;0;0;0m[38;2;242;240;236m [48;2;0;0;0m[38;2;242;119;122mroomId[48;2;0;0;0m[38;2;242;240;236m.[48;2;0;0;0m[38;2;102;153;204mIndexOf[48;2;0;0;0m[38;2;242;240;236m([48;2;0;0;0m[38;2;211;208;200m"[48;2;0;0;0m[38;2;153;204;153mdeep[48;2;0;0;0m[38;2;211;208;200m"[48;2;0;0;0m[38;2;242;240;236m,[48;2;0;0;0m[38;2;242;240;236m [48;2;0;0;0m[38;2;242;119;122mSystem[48;2;0;0;0m[38;2;242;240;236m.[48;2;0;0;0m[38;2;242;119;122mStringComparison[48;2;0;0;0m[38;2;242;240;236m.[48;2;0;0;0m[38;2;242;119;122mOrdinalIgnoreCase[48;2;0;0;0m[38;2;242;240;236m)[48;2;0;0;0m[38;2;242;240;236m [48;2;0;0;0m[38;2;211;208;200m>=[48;2;0;0;0m[38;2;242;240;236m [48;2;0;0;0m[38;2;249;145;87m0[48;2;0;0;0m[38;2;242;240;236m

    High total complexity (count = 81)

           1  [48;2;0;0;0m[38;2;204;153;204musing[48;2;0;0;0m[38;2;211;208;200m [48;2;0;0;0m[38;2;211;208;200mSystem[48;2;0;0;0m[38;2;211;208;200m;[48;2;0;0;0m[38;2;211;208;200m
           2  [48;2;0;0;0m[38;2;204;153;204musing[48;2;0;0;0m[38;2;211;208;200m [48;2;0;0;0m[38;2;211;208;200mSystem[48;2;0;0;0m[38;2;211;208;200m.[48;2;0;0;0m[38;2;211;208;200mCollections[48;2;0;0;0m[38;2;211;208;200m.[48;2;0;0;0m[38;2;211;208;200mGeneric[48;2;0;0;0m[38;2;211;208;200m;[48;2;0;0;0m[38;2;211;208;200m
           3  [48;2;0;0;0m[38;2;204;153;204musing[48;2;0;0;0m[38;2;211;208;200m [48;2;0;0;0m[38;2;211;208;200mUnityEngine[48;2;0;0;0m[38;2;211;208;200m;[48;2;0;0;0m[38;2;211;208;200m
           4  [48;2;0;0;0m[38;2;211;208;200m
           5  [48;2;0;0;0m[38;2;204;153;204mnamespace[48;2;0;0;0m[38;2;211;208;200m [48;2;0;0;0m[38;2;211;208;200mAtomicWar[48;2;0;0;0m[38;2;211;208;200m.[48;2;0;0;0m[38;2;211;208;200m_Game[48;2;0;0;0m[38;2;211;208;200m.[48;2;0;0;0m[38;2;211;208;200mSurvivors[48;2;0;0;0m[38;2;211;208;200m
           6  [48;2;0;0;0m[38;2;211;208;200m{[48;2;0;0;0m[38;2;211;208;200m
              [hid 477 additional lines]

    Function with high complexity (count = 42): Tick

         122  [48;2;0;0;0m[38;2;242;240;236m        [48;2;0;0;0m[38;2;204;153;204mpublic[48;2;0;0;0m[38;2;242;240;236m [48;2;0;0;0m[38;2;204;153;204mvoid[48;2;0;0;0m[38;2;242;240;236m [48;2;0;0;0m[38;2;102;153;204mTick[48;2;0;0;0m[38;2;242;240;236m([48;2;0;0;0m[38;2;242;240;236mSurvivor[48;2;0;0;0m[38;2;242;240;236m [48;2;0;0;0m[38;2;242;119;122msurvivor[48;2;0;0;0m[38;2;242;240;236m,[48;2;0;0;0m[38;2;242;240;236m [48;2;0;0;0m[38;2;204;153;204mfloat[48;2;0;0;0m[38;2;242;240;236m [48;2;0;0;0m[38;2;242;119;122mgameHours[48;2;0;0;0m[38;2;242;240;236m)[48;2;0;0;0m[38;2;242;240;236m
         123  [48;2;0;0;0m[38;2;242;240;236m        [48;2;0;0;0m[38;2;242;240;236m{[48;2;0;0;0m[38;2;242;240;236m
         124  [48;2;0;0;0m[38;2;242;240;236m            [48;2;0;0;0m[38;2;204;153;204mif[48;2;0;0;0m[38;2;242;240;236m [48;2;0;0;0m[38;2;242;240;236m([48;2;0;0;0m[38;2;242;119;122msurvivor[48;2;0;0;0m[38;2;242;240;236m [48;2;0;0;0m[38;2;211;208;200m==[48;2;0;0;0m[38;2;242;240;236m [48;2;0;0;0m[38;2;249;145;87mnull[48;2;0;0;0m[38;2;242;240;236m [48;2;0;0;0m[38;2;211;208;200m||[48;2;0;0;0m[38;2;242;240;236m [48;2;0;0;0m[38;2;211;208;200m![48;2;0;0;0m[38;2;242;119;122msurvivor[48;2;0;0;0m[38;2;242;240;236m.[48;2;0;0;0m[38;2;242;119;122mIsAlive[48;2;0;0;0m[38;2;242;240;236m [48;2;0;0;0m[38;2;211;208;200m||[48;2;0;0;0m[38;2;242;240;236m [48;2;0;0;0m[38;2;242;119;122mgameHours[48;2;0;0;0m[38;2;242;240;236m [48;2;0;0;0m[38;2;211;208;200m<=[48;2;0;0;0m[38;2;242;240;236m [48;2;0;0;0m[38;2;249;145;87m0[48;2;0;0;0m[38;2;204;153;204mf[48;2;0;0;0m[38;2;242;240;236m)[48;2;0;0;0m[38;2;242;240;236m
         125  [48;2;0;0;0m[38;2;242;240;236m            [48;2;0;0;0m[38;2;242;240;236m{[48;2;0;0;0m[38;2;242;240;236m
         126  [48;2;0;0;0m[38;2;242;240;236m                [48;2;0;0;0m[38;2;204;153;204mreturn[48;2;0;0;0m[38;2;242;240;236m;[48;2;0;0;0m[38;2;242;240;236m
         127  [48;2;0;0;0m[38;2;242;240;236m            [48;2;0;0;0m[38;2;242;240;236m}[48;2;0;0;0m[38;2;242;240;236m
              [hid 159 additional lines]


Assets/_Game/Survivors/PersonalQuestSystem.Ashes.cs
    Complex binary expression

         143  [48;2;0;0;0m[38;2;242;240;236m            [48;2;0;0;0m[38;2;204;153;204mreturn[48;2;0;0;0m[38;2;242;240;236m [48;2;0;0;0m[38;2;242;119;122mafflictionId[48;2;0;0;0m[38;2;242;240;236m.[48;2;0;0;0m[38;2;102;153;204mIndexOf[48;2;0;0;0m[38;2;242;240;236m([48;2;0;0;0m[38;2;211;208;200m"[48;2;0;0;0m[38;2;153;204;153mgunshot[48;2;0;0;0m[38;2;211;208;200m"[48;2;0;0;0m[38;2;242;240;236m,[48;2;0;0;0m[38;2;242;240;236m [48;2;0;0;0m[38;2;242;119;122mStringComparison[48;2;0;0;0m[38;2;242;240;236m.[48;2;0;0;0m[38;2;242;119;122mOrdinalIgnoreCase[48;2;0;0;0m[38;2;242;240;236m)[48;2;0;0;0m[38;2;242;240;236m [48;2;0;0;0m[38;2;211;208;200m>=[48;2;0;0;0m[38;2;242;240;236m [48;2;0;0;0m[38;2;249;145;87m0[48;2;0;0;0m[38;2;242;240;236m
         144  [48;2;0;0;0m[38;2;242;240;236m                   [48;2;0;0;0m[38;2;211;208;200m||[48;2;0;0;0m[38;2;242;240;236m [48;2;0;0;0m[38;2;242;119;122mafflictionId[48;2;0;0;0m[38;2;242;240;236m.[48;2;0;0;0m[38;2;102;153;204mIndexOf[48;2;0;0;0m[38;2;242;240;236m([48;2;0;0;0m[38;2;211;208;200m"[48;2;0;0;0m[38;2;153;204;153mamputat[48;2;0;0;0m[38;2;211;208;200m"[48;2;0;0;0m[38;2;242;240;236m,[48;2;0;0;0m[38;2;242;240;236m [48;2;0;0;0m[38;2;242;119;122mStringComparison[48;2;0;0;0m[38;2;242;240;236m.[48;2;0;0;0m[38;2;242;119;122mOrdinalIgnoreCase[48;2;0;0;0m[38;2;242;240;236m)[48;2;0;0;0m[38;2;242;240;236m [48;2;0;0;0m[38;2;211;208;200m>=[48;2;0;0;0m[38;2;242;240;236m [48;2;0;0;0m[38;2;249;145;87m0[48;2;0;0;0m[38;2;242;240;236m

    Complex binary expression

         597  [48;2;0;0;0m[38;2;242;240;236m            [48;2;0;0;0m[38;2;204;153;204mreturn[48;2;0;0;0m[38;2;242;240;236m [48;2;0;0;0m[38;2;242;119;122mitemId[48;2;0;0;0m[38;2;242;240;236m.[48;2;0;0;0m[38;2;102;153;204mIndexOf[48;2;0;0;0m[38;2;242;240;236m([48;2;0;0;0m[38;2;211;208;200m"[48;2;0;0;0m[38;2;153;204;153mreli[48;2;0;0;0m[38;2;211;208;200m"[48;2;0;0;0m[38;2;242;240;236m,[48;2;0;0;0m[38;2;242;240;236m [48;2;0;0;0m[38;2;242;119;122mStringComparison[48;2;0;0;0m[38;2;242;240;236m.[48;2;0;0;0m[38;2;242;119;122mOrdinalIgnoreCase[48;2;0;0;0m[38;2;242;240;236m)[48;2;0;0;0m[38;2;242;240;236m [48;2;0;0;0m[38;2;211;208;200m>=[48;2;0;0;0m[38;2;242;240;236m [48;2;0;0;0m[38;2;249;145;87m0[48;2;0;0;0m[38;2;242;240;236m
         598  [48;2;0;0;0m[38;2;242;240;236m                   [48;2;0;0;0m[38;2;211;208;200m||[48;2;0;0;0m[38;2;242;240;236m [48;2;0;0;0m[38;2;242;119;122mitemId[48;2;0;0;0m[38;2;242;240;236m.[48;2;0;0;0m[38;2;102;153;204mIndexOf[48;2;0;0;0m[38;2;242;240;236m([48;2;0;0;0m[38;2;211;208;200m"[48;2;0;0;0m[38;2;153;204;153mbible[48;2;0;0;0m[38;2;211;208;200m"[48;2;0;0;0m[38;2;242;240;236m,[48;2;0;0;0m[38;2;242;240;236m [48;2;0;0;0m[38;2;242;119;122mStringComparison[48;2;0;0;0m[38;2;242;240;236m.[48;2;0;0;0m[38;2;242;119;122mOrdinalIgnoreCase[48;2;0;0;0m[38;2;242;240;236m)[48;2;0;0;0m[38;2;242;240;236m [48;2;0;0;0m[38;2;211;208;200m>=[48;2;0;0;0m[38;2;242;240;236m [48;2;0;0;0m[38;2;249;145;87m0[48;2;0;0;0m[38;2;242;240;236m

    High total complexity (count = 236)

           1  [48;2;0;0;0m[38;2;204;153;204musing[48;2;0;0;0m[38;2;211;208;200m [48;2;0;0;0m[38;2;211;208;200mSystem[48;2;0;0;0m[38;2;211;208;200m;[48;2;0;0;0m[38;2;211;208;200m
           2  [48;2;0;0;0m[38;2;204;153;204musing[48;2;0;0;0m[38;2;211;208;200m [48;2;0;0;0m[38;2;211;208;200mSystem[48;2;0;0;0m[38;2;211;208;200m.[48;2;0;0;0m[38;2;211;208;200mCollections[48;2;0;0;0m[38;2;211;208;200m.[48;2;0;0;0m[38;2;211;208;200mGeneric[48;2;0;0;0m[38;2;211;208;200m;[48;2;0;0;0m[38;2;211;208;200m
           3  [48;2;0;0;0m[38;2;204;153;204musing[48;2;0;0;0m[38;2;211;208;200m [48;2;0;0;0m[38;2;211;208;200mUnityEngine[48;2;0;0;0m[38;2;211;208;200m;[48;2;0;0;0m[38;2;211;208;200m
           4  [48;2;0;0;0m[38;2;211;208;200m
           5  [48;2;0;0;0m[38;2;204;153;204mnamespace[48;2;0;0;0m[38;2;211;208;200m [48;2;0;0;0m[38;2;211;208;200mAtomicWar[48;2;0;0;0m[38;2;211;208;200m.[48;2;0;0;0m[38;2;211;208;200m_Game[48;2;0;0;0m[38;2;211;208;200m.[48;2;0;0;0m[38;2;211;208;200mSurvivors[48;2;0;0;0m[38;2;211;208;200m
           6  [48;2;0;0;0m[38;2;211;208;200m{[48;2;0;0;0m[38;2;211;208;200m
              [hid 1056 additional lines]

    Found 18 lines of similar code in 2 locations (mass = 121)

         697  [48;2;0;0;0m[38;2;242;240;236m        [48;2;0;0;0m[38;2;204;153;204mpublic[48;2;0;0;0m[38;2;242;240;236m [48;2;0;0;0m[38;2;204;153;204mvoid[48;2;0;0;0m[38;2;242;240;236m [48;2;0;0;0m[38;2;102;153;204mRecordWorthlessPaperBurn[48;2;0;0;0m[38;2;242;240;236m([48;2;0;0;0m[38;2;242;240;236m
         698  [48;2;0;0;0m[38;2;242;240;236m            [48;2;0;0;0m[38;2;242;240;236mSurvivor[48;2;0;0;0m[38;2;242;240;236m [48;2;0;0;0m[38;2;242;119;122mbillionaire[48;2;0;0;0m[38;2;242;240;236m,[48;2;0;0;0m[38;2;242;240;236m
         699  [48;2;0;0;0m[38;2;242;240;236m            [48;2;0;0;0m[38;2;204;153;204mfloat[48;2;0;0;0m[38;2;242;240;236m [48;2;0;0;0m[38;2;242;119;122mmoneyBurned[48;2;0;0;0m[38;2;242;240;236m,[48;2;0;0;0m[38;2;242;240;236m
         700  [48;2;0;0;0m[38;2;242;240;236m            [48;2;0;0;0m[38;2;204;153;204mbool[48;2;0;0;0m[38;2;242;240;236m [48;2;0;0;0m[38;2;242;119;122mheaterUsedToPreventFreeze[48;2;0;0;0m[38;2;242;240;236m,[48;2;0;0;0m[38;2;242;240;236m
         701  [48;2;0;0;0m[38;2;242;240;236m            [48;2;0;0;0m[38;2;204;153;204mint[48;2;0;0;0m[38;2;242;240;236m [48;2;0;0;0m[38;2;242;119;122mcurrentDay[48;2;0;0;0m[38;2;242;240;236m [48;2;0;0;0m[38;2;211;208;200m=[48;2;0;0;0m[38;2;242;240;236m [48;2;0;0;0m[38;2;249;145;87m0[48;2;0;0;0m[38;2;242;240;236m)[48;2;0;0;0m[38;2;242;240;236m
         702  [48;2;0;0;0m[38;2;242;240;236m        [48;2;0;0;0m[38;2;242;240;236m{[48;2;0;0;0m[38;2;242;240;236m
              [hid 12 additional lines]
        also found at Assets/_Game/Survivors/PersonalQuestSystem.Rebuilders.cs

    Found 17 lines of similar code in 2 locations (mass = 112)

         608  [48;2;0;0;0m[38;2;242;240;236m        [48;2;0;0;0m[38;2;204;153;204mpublic[48;2;0;0;0m[38;2;242;240;236m [48;2;0;0;0m[38;2;204;153;204mvoid[48;2;0;0;0m[38;2;242;240;236m [48;2;0;0;0m[38;2;102;153;204mRecordBreakingChainsEmissaryKill[48;2;0;0;0m[38;2;242;240;236m([48;2;0;0;0m[38;2;242;240;236m
         609  [48;2;0;0;0m[38;2;242;240;236m            [48;2;0;0;0m[38;2;242;240;236mSurvivor[48;2;0;0;0m[38;2;242;240;236m [48;2;0;0;0m[38;2;242;119;122mescapee[48;2;0;0;0m[38;2;242;240;236m,[48;2;0;0;0m[38;2;242;240;236m
         610  [48;2;0;0;0m[38;2;242;240;236m            [48;2;0;0;0m[38;2;204;153;204mbool[48;2;0;0;0m[38;2;242;240;236m [48;2;0;0;0m[38;2;242;119;122massassinatedCultEmissaryAtHatch[48;2;0;0;0m[38;2;242;240;236m,[48;2;0;0;0m[38;2;242;240;236m
         611  [48;2;0;0;0m[38;2;242;240;236m            [48;2;0;0;0m[38;2;204;153;204mint[48;2;0;0;0m[38;2;242;240;236m [48;2;0;0;0m[38;2;242;119;122mcurrentDay[48;2;0;0;0m[38;2;242;240;236m [48;2;0;0;0m[38;2;211;208;200m=[48;2;0;0;0m[38;2;242;240;236m [48;2;0;0;0m[38;2;249;145;87m0[48;2;0;0;0m[38;2;242;240;236m)[48;2;0;0;0m[38;2;242;240;236m
         612  [48;2;0;0;0m[38;2;242;240;236m        [48;2;0;0;0m[38;2;242;240;236m{[48;2;0;0;0m[38;2;242;240;236m
         613  [48;2;0;0;0m[38;2;242;240;236m            [48;2;0;0;0m[38;2;204;153;204mif[48;2;0;0;0m[38;2;242;240;236m [48;2;0;0;0m[38;2;242;240;236m([48;2;0;0;0m[38;2;242;119;122mescapee[48;2;0;0;0m[38;2;242;240;236m [48;2;0;0;0m[38;2;211;208;200m==[48;2;0;0;0m[38;2;242;240;236m [48;2;0;0;0m[38;2;249;145;87mnull[48;2;0;0;0m[38;2;242;240;236m [48;2;0;0;0m[38;2;211;208;200m||[48;2;0;0;0m[38;2;242;240;236m [48;2;0;0;0m[38;2;211;208;200m![48;2;0;0;0m[38;2;242;119;122mescapee[48;2;0;0;0m[38;2;242;240;236m.[48;2;0;0;0m[38;2;242;119;122mIsAlive[48;2;0;0;0m[38;2;242;240;236m)[48;2;0;0;0m[38;2;242;240;236m [48;2;0;0;0m[38;2;204;153;204mreturn[48;2;0;0;0m[38;2;242;240;236m;[48;2;0;0;0m[38;2;242;240;236m
              [hid 11 additional lines]
        also found at Assets/_Game/Survivors/PersonalQuestSystem.Ashes.cs

    Found 17 lines of similar code in 2 locations (mass = 112)

        1007  [48;2;0;0;0m[38;2;242;240;236m        [48;2;0;0;0m[38;2;204;153;204mpublic[48;2;0;0;0m[38;2;242;240;236m [48;2;0;0;0m[38;2;204;153;204mvoid[48;2;0;0;0m[38;2;242;240;236m [48;2;0;0;0m[38;2;102;153;204mRecordMansBestFriendIntercept[48;2;0;0;0m[38;2;242;240;236m([48;2;0;0;0m[38;2;242;240;236m
        1008  [48;2;0;0;0m[38;2;242;240;236m            [48;2;0;0;0m[38;2;242;240;236mSurvivor[48;2;0;0;0m[38;2;242;240;236m [48;2;0;0;0m[38;2;242;119;122mdog[48;2;0;0;0m[38;2;242;240;236m,[48;2;0;0;0m[38;2;242;240;236m
        1009  [48;2;0;0;0m[38;2;242;240;236m            [48;2;0;0;0m[38;2;204;153;204mbool[48;2;0;0;0m[38;2;242;240;236m [48;2;0;0;0m[38;2;242;119;122minterceptedLethalAttackOnOwner[48;2;0;0;0m[38;2;242;240;236m,[48;2;0;0;0m[38;2;242;240;236m
        1010  [48;2;0;0;0m[38;2;242;240;236m            [48;2;0;0;0m[38;2;204;153;204mint[48;2;0;0;0m[38;2;242;240;236m [48;2;0;0;0m[38;2;242;119;122mcurrentDay[48;2;0;0;0m[38;2;242;240;236m [48;2;0;0;0m[38;2;211;208;200m=[48;2;0;0;0m[38;2;242;240;236m [48;2;0;0;0m[38;2;249;145;87m0[48;2;0;0;0m[38;2;242;240;236m)[48;2;0;0;0m[38;2;242;240;236m
        1011  [48;2;0;0;0m[38;2;242;240;236m        [48;2;0;0;0m[38;2;242;240;236m{[48;2;0;0;0m[38;2;242;240;236m
        1012  [48;2;0;0;0m[38;2;242;240;236m            [48;2;0;0;0m[38;2;204;153;204mif[48;2;0;0;0m[38;2;242;240;236m [48;2;0;0;0m[38;2;242;240;236m([48;2;0;0;0m[38;2;242;119;122mdog[48;2;0;0;0m[38;2;242;240;236m [48;2;0;0;0m[38;2;211;208;200m==[48;2;0;0;0m[38;2;242;240;236m [48;2;0;0;0m[38;2;249;145;87mnull[48;2;0;0;0m[38;2;242;240;236m [48;2;0;0;0m[38;2;211;208;200m||[48;2;0;0;0m[38;2;242;240;236m [48;2;0;0;0m[38;2;211;208;200m![48;2;0;0;0m[38;2;242;119;122mdog[48;2;0;0;0m[38;2;242;240;236m.[48;2;0;0;0m[38;2;242;119;122mIsAlive[48;2;0;0;0m[38;2;242;240;236m)[48;2;0;0;0m[38;2;242;240;236m [48;2;0;0;0m[38;2;204;153;204mreturn[48;2;0;0;0m[38;2;242;240;236m;[48;2;0;0;0m[38;2;242;240;236m
              [hid 11 additional lines]
        also found at Assets/_Game/Survivors/PersonalQuestSystem.Ashes.cs

    Found 18 lines of similar code in 16 locations (mass = 118)

          48  [48;2;0;0;0m[38;2;242;240;236m        [48;2;0;0;0m[38;2;204;153;204mpublic[48;2;0;0;0m[38;2;242;240;236m [48;2;0;0;0m[38;2;204;153;204mvoid[48;2;0;0;0m[38;2;242;240;236m [48;2;0;0;0m[38;2;102;153;204mRecordRealWorldSoloRaidDefense[48;2;0;0;0m[38;2;242;240;236m([48;2;0;0;0m[38;2;242;240;236m
          49  [48;2;0;0;0m[38;2;242;240;236m            [48;2;0;0;0m[38;2;242;240;236mSurvivor[48;2;0;0;0m[38;2;242;240;236m [48;2;0;0;0m[38;2;242;119;122mqueen[48;2;0;0;0m[38;2;242;240;236m,[48;2;0;0;0m[38;2;242;240;236m
          50  [48;2;0;0;0m[38;2;242;240;236m            [48;2;0;0;0m[38;2;204;153;204mbool[48;2;0;0;0m[38;2;242;240;236m [48;2;0;0;0m[38;2;242;119;122mleftAloneToDefend[48;2;0;0;0m[38;2;242;240;236m,[48;2;0;0;0m[38;2;242;240;236m
          51  [48;2;0;0;0m[38;2;242;240;236m            [48;2;0;0;0m[38;2;204;153;204mbool[48;2;0;0;0m[38;2;242;240;236m [48;2;0;0;0m[38;2;242;119;122mkilledRaider[48;2;0;0;0m[38;2;242;240;236m,[48;2;0;0;0m[38;2;242;240;236m
          52  [48;2;0;0;0m[38;2;242;240;236m            [48;2;0;0;0m[38;2;204;153;204mint[48;2;0;0;0m[38;2;242;240;236m [48;2;0;0;0m[38;2;242;119;122mcurrentDay[48;2;0;0;0m[38;2;242;240;236m [48;2;0;0;0m[38;2;211;208;200m=[48;2;0;0;0m[38;2;242;240;236m [48;2;0;0;0m[38;2;249;145;87m0[48;2;0;0;0m[38;2;242;240;236m)[48;2;0;0;0m[38;2;242;240;236m
          53  [48;2;0;0;0m[38;2;242;240;236m        [48;2;0;0;0m[38;2;242;240;236m{[48;2;0;0;0m[38;2;242;240;236m
              [hid 12 additional lines]
        also found at Assets/_Game/Survivors/PersonalQuestSystem.CivilWar.cs
        also found at Assets/_Game/Survivors/PersonalQuestSystem.CivilWar.cs
        also found at Assets/_Game/Survivors/PersonalQuestSystem.CivilWar.cs
        also found at Assets/_Game/Survivors/PersonalQuestSystem.Titles.cs
        also found at Assets/_Game/Survivors/PersonalQuestSystem.Titles.cs
        also found at Assets/_Game/Survivors/PersonalQuestSystem.Chemistry.cs
        also found at Assets/_Game/Survivors/PersonalQuestSystem.Chemistry.cs
        also found at Assets/_Game/Survivors/PersonalQuestSystem.Rebuilders.cs
        also found at Assets/_Game/Survivors/PersonalQuestSystem.Rebuilders.cs
        also found at Assets/_Game/Survivors/PersonalQuestSystem.Ashes.cs
        also found at Assets/_Game/Survivors/PersonalQuestSystem.Ashes.cs
        also found at Assets/_Game/Survivors/PersonalQuestSystem.Ashes.cs
        also found at Assets/_Game/Survivors/PersonalQuestSystem.Ashes.cs
        also found at Assets/_Game/Survivors/PersonalQuestSystem.cs
        also found at Assets/_Game/Survivors/PersonalQuestSystem.cs

    Found 18 lines of similar code in 16 locations (mass = 118)

         150  [48;2;0;0;0m[38;2;242;240;236m        [48;2;0;0;0m[38;2;204;153;204mpublic[48;2;0;0;0m[38;2;242;240;236m [48;2;0;0;0m[38;2;204;153;204mvoid[48;2;0;0;0m[38;2;242;240;236m [48;2;0;0;0m[38;2;102;153;204mRecordFirstSaveComaRevive[48;2;0;0;0m[38;2;242;240;236m([48;2;0;0;0m[38;2;242;240;236m
         151  [48;2;0;0;0m[38;2;242;240;236m            [48;2;0;0;0m[38;2;242;240;236mSurvivor[48;2;0;0;0m[38;2;242;240;236m [48;2;0;0;0m[38;2;242;119;122mstudent[48;2;0;0;0m[38;2;242;240;236m,[48;2;0;0;0m[38;2;242;240;236m
         152  [48;2;0;0;0m[38;2;242;240;236m            [48;2;0;0;0m[38;2;204;153;204mbool[48;2;0;0;0m[38;2;242;240;236m [48;2;0;0;0m[38;2;242;119;122musedAdrenaline[48;2;0;0;0m[38;2;242;240;236m,[48;2;0;0;0m[38;2;242;240;236m
         153  [48;2;0;0;0m[38;2;242;240;236m            [48;2;0;0;0m[38;2;204;153;204mbool[48;2;0;0;0m[38;2;242;240;236m [48;2;0;0;0m[38;2;242;119;122mpatientRevivedFromComa[48;2;0;0;0m[38;2;242;240;236m,[48;2;0;0;0m[38;2;242;240;236m
         154  [48;2;0;0;0m[38;2;242;240;236m            [48;2;0;0;0m[38;2;204;153;204mint[48;2;0;0;0m[38;2;242;240;236m [48;2;0;0;0m[38;2;242;119;122mcurrentDay[48;2;0;0;0m[38;2;242;240;236m [48;2;0;0;0m[38;2;211;208;200m=[48;2;0;0;0m[38;2;242;240;236m [48;2;0;0;0m[38;2;249;145;87m0[48;2;0;0;0m[38;2;242;240;236m)[48;2;0;0;0m[38;2;242;240;236m
         155  [48;2;0;0;0m[38;2;242;240;236m        [48;2;0;0;0m[38;2;242;240;236m{[48;2;0;0;0m[38;2;242;240;236m
              [hid 12 additional lines]
        also found at Assets/_Game/Survivors/PersonalQuestSystem.CivilWar.cs
        also found at Assets/_Game/Survivors/PersonalQuestSystem.CivilWar.cs
        also found at Assets/_Game/Survivors/PersonalQuestSystem.CivilWar.cs
        also found at Assets/_Game/Survivors/PersonalQuestSystem.Titles.cs
        also found at Assets/_Game/Survivors/PersonalQuestSystem.Titles.cs
        also found at Assets/_Game/Survivors/PersonalQuestSystem.Chemistry.cs
        also found at Assets/_Game/Survivors/PersonalQuestSystem.Chemistry.cs
        also found at Assets/_Game/Survivors/PersonalQuestSystem.Rebuilders.cs
        also found at Assets/_Game/Survivors/PersonalQuestSystem.Rebuilders.cs
        also found at Assets/_Game/Survivors/PersonalQuestSystem.Ashes.cs
        also found at Assets/_Game/Survivors/PersonalQuestSystem.Ashes.cs
        also found at Assets/_Game/Survivors/PersonalQuestSystem.Ashes.cs
        also found at Assets/_Game/Survivors/PersonalQuestSystem.Ashes.cs
        also found at Assets/_Game/Survivors/PersonalQuestSystem.cs
        also found at Assets/_Game/Survivors/PersonalQuestSystem.cs

    Found 18 lines of similar code in 16 locations (mass = 118)

         463  [48;2;0;0;0m[38;2;242;240;236m        [48;2;0;0;0m[38;2;204;153;204mpublic[48;2;0;0;0m[38;2;242;240;236m [48;2;0;0;0m[38;2;204;153;204mvoid[48;2;0;0;0m[38;2;242;240;236m [48;2;0;0;0m[38;2;102;153;204mRecordVindicatedNumbersStation[48;2;0;0;0m[38;2;242;240;236m([48;2;0;0;0m[38;2;242;240;236m
         464  [48;2;0;0;0m[38;2;242;240;236m            [48;2;0;0;0m[38;2;242;240;236mSurvivor[48;2;0;0;0m[38;2;242;240;236m [48;2;0;0;0m[38;2;242;119;122mtheorist[48;2;0;0;0m[38;2;242;240;236m,[48;2;0;0;0m[38;2;242;240;236m
         465  [48;2;0;0;0m[38;2;242;240;236m            [48;2;0;0;0m[38;2;204;153;204mbool[48;2;0;0;0m[38;2;242;240;236m [48;2;0;0;0m[38;2;242;119;122mdecodedNumbersStation[48;2;0;0;0m[38;2;242;240;236m,[48;2;0;0;0m[38;2;242;240;236m
         466  [48;2;0;0;0m[38;2;242;240;236m            [48;2;0;0;0m[38;2;204;153;204mbool[48;2;0;0;0m[38;2;242;240;236m [48;2;0;0;0m[38;2;242;119;122mgovernmentStillActive[48;2;0;0;0m[38;2;242;240;236m,[48;2;0;0;0m[38;2;242;240;236m
         467  [48;2;0;0;0m[38;2;242;240;236m            [48;2;0;0;0m[38;2;204;153;204mint[48;2;0;0;0m[38;2;242;240;236m [48;2;0;0;0m[38;2;242;119;122mcurrentDay[48;2;0;0;0m[38;2;242;240;236m [48;2;0;0;0m[38;2;211;208;200m=[48;2;0;0;0m[38;2;242;240;236m [48;2;0;0;0m[38;2;249;145;87m0[48;2;0;0;0m[38;2;242;240;236m)[48;2;0;0;0m[38;2;242;240;236m
         468  [48;2;0;0;0m[38;2;242;240;236m        [48;2;0;0;0m[38;2;242;240;236m{[48;2;0;0;0m[38;2;242;240;236m
              [hid 12 additional lines]
        also found at Assets/_Game/Survivors/PersonalQuestSystem.CivilWar.cs
        also found at Assets/_Game/Survivors/PersonalQuestSystem.CivilWar.cs
        also found at Assets/_Game/Survivors/PersonalQuestSystem.CivilWar.cs
        also found at Assets/_Game/Survivors/PersonalQuestSystem.Titles.cs
        also found at Assets/_Game/Survivors/PersonalQuestSystem.Titles.cs
        also found at Assets/_Game/Survivors/PersonalQuestSystem.Chemistry.cs
        also found at Assets/_Game/Survivors/PersonalQuestSystem.Chemistry.cs
        also found at Assets/_Game/Survivors/PersonalQuestSystem.Rebuilders.cs
        also found at Assets/_Game/Survivors/PersonalQuestSystem.Rebuilders.cs
        also found at Assets/_Game/Survivors/PersonalQuestSystem.Ashes.cs
        also found at Assets/_Game/Survivors/PersonalQuestSystem.Ashes.cs
        also found at Assets/_Game/Survivors/PersonalQuestSystem.Ashes.cs
        also found at Assets/_Game/Survivors/PersonalQuestSystem.Ashes.cs
        also found at Assets/_Game/Survivors/PersonalQuestSystem.cs
        also found at Assets/_Game/Survivors/PersonalQuestSystem.cs

    Found 18 lines of similar code in 16 locations (mass = 118)

         652  [48;2;0;0;0m[38;2;242;240;236m        [48;2;0;0;0m[38;2;204;153;204mpublic[48;2;0;0;0m[38;2;242;240;236m [48;2;0;0;0m[38;2;204;153;204mvoid[48;2;0;0;0m[38;2;242;240;236m [48;2;0;0;0m[38;2;102;153;204mRecordEarningKeepHiddenWater[48;2;0;0;0m[38;2;242;240;236m([48;2;0;0;0m[38;2;242;240;236m
         653  [48;2;0;0;0m[38;2;242;240;236m            [48;2;0;0;0m[38;2;242;240;236mSurvivor[48;2;0;0;0m[38;2;242;240;236m [48;2;0;0;0m[38;2;242;119;122mstowaway[48;2;0;0;0m[38;2;242;240;236m,[48;2;0;0;0m[38;2;242;240;236m
         654  [48;2;0;0;0m[38;2;242;240;236m            [48;2;0;0;0m[38;2;204;153;204mbool[48;2;0;0;0m[38;2;242;240;236m [48;2;0;0;0m[38;2;242;119;122mdiscoveredHiddenWaterSource[48;2;0;0;0m[38;2;242;240;236m,[48;2;0;0;0m[38;2;242;240;236m
         655  [48;2;0;0;0m[38;2;242;240;236m            [48;2;0;0;0m[38;2;204;153;204mbool[48;2;0;0;0m[38;2;242;240;236m [48;2;0;0;0m[38;2;242;119;122msavedGroupFromDehydration[48;2;0;0;0m[38;2;242;240;236m,[48;2;0;0;0m[38;2;242;240;236m
         656  [48;2;0;0;0m[38;2;242;240;236m            [48;2;0;0;0m[38;2;204;153;204mint[48;2;0;0;0m[38;2;242;240;236m [48;2;0;0;0m[38;2;242;119;122mcurrentDay[48;2;0;0;0m[38;2;242;240;236m [48;2;0;0;0m[38;2;211;208;200m=[48;2;0;0;0m[38;2;242;240;236m [48;2;0;0;0m[38;2;249;145;87m0[48;2;0;0;0m[38;2;242;240;236m)[48;2;0;0;0m[38;2;242;240;236m
         657  [48;2;0;0;0m[38;2;242;240;236m        [48;2;0;0;0m[38;2;242;240;236m{[48;2;0;0;0m[38;2;242;240;236m
              [hid 12 additional lines]
        also found at Assets/_Game/Survivors/PersonalQuestSystem.CivilWar.cs
        also found at Assets/_Game/Survivors/PersonalQuestSystem.CivilWar.cs
        also found at Assets/_Game/Survivors/PersonalQuestSystem.CivilWar.cs
        also found at Assets/_Game/Survivors/PersonalQuestSystem.Titles.cs
        also found at Assets/_Game/Survivors/PersonalQuestSystem.Titles.cs
        also found at Assets/_Game/Survivors/PersonalQuestSystem.Chemistry.cs
        also found at Assets/_Game/Survivors/PersonalQuestSystem.Chemistry.cs
        also found at Assets/_Game/Survivors/PersonalQuestSystem.Rebuilders.cs
        also found at Assets/_Game/Survivors/PersonalQuestSystem.Rebuilders.cs
        also found at Assets/_Game/Survivors/PersonalQuestSystem.Ashes.cs
        also found at Assets/_Game/Survivors/PersonalQuestSystem.Ashes.cs
        also found at Assets/_Game/Survivors/PersonalQuestSystem.Ashes.cs
        also found at Assets/_Game/Survivors/PersonalQuestSystem.Ashes.cs
        also found at Assets/_Game/Survivors/PersonalQuestSystem.cs
        also found at Assets/_Game/Survivors/PersonalQuestSystem.cs

    Found 18 lines of similar code in 16 locations (mass = 118)

         752  [48;2;0;0;0m[38;2;242;240;236m        [48;2;0;0;0m[38;2;204;153;204mpublic[48;2;0;0;0m[38;2;242;240;236m [48;2;0;0;0m[38;2;204;153;204mvoid[48;2;0;0;0m[38;2;242;240;236m [48;2;0;0;0m[38;2;102;153;204mRecordMastersFateBurial[48;2;0;0;0m[38;2;242;240;236m([48;2;0;0;0m[38;2;242;240;236m
         753  [48;2;0;0;0m[38;2;242;240;236m            [48;2;0;0;0m[38;2;242;240;236mSurvivor[48;2;0;0;0m[38;2;242;240;236m [48;2;0;0;0m[38;2;242;119;122mapprentice[48;2;0;0;0m[38;2;242;240;236m,[48;2;0;0;0m[38;2;242;240;236m
         754  [48;2;0;0;0m[38;2;242;240;236m            [48;2;0;0;0m[38;2;204;153;204mbool[48;2;0;0;0m[38;2;242;240;236m [48;2;0;0;0m[38;2;242;119;122mretrievedHistorianBody[48;2;0;0;0m[38;2;242;240;236m,[48;2;0;0;0m[38;2;242;240;236m
         755  [48;2;0;0;0m[38;2;242;240;236m            [48;2;0;0;0m[38;2;204;153;204mbool[48;2;0;0;0m[38;2;242;240;236m [48;2;0;0;0m[38;2;242;119;122mburied[48;2;0;0;0m[38;2;242;240;236m,[48;2;0;0;0m[38;2;242;240;236m
         756  [48;2;0;0;0m[38;2;242;240;236m            [48;2;0;0;0m[38;2;204;153;204mint[48;2;0;0;0m[38;2;242;240;236m [48;2;0;0;0m[38;2;242;119;122mcurrentDay[48;2;0;0;0m[38;2;242;240;236m [48;2;0;0;0m[38;2;211;208;200m=[48;2;0;0;0m[38;2;242;240;236m [48;2;0;0;0m[38;2;249;145;87m0[48;2;0;0;0m[38;2;242;240;236m)[48;2;0;0;0m[38;2;242;240;236m
         757  [48;2;0;0;0m[38;2;242;240;236m        [48;2;0;0;0m[38;2;242;240;236m{[48;2;0;0;0m[38;2;242;240;236m
              [hid 12 additional lines]
        also found at Assets/_Game/Survivors/PersonalQuestSystem.CivilWar.cs
        also found at Assets/_Game/Survivors/PersonalQuestSystem.CivilWar.cs
        also found at Assets/_Game/Survivors/PersonalQuestSystem.CivilWar.cs
        also found at Assets/_Game/Survivors/PersonalQuestSystem.Titles.cs
        also found at Assets/_Game/Survivors/PersonalQuestSystem.Titles.cs
        also found at Assets/_Game/Survivors/PersonalQuestSystem.Chemistry.cs
        also found at Assets/_Game/Survivors/PersonalQuestSystem.Chemistry.cs
        also found at Assets/_Game/Survivors/PersonalQuestSystem.Rebuilders.cs
        also found at Assets/_Game/Survivors/PersonalQuestSystem.Rebuilders.cs
        also found at Assets/_Game/Survivors/PersonalQuestSystem.Ashes.cs
        also found at Assets/_Game/Survivors/PersonalQuestSystem.Ashes.cs
        also found at Assets/_Game/Survivors/PersonalQuestSystem.Ashes.cs
        also found at Assets/_Game/Survivors/PersonalQuestSystem.Ashes.cs
        also found at Assets/_Game/Survivors/PersonalQuestSystem.cs
        also found at Assets/_Game/Survivors/PersonalQuestSystem.cs

    Found 19 lines of similar code in 2 locations (mass = 124)

         370  [48;2;0;0;0m[38;2;242;240;236m        [48;2;0;0;0m[38;2;204;153;204mpublic[48;2;0;0;0m[38;2;242;240;236m [48;2;0;0;0m[38;2;204;153;204mvoid[48;2;0;0;0m[38;2;242;240;236m [48;2;0;0;0m[38;2;102;153;204mRecordSeparationAnxietyExpedition[48;2;0;0;0m[38;2;242;240;236m([48;2;0;0;0m[38;2;242;240;236m
         371  [48;2;0;0;0m[38;2;242;240;236m            [48;2;0;0;0m[38;2;242;240;236mSurvivor[48;2;0;0;0m[38;2;242;240;236m [48;2;0;0;0m[38;2;242;119;122malpha[48;2;0;0;0m[38;2;242;240;236m,[48;2;0;0;0m[38;2;242;240;236m
         372  [48;2;0;0;0m[38;2;242;240;236m            [48;2;0;0;0m[38;2;204;153;204mbool[48;2;0;0;0m[38;2;242;240;236m [48;2;0;0;0m[38;2;242;119;122malphaOnExpedition[48;2;0;0;0m[38;2;242;240;236m,[48;2;0;0;0m[38;2;242;240;236m
         373  [48;2;0;0;0m[38;2;242;240;236m            [48;2;0;0;0m[38;2;204;153;204mbool[48;2;0;0;0m[38;2;242;240;236m [48;2;0;0;0m[38;2;242;119;122mbetaStayedInBunker[48;2;0;0;0m[38;2;242;240;236m,[48;2;0;0;0m[38;2;242;240;236m
         374  [48;2;0;0;0m[38;2;242;240;236m            [48;2;0;0;0m[38;2;204;153;204mbool[48;2;0;0;0m[38;2;242;240;236m [48;2;0;0;0m[38;2;242;119;122mexpeditionCompleted[48;2;0;0;0m[38;2;242;240;236m,[48;2;0;0;0m[38;2;242;240;236m
         375  [48;2;0;0;0m[38;2;242;240;236m            [48;2;0;0;0m[38;2;204;153;204mint[48;2;0;0;0m[38;2;242;240;236m [48;2;0;0;0m[38;2;242;119;122mcurrentDay[48;2;0;0;0m[38;2;242;240;236m [48;2;0;0;0m[38;2;211;208;200m=[48;2;0;0;0m[38;2;242;240;236m [48;2;0;0;0m[38;2;249;145;87m0[48;2;0;0;0m[38;2;242;240;236m)[48;2;0;0;0m[38;2;242;240;236m
              [hid 13 additional lines]
        also found at Assets/_Game/Survivors/PersonalQuestSystem.Rebuilders.cs

    Found 19 lines of similar code in 2 locations (mass = 123)

          94  [48;2;0;0;0m[38;2;242;240;236m        [48;2;0;0;0m[38;2;204;153;204mpublic[48;2;0;0;0m[38;2;242;240;236m [48;2;0;0;0m[38;2;204;153;204mvoid[48;2;0;0;0m[38;2;242;240;236m [48;2;0;0;0m[38;2;102;153;204mRecordGladiatorBossDefeat[48;2;0;0;0m[38;2;242;240;236m([48;2;0;0;0m[38;2;242;240;236m
          95  [48;2;0;0;0m[38;2;242;240;236m            [48;2;0;0;0m[38;2;242;240;236mSurvivor[48;2;0;0;0m[38;2;242;240;236m [48;2;0;0;0m[38;2;242;119;122mjock[48;2;0;0;0m[38;2;242;240;236m,[48;2;0;0;0m[38;2;242;240;236m
          96  [48;2;0;0;0m[38;2;242;240;236m            [48;2;0;0;0m[38;2;204;153;204mbool[48;2;0;0;0m[38;2;242;240;236m [48;2;0;0;0m[38;2;242;119;122mpureHandToHand[48;2;0;0;0m[38;2;242;240;236m,[48;2;0;0;0m[38;2;242;240;236m
          97  [48;2;0;0;0m[38;2;242;240;236m            [48;2;0;0;0m[38;2;204;153;204mbool[48;2;0;0;0m[38;2;242;240;236m [48;2;0;0;0m[38;2;242;119;122mweaponsEquipped[48;2;0;0;0m[38;2;242;240;236m,[48;2;0;0;0m[38;2;242;240;236m
          98  [48;2;0;0;0m[38;2;242;240;236m            [48;2;0;0;0m[38;2;204;153;204mbool[48;2;0;0;0m[38;2;242;240;236m [48;2;0;0;0m[38;2;242;119;122mbossDefeated[48;2;0;0;0m[38;2;242;240;236m,[48;2;0;0;0m[38;2;242;240;236m
          99  [48;2;0;0;0m[38;2;242;240;236m            [48;2;0;0;0m[38;2;204;153;204mint[48;2;0;0;0m[38;2;242;240;236m [48;2;0;0;0m[38;2;242;119;122mcurrentDay[48;2;0;0;0m[38;2;242;240;236m [48;2;0;0;0m[38;2;211;208;200m=[48;2;0;0;0m[38;2;242;240;236m [48;2;0;0;0m[38;2;249;145;87m0[48;2;0;0;0m[38;2;242;240;236m)[48;2;0;0;0m[38;2;242;240;236m
              [hid 13 additional lines]
        also found at Assets/_Game/Survivors/PersonalQuestSystem.CivilWar.cs


Assets/_Game/Survivors/PersonalQuestSystem.Chemistry.cs
    Complex binary expression

          20  [48;2;0;0;0m[38;2;242;240;236m            [48;2;0;0;0m[38;2;242;119;122msv[48;2;0;0;0m[38;2;242;240;236m [48;2;0;0;0m[38;2;211;208;200m!=[48;2;0;0;0m[38;2;242;240;236m [48;2;0;0;0m[38;2;249;145;87mnull[48;2;0;0;0m[38;2;242;240;236m [48;2;0;0;0m[38;2;211;208;200m&&[48;2;0;0;0m[38;2;242;240;236m [48;2;0;0;0m[38;2;242;119;122msv[48;2;0;0;0m[38;2;242;240;236m.[48;2;0;0;0m[38;2;242;119;122mIsAlive[48;2;0;0;0m[38;2;242;240;236m

    Complex binary expression

         453  [48;2;0;0;0m[38;2;242;240;236m                [48;2;0;0;0m[38;2;211;208;200m&&[48;2;0;0;0m[38;2;242;240;236m [48;2;0;0;0m[38;2;242;240;236m([48;2;0;0;0m[38;2;204;153;204mstring[48;2;0;0;0m[38;2;242;240;236m.[48;2;0;0;0m[38;2;102;153;204mEquals[48;2;0;0;0m[38;2;242;240;236m([48;2;0;0;0m[38;2;242;119;122mtrainer[48;2;0;0;0m[38;2;242;240;236m.[48;2;0;0;0m[38;2;242;119;122mArchetypeId[48;2;0;0;0m[38;2;242;240;236m,[48;2;0;0;0m[38;2;242;240;236m [48;2;0;0;0m[38;2;242;119;122mVetId[48;2;0;0;0m[38;2;242;240;236m,[48;2;0;0;0m[38;2;242;240;236m [48;2;0;0;0m[38;2;242;119;122mStringComparison[48;2;0;0;0m[38;2;242;240;236m.[48;2;0;0;0m[38;2;242;119;122mOrdinal[48;2;0;0;0m[38;2;242;240;236m)[48;2;0;0;0m[38;2;242;240;236m
         454  [48;2;0;0;0m[38;2;242;240;236m                    [48;2;0;0;0m[38;2;211;208;200m||[48;2;0;0;0m[38;2;242;240;236m [48;2;0;0;0m[38;2;204;153;204mstring[48;2;0;0;0m[38;2;242;240;236m.[48;2;0;0;0m[38;2;102;153;204mEquals[48;2;0;0;0m[38;2;242;240;236m([48;2;0;0;0m[38;2;242;119;122mtrainer[48;2;0;0;0m[38;2;242;240;236m.[48;2;0;0;0m[38;2;242;119;122mArchetypeId[48;2;0;0;0m[38;2;242;240;236m,[48;2;0;0;0m[38;2;242;240;236m [48;2;0;0;0m[38;2;242;119;122mFierceMotherId[48;2;0;0;0m[38;2;242;240;236m,[48;2;0;0;0m[38;2;242;240;236m [48;2;0;0;0m[38;2;242;119;122mStringComparison[48;2;0;0;0m[38;2;242;240;236m.[48;2;0;0;0m[38;2;242;119;122mOrdinal[48;2;0;0;0m[38;2;242;240;236m)[48;2;0;0;0m[38;2;242;240;236m

    Complex binary expression

         550  [48;2;0;0;0m[38;2;242;240;236m            [48;2;0;0;0m[38;2;204;153;204mreturn[48;2;0;0;0m[38;2;242;240;236m [48;2;0;0;0m[38;2;242;119;122mactionId[48;2;0;0;0m[38;2;242;240;236m.[48;2;0;0;0m[38;2;102;153;204mIndexOf[48;2;0;0;0m[38;2;242;240;236m([48;2;0;0;0m[38;2;211;208;200m"[48;2;0;0;0m[38;2;153;204;153mhydro[48;2;0;0;0m[38;2;211;208;200m"[48;2;0;0;0m[38;2;242;240;236m,[48;2;0;0;0m[38;2;242;240;236m [48;2;0;0;0m[38;2;242;119;122mStringComparison[48;2;0;0;0m[38;2;242;240;236m.[48;2;0;0;0m[38;2;242;119;122mOrdinalIgnoreCase[48;2;0;0;0m[38;2;242;240;236m)[48;2;0;0;0m[38;2;242;240;236m [48;2;0;0;0m[38;2;211;208;200m>=[48;2;0;0;0m[38;2;242;240;236m [48;2;0;0;0m[38;2;249;145;87m0[48;2;0;0;0m[38;2;242;240;236m
         551  [48;2;0;0;0m[38;2;242;240;236m                   [48;2;0;0;0m[38;2;211;208;200m||[48;2;0;0;0m[38;2;242;240;236m [48;2;0;0;0m[38;2;242;119;122mactionId[48;2;0;0;0m[38;2;242;240;236m.[48;2;0;0;0m[38;2;102;153;204mIndexOf[48;2;0;0;0m[38;2;242;240;236m([48;2;0;0;0m[38;2;211;208;200m"[48;2;0;0;0m[38;2;153;204;153mplant[48;2;0;0;0m[38;2;211;208;200m"[48;2;0;0;0m[38;2;242;240;236m,[48;2;0;0;0m[38;2;242;240;236m [48;2;0;0;0m[38;2;242;119;122mStringComparison[48;2;0;0;0m[38;2;242;240;236m.[48;2;0;0;0m[38;2;242;119;122mOrdinalIgnoreCase[48;2;0;0;0m[38;2;242;240;236m)[48;2;0;0;0m[38;2;242;240;236m [48;2;0;0;0m[38;2;211;208;200m>=[48;2;0;0;0m[38;2;242;240;236m [48;2;0;0;0m[38;2;249;145;87m0[48;2;0;0;0m[38;2;242;240;236m

    High total complexity (count = 127)

           1  [48;2;0;0;0m[38;2;204;153;204musing[48;2;0;0;0m[38;2;211;208;200m [48;2;0;0;0m[38;2;211;208;200mSystem[48;2;0;0;0m[38;2;211;208;200m;[48;2;0;0;0m[38;2;211;208;200m
           2  [48;2;0;0;0m[38;2;204;153;204musing[48;2;0;0;0m[38;2;211;208;200m [48;2;0;0;0m[38;2;211;208;200mSystem[48;2;0;0;0m[38;2;211;208;200m.[48;2;0;0;0m[38;2;211;208;200mCollections[48;2;0;0;0m[38;2;211;208;200m.[48;2;0;0;0m[38;2;211;208;200mGeneric[48;2;0;0;0m[38;2;211;208;200m;[48;2;0;0;0m[38;2;211;208;200m
           3  [48;2;0;0;0m[38;2;204;153;204musing[48;2;0;0;0m[38;2;211;208;200m [48;2;0;0;0m[38;2;211;208;200mUnityEngine[48;2;0;0;0m[38;2;211;208;200m;[48;2;0;0;0m[38;2;211;208;200m
           4  [48;2;0;0;0m[38;2;211;208;200m
           5  [48;2;0;0;0m[38;2;204;153;204mnamespace[48;2;0;0;0m[38;2;211;208;200m [48;2;0;0;0m[38;2;211;208;200mAtomicWar[48;2;0;0;0m[38;2;211;208;200m.[48;2;0;0;0m[38;2;211;208;200m_Game[48;2;0;0;0m[38;2;211;208;200m.[48;2;0;0;0m[38;2;211;208;200mSurvivors[48;2;0;0;0m[38;2;211;208;200m
           6  [48;2;0;0;0m[38;2;211;208;200m{[48;2;0;0;0m[38;2;211;208;200m
              [hid 580 additional lines]

    Found 25 lines of similar code in 2 locations (mass = 161)

          35  [48;2;0;0;0m[38;2;242;240;236m        [48;2;0;0;0m[38;2;204;153;204mpublic[48;2;0;0;0m[38;2;242;240;236m [48;2;0;0;0m[38;2;204;153;204mvoid[48;2;0;0;0m[38;2;242;240;236m [48;2;0;0;0m[38;2;102;153;204mRecordColdTurkeyCleanDay[48;2;0;0;0m[38;2;242;240;236m([48;2;0;0;0m[38;2;242;240;236mSurvivor[48;2;0;0;0m[38;2;242;240;236m [48;2;0;0;0m[38;2;242;119;122maddict[48;2;0;0;0m[38;2;242;240;236m,[48;2;0;0;0m[38;2;242;240;236m [48;2;0;0;0m[38;2;204;153;204mbool[48;2;0;0;0m[38;2;242;240;236m [48;2;0;0;0m[38;2;242;119;122musedAnyChem[48;2;0;0;0m[38;2;242;240;236m,[48;2;0;0;0m[38;2;242;240;236m [48;2;0;0;0m[38;2;204;153;204mint[48;2;0;0;0m[38;2;242;240;236m [48;2;0;0;0m[38;2;242;119;122mcurrentDay[48;2;0;0;0m[38;2;242;240;236m [48;2;0;0;0m[38;2;211;208;200m=[48;2;0;0;0m[38;2;242;240;236m [48;2;0;0;0m[38;2;249;145;87m0[48;2;0;0;0m[38;2;242;240;236m)[48;2;0;0;0m[38;2;242;240;236m
          36  [48;2;0;0;0m[38;2;242;240;236m        [48;2;0;0;0m[38;2;242;240;236m{[48;2;0;0;0m[38;2;242;240;236m
          37  [48;2;0;0;0m[38;2;242;240;236m            [48;2;0;0;0m[38;2;204;153;204mif[48;2;0;0;0m[38;2;242;240;236m [48;2;0;0;0m[38;2;242;240;236m([48;2;0;0;0m[38;2;242;119;122maddict[48;2;0;0;0m[38;2;242;240;236m [48;2;0;0;0m[38;2;211;208;200m==[48;2;0;0;0m[38;2;242;240;236m [48;2;0;0;0m[38;2;249;145;87mnull[48;2;0;0;0m[38;2;242;240;236m [48;2;0;0;0m[38;2;211;208;200m||[48;2;0;0;0m[38;2;242;240;236m [48;2;0;0;0m[38;2;211;208;200m![48;2;0;0;0m[38;2;242;119;122maddict[48;2;0;0;0m[38;2;242;240;236m.[48;2;0;0;0m[38;2;242;119;122mIsAlive[48;2;0;0;0m[38;2;242;240;236m)[48;2;0;0;0m[38;2;242;240;236m [48;2;0;0;0m[38;2;204;153;204mreturn[48;2;0;0;0m[38;2;242;240;236m;[48;2;0;0;0m[38;2;242;240;236m
          38  [48;2;0;0;0m[38;2;242;240;236m            [48;2;0;0;0m[38;2;204;153;204mvar[48;2;0;0;0m[38;2;242;240;236m [48;2;0;0;0m[38;2;242;119;122mstate[48;2;0;0;0m[38;2;242;240;236m [48;2;0;0;0m[38;2;211;208;200m=[48;2;0;0;0m[38;2;242;240;236m [48;2;0;0;0m[38;2;102;153;204mGetOrCreate[48;2;0;0;0m[38;2;242;240;236m([48;2;0;0;0m[38;2;242;119;122maddict[48;2;0;0;0m[38;2;242;240;236m.[48;2;0;0;0m[38;2;242;119;122mId[48;2;0;0;0m[38;2;242;240;236m)[48;2;0;0;0m[38;2;242;240;236m;[48;2;0;0;0m[38;2;242;240;236m
          39  [48;2;0;0;0m[38;2;242;240;236m            [48;2;0;0;0m[38;2;102;153;204mSyncFromSurvivor[48;2;0;0;0m[38;2;242;240;236m([48;2;0;0;0m[38;2;242;119;122maddict[48;2;0;0;0m[38;2;242;240;236m,[48;2;0;0;0m[38;2;242;240;236m [48;2;0;0;0m[38;2;242;119;122mstate[48;2;0;0;0m[38;2;242;240;236m)[48;2;0;0;0m[38;2;242;240;236m;[48;2;0;0;0m[38;2;242;240;236m
          40  [48;2;0;0;0m[38;2;242;240;236m            [48;2;0;0;0m[38;2;204;153;204mif[48;2;0;0;0m[38;2;242;240;236m [48;2;0;0;0m[38;2;242;240;236m([48;2;0;0;0m[38;2;211;208;200m![48;2;0;0;0m[38;2;242;119;122mstate[48;2;0;0;0m[38;2;242;240;236m.[48;2;0;0;0m[38;2;242;119;122mQuestActive[48;2;0;0;0m[38;2;242;240;236m)[48;2;0;0;0m[38;2;242;240;236m [48;2;0;0;0m[38;2;204;153;204mreturn[48;2;0;0;0m[38;2;242;240;236m;[48;2;0;0;0m[38;2;242;240;236m
              [hid 19 additional lines]
        also found at Assets/_Game/Survivors/PersonalQuestSystem.cs

    Found 19 lines of similar code in 16 locations (mass = 118)

         141  [48;2;0;0;0m[38;2;242;240;236m        [48;2;0;0;0m[38;2;204;153;204mpublic[48;2;0;0;0m[38;2;242;240;236m [48;2;0;0;0m[38;2;204;153;204mvoid[48;2;0;0;0m[38;2;242;240;236m [48;2;0;0;0m[38;2;102;153;204mRecordSepsisSurvived[48;2;0;0;0m[38;2;242;240;236m([48;2;0;0;0m[38;2;242;240;236m
         142  [48;2;0;0;0m[38;2;242;240;236m            [48;2;0;0;0m[38;2;242;240;236mSurvivor[48;2;0;0;0m[38;2;242;240;236m [48;2;0;0;0m[38;2;242;119;122mhypo[48;2;0;0;0m[38;2;242;240;236m,[48;2;0;0;0m[38;2;242;240;236m
         143  [48;2;0;0;0m[38;2;242;240;236m            [48;2;0;0;0m[38;2;204;153;204mbool[48;2;0;0;0m[38;2;242;240;236m [48;2;0;0;0m[38;2;242;119;122mcontractedSepsis[48;2;0;0;0m[38;2;242;240;236m,[48;2;0;0;0m[38;2;242;240;236m
         144  [48;2;0;0;0m[38;2;242;240;236m            [48;2;0;0;0m[38;2;204;153;204mbool[48;2;0;0;0m[38;2;242;240;236m [48;2;0;0;0m[38;2;242;119;122msurvived[48;2;0;0;0m[38;2;242;240;236m,[48;2;0;0;0m[38;2;242;240;236m
         145  [48;2;0;0;0m[38;2;242;240;236m            [48;2;0;0;0m[38;2;204;153;204mint[48;2;0;0;0m[38;2;242;240;236m [48;2;0;0;0m[38;2;242;119;122mcurrentDay[48;2;0;0;0m[38;2;242;240;236m [48;2;0;0;0m[38;2;211;208;200m=[48;2;0;0;0m[38;2;242;240;236m [48;2;0;0;0m[38;2;249;145;87m0[48;2;0;0;0m[38;2;242;240;236m)[48;2;0;0;0m[38;2;242;240;236m
         146  [48;2;0;0;0m[38;2;242;240;236m        [48;2;0;0;0m[38;2;242;240;236m{[48;2;0;0;0m[38;2;242;240;236m
              [hid 13 additional lines]
        also found at Assets/_Game/Survivors/PersonalQuestSystem.CivilWar.cs
        also found at Assets/_Game/Survivors/PersonalQuestSystem.CivilWar.cs
        also found at Assets/_Game/Survivors/PersonalQuestSystem.CivilWar.cs
        also found at Assets/_Game/Survivors/PersonalQuestSystem.Titles.cs
        also found at Assets/_Game/Survivors/PersonalQuestSystem.Titles.cs
        also found at Assets/_Game/Survivors/PersonalQuestSystem.Chemistry.cs
        also found at Assets/_Game/Survivors/PersonalQuestSystem.Rebuilders.cs
        also found at Assets/_Game/Survivors/PersonalQuestSystem.Rebuilders.cs
        also found at Assets/_Game/Survivors/PersonalQuestSystem.Ashes.cs
        also found at Assets/_Game/Survivors/PersonalQuestSystem.Ashes.cs
        also found at Assets/_Game/Survivors/PersonalQuestSystem.Ashes.cs
        also found at Assets/_Game/Survivors/PersonalQuestSystem.Ashes.cs
        also found at Assets/_Game/Survivors/PersonalQuestSystem.Ashes.cs
        also found at Assets/_Game/Survivors/PersonalQuestSystem.cs
        also found at Assets/_Game/Survivors/PersonalQuestSystem.cs

    Found 19 lines of similar code in 16 locations (mass = 118)

         327  [48;2;0;0;0m[38;2;242;240;236m        [48;2;0;0;0m[38;2;204;153;204mpublic[48;2;0;0;0m[38;2;242;240;236m [48;2;0;0;0m[38;2;204;153;204mvoid[48;2;0;0;0m[38;2;242;240;236m [48;2;0;0;0m[38;2;102;153;204mRecordHatchDestroyedRaidSurvived[48;2;0;0;0m[38;2;242;240;236m([48;2;0;0;0m[38;2;242;240;236m
         328  [48;2;0;0;0m[38;2;242;240;236m            [48;2;0;0;0m[38;2;242;240;236mSurvivor[48;2;0;0;0m[38;2;242;240;236m [48;2;0;0;0m[38;2;242;119;122mprepper[48;2;0;0;0m[38;2;242;240;236m,[48;2;0;0;0m[38;2;242;240;236m
         329  [48;2;0;0;0m[38;2;242;240;236m            [48;2;0;0;0m[38;2;204;153;204mbool[48;2;0;0;0m[38;2;242;240;236m [48;2;0;0;0m[38;2;242;119;122mhatchDestroyed[48;2;0;0;0m[38;2;242;240;236m,[48;2;0;0;0m[38;2;242;240;236m
         330  [48;2;0;0;0m[38;2;242;240;236m            [48;2;0;0;0m[38;2;204;153;204mbool[48;2;0;0;0m[38;2;242;240;236m [48;2;0;0;0m[38;2;242;119;122msurvived[48;2;0;0;0m[38;2;242;240;236m,[48;2;0;0;0m[38;2;242;240;236m
         331  [48;2;0;0;0m[38;2;242;240;236m            [48;2;0;0;0m[38;2;204;153;204mint[48;2;0;0;0m[38;2;242;240;236m [48;2;0;0;0m[38;2;242;119;122mcurrentDay[48;2;0;0;0m[38;2;242;240;236m [48;2;0;0;0m[38;2;211;208;200m=[48;2;0;0;0m[38;2;242;240;236m [48;2;0;0;0m[38;2;249;145;87m0[48;2;0;0;0m[38;2;242;240;236m)[48;2;0;0;0m[38;2;242;240;236m
         332  [48;2;0;0;0m[38;2;242;240;236m        [48;2;0;0;0m[38;2;242;240;236m{[48;2;0;0;0m[38;2;242;240;236m
              [hid 13 additional lines]
        also found at Assets/_Game/Survivors/PersonalQuestSystem.CivilWar.cs
        also found at Assets/_Game/Survivors/PersonalQuestSystem.CivilWar.cs
        also found at Assets/_Game/Survivors/PersonalQuestSystem.CivilWar.cs
        also found at Assets/_Game/Survivors/PersonalQuestSystem.Titles.cs
        also found at Assets/_Game/Survivors/PersonalQuestSystem.Titles.cs
        also found at Assets/_Game/Survivors/PersonalQuestSystem.Chemistry.cs
        also found at Assets/_Game/Survivors/PersonalQuestSystem.Rebuilders.cs
        also found at Assets/_Game/Survivors/PersonalQuestSystem.Rebuilders.cs
        also found at Assets/_Game/Survivors/PersonalQuestSystem.Ashes.cs
        also found at Assets/_Game/Survivors/PersonalQuestSystem.Ashes.cs
        also found at Assets/_Game/Survivors/PersonalQuestSystem.Ashes.cs
        also found at Assets/_Game/Survivors/PersonalQuestSystem.Ashes.cs
        also found at Assets/_Game/Survivors/PersonalQuestSystem.Ashes.cs
        also found at Assets/_Game/Survivors/PersonalQuestSystem.cs
        also found at Assets/_Game/Survivors/PersonalQuestSystem.cs

    Found 16 lines of similar code in 4 locations (mass = 122)

         193  [48;2;0;0;0m[38;2;242;240;236m        [48;2;0;0;0m[38;2;204;153;204mpublic[48;2;0;0;0m[38;2;242;240;236m [48;2;0;0;0m[38;2;204;153;204mvoid[48;2;0;0;0m[38;2;242;240;236m [48;2;0;0;0m[38;2;102;153;204mRecordBunkerFireExtinguished[48;2;0;0;0m[38;2;242;240;236m([48;2;0;0;0m[38;2;242;240;236mSurvivor[48;2;0;0;0m[38;2;242;240;236m [48;2;0;0;0m[38;2;242;119;122mpyro[48;2;0;0;0m[38;2;242;240;236m,[48;2;0;0;0m[38;2;242;240;236m [48;2;0;0;0m[38;2;204;153;204mint[48;2;0;0;0m[38;2;242;240;236m [48;2;0;0;0m[38;2;242;119;122mcurrentDay[48;2;0;0;0m[38;2;242;240;236m [48;2;0;0;0m[38;2;211;208;200m=[48;2;0;0;0m[38;2;242;240;236m [48;2;0;0;0m[38;2;249;145;87m0[48;2;0;0;0m[38;2;242;240;236m)[48;2;0;0;0m[38;2;242;240;236m
         194  [48;2;0;0;0m[38;2;242;240;236m        [48;2;0;0;0m[38;2;242;240;236m{[48;2;0;0;0m[38;2;242;240;236m
         195  [48;2;0;0;0m[38;2;242;240;236m            [48;2;0;0;0m[38;2;204;153;204mif[48;2;0;0;0m[38;2;242;240;236m [48;2;0;0;0m[38;2;242;240;236m([48;2;0;0;0m[38;2;242;119;122mpyro[48;2;0;0;0m[38;2;242;240;236m [48;2;0;0;0m[38;2;211;208;200m==[48;2;0;0;0m[38;2;242;240;236m [48;2;0;0;0m[38;2;249;145;87mnull[48;2;0;0;0m[38;2;242;240;236m [48;2;0;0;0m[38;2;211;208;200m||[48;2;0;0;0m[38;2;242;240;236m [48;2;0;0;0m[38;2;211;208;200m![48;2;0;0;0m[38;2;242;119;122mpyro[48;2;0;0;0m[38;2;242;240;236m.[48;2;0;0;0m[38;2;242;119;122mIsAlive[48;2;0;0;0m[38;2;242;240;236m)[48;2;0;0;0m[38;2;242;240;236m [48;2;0;0;0m[38;2;204;153;204mreturn[48;2;0;0;0m[38;2;242;240;236m;[48;2;0;0;0m[38;2;242;240;236m
         196  [48;2;0;0;0m[38;2;242;240;236m            [48;2;0;0;0m[38;2;204;153;204mvar[48;2;0;0;0m[38;2;242;240;236m [48;2;0;0;0m[38;2;242;119;122mstate[48;2;0;0;0m[38;2;242;240;236m [48;2;0;0;0m[38;2;211;208;200m=[48;2;0;0;0m[38;2;242;240;236m [48;2;0;0;0m[38;2;102;153;204mGetOrCreate[48;2;0;0;0m[38;2;242;240;236m([48;2;0;0;0m[38;2;242;119;122mpyro[48;2;0;0;0m[38;2;242;240;236m.[48;2;0;0;0m[38;2;242;119;122mId[48;2;0;0;0m[38;2;242;240;236m)[48;2;0;0;0m[38;2;242;240;236m;[48;2;0;0;0m[38;2;242;240;236m
         197  [48;2;0;0;0m[38;2;242;240;236m            [48;2;0;0;0m[38;2;102;153;204mSyncFromSurvivor[48;2;0;0;0m[38;2;242;240;236m([48;2;0;0;0m[38;2;242;119;122mpyro[48;2;0;0;0m[38;2;242;240;236m,[48;2;0;0;0m[38;2;242;240;236m [48;2;0;0;0m[38;2;242;119;122mstate[48;2;0;0;0m[38;2;242;240;236m)[48;2;0;0;0m[38;2;242;240;236m;[48;2;0;0;0m[38;2;242;240;236m
         198  [48;2;0;0;0m[38;2;242;240;236m            [48;2;0;0;0m[38;2;204;153;204mif[48;2;0;0;0m[38;2;242;240;236m [48;2;0;0;0m[38;2;242;240;236m([48;2;0;0;0m[38;2;211;208;200m![48;2;0;0;0m[38;2;242;119;122mstate[48;2;0;0;0m[38;2;242;240;236m.[48;2;0;0;0m[38;2;242;119;122mQuestActive[48;2;0;0;0m[38;2;242;240;236m)[48;2;0;0;0m[38;2;242;240;236m [48;2;0;0;0m[38;2;204;153;204mreturn[48;2;0;0;0m[38;2;242;240;236m;[48;2;0;0;0m[38;2;242;240;236m
              [hid 10 additional lines]
        also found at Assets/_Game/Survivors/PersonalQuestSystem.cs
        also found at Assets/_Game/Survivors/PersonalQuestSystem.cs
        also found at Assets/_Game/Survivors/PersonalQuestSystem.cs


Assets/_Game/Survivors/PersonalQuestSystem.CivilWar.cs
    High total complexity (count = 135)

           1  [48;2;0;0;0m[38;2;204;153;204musing[48;2;0;0;0m[38;2;211;208;200m [48;2;0;0;0m[38;2;211;208;200mSystem[48;2;0;0;0m[38;2;211;208;200m;[48;2;0;0;0m[38;2;211;208;200m
           2  [48;2;0;0;0m[38;2;204;153;204musing[48;2;0;0;0m[38;2;211;208;200m [48;2;0;0;0m[38;2;211;208;200mSystem[48;2;0;0;0m[38;2;211;208;200m.[48;2;0;0;0m[38;2;211;208;200mCollections[48;2;0;0;0m[38;2;211;208;200m.[48;2;0;0;0m[38;2;211;208;200mGeneric[48;2;0;0;0m[38;2;211;208;200m;[48;2;0;0;0m[38;2;211;208;200m
           3  [48;2;0;0;0m[38;2;204;153;204musing[48;2;0;0;0m[38;2;211;208;200m [48;2;0;0;0m[38;2;211;208;200mUnityEngine[48;2;0;0;0m[38;2;211;208;200m;[48;2;0;0;0m[38;2;211;208;200m
           4  [48;2;0;0;0m[38;2;211;208;200m
           5  [48;2;0;0;0m[38;2;204;153;204mnamespace[48;2;0;0;0m[38;2;211;208;200m [48;2;0;0;0m[38;2;211;208;200mAtomicWar[48;2;0;0;0m[38;2;211;208;200m.[48;2;0;0;0m[38;2;211;208;200m_Game[48;2;0;0;0m[38;2;211;208;200m.[48;2;0;0;0m[38;2;211;208;200mSurvivors[48;2;0;0;0m[38;2;211;208;200m
           6  [48;2;0;0;0m[38;2;211;208;200m{[48;2;0;0;0m[38;2;211;208;200m
              [hid 670 additional lines]

    Found 19 lines of similar code in 16 locations (mass = 118)

          51  [48;2;0;0;0m[38;2;242;240;236m        [48;2;0;0;0m[38;2;204;153;204mpublic[48;2;0;0;0m[38;2;242;240;236m [48;2;0;0;0m[38;2;204;153;204mvoid[48;2;0;0;0m[38;2;242;240;236m [48;2;0;0;0m[38;2;102;153;204mRecordHitSquadWiped[48;2;0;0;0m[38;2;242;240;236m([48;2;0;0;0m[38;2;242;240;236m
          52  [48;2;0;0;0m[38;2;242;240;236m            [48;2;0;0;0m[38;2;242;240;236mSurvivor[48;2;0;0;0m[38;2;242;240;236m [48;2;0;0;0m[38;2;242;119;122mgeneral[48;2;0;0;0m[38;2;242;240;236m,[48;2;0;0;0m[38;2;242;240;236m
          53  [48;2;0;0;0m[38;2;242;240;236m            [48;2;0;0;0m[38;2;204;153;204mbool[48;2;0;0;0m[38;2;242;240;236m [48;2;0;0;0m[38;2;242;119;122mtargetedAtGeneral[48;2;0;0;0m[38;2;242;240;236m,[48;2;0;0;0m[38;2;242;240;236m
          54  [48;2;0;0;0m[38;2;242;240;236m            [48;2;0;0;0m[38;2;204;153;204mbool[48;2;0;0;0m[38;2;242;240;236m [48;2;0;0;0m[38;2;242;119;122msquadWiped[48;2;0;0;0m[38;2;242;240;236m,[48;2;0;0;0m[38;2;242;240;236m
          55  [48;2;0;0;0m[38;2;242;240;236m            [48;2;0;0;0m[38;2;204;153;204mint[48;2;0;0;0m[38;2;242;240;236m [48;2;0;0;0m[38;2;242;119;122mcurrentDay[48;2;0;0;0m[38;2;242;240;236m [48;2;0;0;0m[38;2;211;208;200m=[48;2;0;0;0m[38;2;242;240;236m [48;2;0;0;0m[38;2;249;145;87m0[48;2;0;0;0m[38;2;242;240;236m)[48;2;0;0;0m[38;2;242;240;236m
          56  [48;2;0;0;0m[38;2;242;240;236m        [48;2;0;0;0m[38;2;242;240;236m{[48;2;0;0;0m[38;2;242;240;236m
              [hid 13 additional lines]
        also found at Assets/_Game/Survivors/PersonalQuestSystem.CivilWar.cs
        also found at Assets/_Game/Survivors/PersonalQuestSystem.CivilWar.cs
        also found at Assets/_Game/Survivors/PersonalQuestSystem.Titles.cs
        also found at Assets/_Game/Survivors/PersonalQuestSystem.Titles.cs
        also found at Assets/_Game/Survivors/PersonalQuestSystem.Chemistry.cs
        also found at Assets/_Game/Survivors/PersonalQuestSystem.Chemistry.cs
        also found at Assets/_Game/Survivors/PersonalQuestSystem.Rebuilders.cs
        also found at Assets/_Game/Survivors/PersonalQuestSystem.Rebuilders.cs
        also found at Assets/_Game/Survivors/PersonalQuestSystem.Ashes.cs
        also found at Assets/_Game/Survivors/PersonalQuestSystem.Ashes.cs
        also found at Assets/_Game/Survivors/PersonalQuestSystem.Ashes.cs
        also found at Assets/_Game/Survivors/PersonalQuestSystem.Ashes.cs
        also found at Assets/_Game/Survivors/PersonalQuestSystem.Ashes.cs
        also found at Assets/_Game/Survivors/PersonalQuestSystem.cs
        also found at Assets/_Game/Survivors/PersonalQuestSystem.cs

    Found 19 lines of similar code in 16 locations (mass = 118)

         485  [48;2;0;0;0m[38;2;242;240;236m        [48;2;0;0;0m[38;2;204;153;204mpublic[48;2;0;0;0m[38;2;242;240;236m [48;2;0;0;0m[38;2;204;153;204mvoid[48;2;0;0;0m[38;2;242;240;236m [48;2;0;0;0m[38;2;102;153;204mRecordSurvivedAcuteRadiationSyndrome[48;2;0;0;0m[38;2;242;240;236m([48;2;0;0;0m[38;2;242;240;236m
         486  [48;2;0;0;0m[38;2;242;240;236m            [48;2;0;0;0m[38;2;242;240;236mSurvivor[48;2;0;0;0m[38;2;242;240;236m [48;2;0;0;0m[38;2;242;119;122mpolly[48;2;0;0;0m[38;2;242;240;236m,[48;2;0;0;0m[38;2;242;240;236m
         487  [48;2;0;0;0m[38;2;242;240;236m            [48;2;0;0;0m[38;2;204;153;204mbool[48;2;0;0;0m[38;2;242;240;236m [48;2;0;0;0m[38;2;242;119;122mcontractedArs[48;2;0;0;0m[38;2;242;240;236m,[48;2;0;0;0m[38;2;242;240;236m
         488  [48;2;0;0;0m[38;2;242;240;236m            [48;2;0;0;0m[38;2;204;153;204mbool[48;2;0;0;0m[38;2;242;240;236m [48;2;0;0;0m[38;2;242;119;122msurvived[48;2;0;0;0m[38;2;242;240;236m,[48;2;0;0;0m[38;2;242;240;236m
         489  [48;2;0;0;0m[38;2;242;240;236m            [48;2;0;0;0m[38;2;204;153;204mint[48;2;0;0;0m[38;2;242;240;236m [48;2;0;0;0m[38;2;242;119;122mcurrentDay[48;2;0;0;0m[38;2;242;240;236m [48;2;0;0;0m[38;2;211;208;200m=[48;2;0;0;0m[38;2;242;240;236m [48;2;0;0;0m[38;2;249;145;87m0[48;2;0;0;0m[38;2;242;240;236m)[48;2;0;0;0m[38;2;242;240;236m
         490  [48;2;0;0;0m[38;2;242;240;236m        [48;2;0;0;0m[38;2;242;240;236m{[48;2;0;0;0m[38;2;242;240;236m
              [hid 13 additional lines]
        also found at Assets/_Game/Survivors/PersonalQuestSystem.CivilWar.cs
        also found at Assets/_Game/Survivors/PersonalQuestSystem.CivilWar.cs
        also found at Assets/_Game/Survivors/PersonalQuestSystem.Titles.cs
        also found at Assets/_Game/Survivors/PersonalQuestSystem.Titles.cs
        also found at Assets/_Game/Survivors/PersonalQuestSystem.Chemistry.cs
        also found at Assets/_Game/Survivors/PersonalQuestSystem.Chemistry.cs
        also found at Assets/_Game/Survivors/PersonalQuestSystem.Rebuilders.cs
        also found at Assets/_Game/Survivors/PersonalQuestSystem.Rebuilders.cs
        also found at Assets/_Game/Survivors/PersonalQuestSystem.Ashes.cs
        also found at Assets/_Game/Survivors/PersonalQuestSystem.Ashes.cs
        also found at Assets/_Game/Survivors/PersonalQuestSystem.Ashes.cs
        also found at Assets/_Game/Survivors/PersonalQuestSystem.Ashes.cs
        also found at Assets/_Game/Survivors/PersonalQuestSystem.Ashes.cs
        also found at Assets/_Game/Survivors/PersonalQuestSystem.cs
        also found at Assets/_Game/Survivors/PersonalQuestSystem.cs

    Found 19 lines of similar code in 16 locations (mass = 118)

         565  [48;2;0;0;0m[38;2;242;240;236m        [48;2;0;0;0m[38;2;204;153;204mpublic[48;2;0;0;0m[38;2;242;240;236m [48;2;0;0;0m[38;2;204;153;204mvoid[48;2;0;0;0m[38;2;242;240;236m [48;2;0;0;0m[38;2;102;153;204mRecordTookLethalPhase2ForOther[48;2;0;0;0m[38;2;242;240;236m([48;2;0;0;0m[38;2;242;240;236m
         566  [48;2;0;0;0m[38;2;242;240;236m            [48;2;0;0;0m[38;2;242;240;236mSurvivor[48;2;0;0;0m[38;2;242;240;236m [48;2;0;0;0m[38;2;242;119;122mmartyr[48;2;0;0;0m[38;2;242;240;236m,[48;2;0;0;0m[38;2;242;240;236m
         567  [48;2;0;0;0m[38;2;242;240;236m            [48;2;0;0;0m[38;2;204;153;204mbool[48;2;0;0;0m[38;2;242;240;236m [48;2;0;0;0m[38;2;242;119;122mviaEventChoice[48;2;0;0;0m[38;2;242;240;236m,[48;2;0;0;0m[38;2;242;240;236m
         568  [48;2;0;0;0m[38;2;242;240;236m            [48;2;0;0;0m[38;2;204;153;204mbool[48;2;0;0;0m[38;2;242;240;236m [48;2;0;0;0m[38;2;242;119;122misPhase2Lethal[48;2;0;0;0m[38;2;242;240;236m,[48;2;0;0;0m[38;2;242;240;236m
         569  [48;2;0;0;0m[38;2;242;240;236m            [48;2;0;0;0m[38;2;204;153;204mint[48;2;0;0;0m[38;2;242;240;236m [48;2;0;0;0m[38;2;242;119;122mcurrentDay[48;2;0;0;0m[38;2;242;240;236m [48;2;0;0;0m[38;2;211;208;200m=[48;2;0;0;0m[38;2;242;240;236m [48;2;0;0;0m[38;2;249;145;87m0[48;2;0;0;0m[38;2;242;240;236m)[48;2;0;0;0m[38;2;242;240;236m
         570  [48;2;0;0;0m[38;2;242;240;236m        [48;2;0;0;0m[38;2;242;240;236m{[48;2;0;0;0m[38;2;242;240;236m
              [hid 13 additional lines]
        also found at Assets/_Game/Survivors/PersonalQuestSystem.CivilWar.cs
        also found at Assets/_Game/Survivors/PersonalQuestSystem.CivilWar.cs
        also found at Assets/_Game/Survivors/PersonalQuestSystem.Titles.cs
        also found at Assets/_Game/Survivors/PersonalQuestSystem.Titles.cs
        also found at Assets/_Game/Survivors/PersonalQuestSystem.Chemistry.cs
        also found at Assets/_Game/Survivors/PersonalQuestSystem.Chemistry.cs
        also found at Assets/_Game/Survivors/PersonalQuestSystem.Rebuilders.cs
        also found at Assets/_Game/Survivors/PersonalQuestSystem.Rebuilders.cs
        also found at Assets/_Game/Survivors/PersonalQuestSystem.Ashes.cs
        also found at Assets/_Game/Survivors/PersonalQuestSystem.Ashes.cs
        also found at Assets/_Game/Survivors/PersonalQuestSystem.Ashes.cs
        also found at Assets/_Game/Survivors/PersonalQuestSystem.Ashes.cs
        also found at Assets/_Game/Survivors/PersonalQuestSystem.Ashes.cs
        also found at Assets/_Game/Survivors/PersonalQuestSystem.cs
        also found at Assets/_Game/Survivors/PersonalQuestSystem.cs

    Found 20 lines of similar code in 2 locations (mass = 123)

         153  [48;2;0;0;0m[38;2;242;240;236m        [48;2;0;0;0m[38;2;204;153;204mpublic[48;2;0;0;0m[38;2;242;240;236m [48;2;0;0;0m[38;2;204;153;204mvoid[48;2;0;0;0m[38;2;242;240;236m [48;2;0;0;0m[38;2;102;153;204mRecordRaidDefenseWithoutFleeing[48;2;0;0;0m[38;2;242;240;236m([48;2;0;0;0m[38;2;242;240;236m
         154  [48;2;0;0;0m[38;2;242;240;236m            [48;2;0;0;0m[38;2;242;240;236mSurvivor[48;2;0;0;0m[38;2;242;240;236m [48;2;0;0;0m[38;2;242;119;122mdeserter[48;2;0;0;0m[38;2;242;240;236m,[48;2;0;0;0m[38;2;242;240;236m
         155  [48;2;0;0;0m[38;2;242;240;236m            [48;2;0;0;0m[38;2;204;153;204mbool[48;2;0;0;0m[38;2;242;240;236m [48;2;0;0;0m[38;2;242;119;122mraidSurvived[48;2;0;0;0m[38;2;242;240;236m,[48;2;0;0;0m[38;2;242;240;236m
         156  [48;2;0;0;0m[38;2;242;240;236m            [48;2;0;0;0m[38;2;204;153;204mbool[48;2;0;0;0m[38;2;242;240;236m [48;2;0;0;0m[38;2;242;119;122mfled[48;2;0;0;0m[38;2;242;240;236m,[48;2;0;0;0m[38;2;242;240;236m
         157  [48;2;0;0;0m[38;2;242;240;236m            [48;2;0;0;0m[38;2;204;153;204mbool[48;2;0;0;0m[38;2;242;240;236m [48;2;0;0;0m[38;2;242;119;122mdefendedHatch[48;2;0;0;0m[38;2;242;240;236m,[48;2;0;0;0m[38;2;242;240;236m
         158  [48;2;0;0;0m[38;2;242;240;236m            [48;2;0;0;0m[38;2;204;153;204mint[48;2;0;0;0m[38;2;242;240;236m [48;2;0;0;0m[38;2;242;119;122mcurrentDay[48;2;0;0;0m[38;2;242;240;236m [48;2;0;0;0m[38;2;211;208;200m=[48;2;0;0;0m[38;2;242;240;236m [48;2;0;0;0m[38;2;249;145;87m0[48;2;0;0;0m[38;2;242;240;236m)[48;2;0;0;0m[38;2;242;240;236m
              [hid 14 additional lines]
        also found at Assets/_Game/Survivors/PersonalQuestSystem.Ashes.cs


Assets/_Game/Survivors/PersonalQuestSystem.Rebuilders.cs
    Complex binary expression

         857  [48;2;0;0;0m[38;2;242;240;236m            [48;2;0;0;0m[38;2;204;153;204mreturn[48;2;0;0;0m[38;2;242;240;236m [48;2;0;0;0m[38;2;242;119;122mactionId[48;2;0;0;0m[38;2;242;240;236m.[48;2;0;0;0m[38;2;102;153;204mIndexOf[48;2;0;0;0m[38;2;242;240;236m([48;2;0;0;0m[38;2;211;208;200m"[48;2;0;0;0m[38;2;153;204;153mclean[48;2;0;0;0m[38;2;211;208;200m"[48;2;0;0;0m[38;2;242;240;236m,[48;2;0;0;0m[38;2;242;240;236m [48;2;0;0;0m[38;2;242;119;122mStringComparison[48;2;0;0;0m[38;2;242;240;236m.[48;2;0;0;0m[38;2;242;119;122mOrdinalIgnoreCase[48;2;0;0;0m[38;2;242;240;236m)[48;2;0;0;0m[38;2;242;240;236m [48;2;0;0;0m[38;2;211;208;200m>=[48;2;0;0;0m[38;2;242;240;236m [48;2;0;0;0m[38;2;249;145;87m0[48;2;0;0;0m[38;2;242;240;236m
         858  [48;2;0;0;0m[38;2;242;240;236m                   [48;2;0;0;0m[38;2;211;208;200m||[48;2;0;0;0m[38;2;242;240;236m [48;2;0;0;0m[38;2;242;119;122mactionId[48;2;0;0;0m[38;2;242;240;236m.[48;2;0;0;0m[38;2;102;153;204mIndexOf[48;2;0;0;0m[38;2;242;240;236m([48;2;0;0;0m[38;2;211;208;200m"[48;2;0;0;0m[38;2;153;204;153mwaste[48;2;0;0;0m[38;2;211;208;200m"[48;2;0;0;0m[38;2;242;240;236m,[48;2;0;0;0m[38;2;242;240;236m [48;2;0;0;0m[38;2;242;119;122mStringComparison[48;2;0;0;0m[38;2;242;240;236m.[48;2;0;0;0m[38;2;242;119;122mOrdinalIgnoreCase[48;2;0;0;0m[38;2;242;240;236m)[48;2;0;0;0m[38;2;242;240;236m [48;2;0;0;0m[38;2;211;208;200m>=[48;2;0;0;0m[38;2;242;240;236m [48;2;0;0;0m[38;2;249;145;87m0[48;2;0;0;0m[38;2;242;240;236m

    Complex binary expression

         867  [48;2;0;0;0m[38;2;242;240;236m            [48;2;0;0;0m[38;2;204;153;204mreturn[48;2;0;0;0m[38;2;242;240;236m [48;2;0;0;0m[38;2;242;119;122mactionId[48;2;0;0;0m[38;2;242;240;236m.[48;2;0;0;0m[38;2;102;153;204mIndexOf[48;2;0;0;0m[38;2;242;240;236m([48;2;0;0;0m[38;2;211;208;200m"[48;2;0;0;0m[38;2;153;204;153mfarm[48;2;0;0;0m[38;2;211;208;200m"[48;2;0;0;0m[38;2;242;240;236m,[48;2;0;0;0m[38;2;242;240;236m [48;2;0;0;0m[38;2;242;119;122mStringComparison[48;2;0;0;0m[38;2;242;240;236m.[48;2;0;0;0m[38;2;242;119;122mOrdinalIgnoreCase[48;2;0;0;0m[38;2;242;240;236m)[48;2;0;0;0m[38;2;242;240;236m [48;2;0;0;0m[38;2;211;208;200m>=[48;2;0;0;0m[38;2;242;240;236m [48;2;0;0;0m[38;2;249;145;87m0[48;2;0;0;0m[38;2;242;240;236m
         868  [48;2;0;0;0m[38;2;242;240;236m                   [48;2;0;0;0m[38;2;211;208;200m||[48;2;0;0;0m[38;2;242;240;236m [48;2;0;0;0m[38;2;242;119;122mactionId[48;2;0;0;0m[38;2;242;240;236m.[48;2;0;0;0m[38;2;102;153;204mIndexOf[48;2;0;0;0m[38;2;242;240;236m([48;2;0;0;0m[38;2;211;208;200m"[48;2;0;0;0m[38;2;153;204;153mplant[48;2;0;0;0m[38;2;211;208;200m"[48;2;0;0;0m[38;2;242;240;236m,[48;2;0;0;0m[38;2;242;240;236m [48;2;0;0;0m[38;2;242;119;122mStringComparison[48;2;0;0;0m[38;2;242;240;236m.[48;2;0;0;0m[38;2;242;119;122mOrdinalIgnoreCase[48;2;0;0;0m[38;2;242;240;236m)[48;2;0;0;0m[38;2;242;240;236m [48;2;0;0;0m[38;2;211;208;200m>=[48;2;0;0;0m[38;2;242;240;236m [48;2;0;0;0m[38;2;249;145;87m0[48;2;0;0;0m[38;2;242;240;236m

    Complex binary expression

         877  [48;2;0;0;0m[38;2;242;240;236m            [48;2;0;0;0m[38;2;204;153;204mreturn[48;2;0;0;0m[38;2;242;240;236m [48;2;0;0;0m[38;2;242;119;122mactionId[48;2;0;0;0m[38;2;242;240;236m.[48;2;0;0;0m[38;2;102;153;204mIndexOf[48;2;0;0;0m[38;2;242;240;236m([48;2;0;0;0m[38;2;211;208;200m"[48;2;0;0;0m[38;2;153;204;153mtriage[48;2;0;0;0m[38;2;211;208;200m"[48;2;0;0;0m[38;2;242;240;236m,[48;2;0;0;0m[38;2;242;240;236m [48;2;0;0;0m[38;2;242;119;122mStringComparison[48;2;0;0;0m[38;2;242;240;236m.[48;2;0;0;0m[38;2;242;119;122mOrdinalIgnoreCase[48;2;0;0;0m[38;2;242;240;236m)[48;2;0;0;0m[38;2;242;240;236m [48;2;0;0;0m[38;2;211;208;200m>=[48;2;0;0;0m[38;2;242;240;236m [48;2;0;0;0m[38;2;249;145;87m0[48;2;0;0;0m[38;2;242;240;236m
         878  [48;2;0;0;0m[38;2;242;240;236m                   [48;2;0;0;0m[38;2;211;208;200m||[48;2;0;0;0m[38;2;242;240;236m [48;2;0;0;0m[38;2;242;119;122mactionId[48;2;0;0;0m[38;2;242;240;236m.[48;2;0;0;0m[38;2;102;153;204mIndexOf[48;2;0;0;0m[38;2;242;240;236m([48;2;0;0;0m[38;2;211;208;200m"[48;2;0;0;0m[38;2;153;204;153mtreat[48;2;0;0;0m[38;2;211;208;200m"[48;2;0;0;0m[38;2;242;240;236m,[48;2;0;0;0m[38;2;242;240;236m [48;2;0;0;0m[38;2;242;119;122mStringComparison[48;2;0;0;0m[38;2;242;240;236m.[48;2;0;0;0m[38;2;242;119;122mOrdinalIgnoreCase[48;2;0;0;0m[38;2;242;240;236m)[48;2;0;0;0m[38;2;242;240;236m [48;2;0;0;0m[38;2;211;208;200m>=[48;2;0;0;0m[38;2;242;240;236m [48;2;0;0;0m[38;2;249;145;87m0[48;2;0;0;0m[38;2;242;240;236m
         879  [48;2;0;0;0m[38;2;242;240;236m                   [48;2;0;0;0m[38;2;211;208;200m||[48;2;0;0;0m[38;2;242;240;236m [48;2;0;0;0m[38;2;242;119;122mactionId[48;2;0;0;0m[38;2;242;240;236m.[48;2;0;0;0m[38;2;102;153;204mIndexOf[48;2;0;0;0m[38;2;242;240;236m([48;2;0;0;0m[38;2;211;208;200m"[48;2;0;0;0m[38;2;153;204;153mheal[48;2;0;0;0m[38;2;211;208;200m"[48;2;0;0;0m[38;2;242;240;236m,[48;2;0;0;0m[38;2;242;240;236m [48;2;0;0;0m[38;2;242;119;122mStringComparison[48;2;0;0;0m[38;2;242;240;236m.[48;2;0;0;0m[38;2;242;119;122mOrdinalIgnoreCase[48;2;0;0;0m[38;2;242;240;236m)[48;2;0;0;0m[38;2;242;240;236m [48;2;0;0;0m[38;2;211;208;200m>=[48;2;0;0;0m[38;2;242;240;236m [48;2;0;0;0m[38;2;249;145;87m0[48;2;0;0;0m[38;2;242;240;236m

    High total complexity (count = 185)

           1  [48;2;0;0;0m[38;2;204;153;204musing[48;2;0;0;0m[38;2;211;208;200m [48;2;0;0;0m[38;2;211;208;200mSystem[48;2;0;0;0m[38;2;211;208;200m;[48;2;0;0;0m[38;2;211;208;200m
           2  [48;2;0;0;0m[38;2;204;153;204musing[48;2;0;0;0m[38;2;211;208;200m [48;2;0;0;0m[38;2;211;208;200mSystem[48;2;0;0;0m[38;2;211;208;200m.[48;2;0;0;0m[38;2;211;208;200mCollections[48;2;0;0;0m[38;2;211;208;200m.[48;2;0;0;0m[38;2;211;208;200mGeneric[48;2;0;0;0m[38;2;211;208;200m;[48;2;0;0;0m[38;2;211;208;200m
           3  [48;2;0;0;0m[38;2;204;153;204musing[48;2;0;0;0m[38;2;211;208;200m [48;2;0;0;0m[38;2;211;208;200mUnityEngine[48;2;0;0;0m[38;2;211;208;200m;[48;2;0;0;0m[38;2;211;208;200m
           4  [48;2;0;0;0m[38;2;211;208;200m
           5  [48;2;0;0;0m[38;2;204;153;204mnamespace[48;2;0;0;0m[38;2;211;208;200m [48;2;0;0;0m[38;2;211;208;200mAtomicWar[48;2;0;0;0m[38;2;211;208;200m.[48;2;0;0;0m[38;2;211;208;200m_Game[48;2;0;0;0m[38;2;211;208;200m.[48;2;0;0;0m[38;2;211;208;200mSurvivors[48;2;0;0;0m[38;2;211;208;200m
           6  [48;2;0;0;0m[38;2;211;208;200m{[48;2;0;0;0m[38;2;211;208;200m
              [hid 975 additional lines]

    Found 19 lines of similar code in 2 locations (mass = 121)

         110  [48;2;0;0;0m[38;2;242;240;236m        [48;2;0;0;0m[38;2;204;153;204mpublic[48;2;0;0;0m[38;2;242;240;236m [48;2;0;0;0m[38;2;204;153;204mvoid[48;2;0;0;0m[38;2;242;240;236m [48;2;0;0;0m[38;2;102;153;204mRecordLongHaulOverencumberedRun[48;2;0;0;0m[38;2;242;240;236m([48;2;0;0;0m[38;2;242;240;236m
         111  [48;2;0;0;0m[38;2;242;240;236m            [48;2;0;0;0m[38;2;242;240;236mSurvivor[48;2;0;0;0m[38;2;242;240;236m [48;2;0;0;0m[38;2;242;119;122mdriver[48;2;0;0;0m[38;2;242;240;236m,[48;2;0;0;0m[38;2;242;240;236m
         112  [48;2;0;0;0m[38;2;242;240;236m            [48;2;0;0;0m[38;2;204;153;204mfloat[48;2;0;0;0m[38;2;242;240;236m [48;2;0;0;0m[38;2;242;119;122mencumbranceRatio[48;2;0;0;0m[38;2;242;240;236m,[48;2;0;0;0m[38;2;242;240;236m
         113  [48;2;0;0;0m[38;2;242;240;236m            [48;2;0;0;0m[38;2;204;153;204mbool[48;2;0;0;0m[38;2;242;240;236m [48;2;0;0;0m[38;2;242;119;122mrunCompleted[48;2;0;0;0m[38;2;242;240;236m,[48;2;0;0;0m[38;2;242;240;236m
         114  [48;2;0;0;0m[38;2;242;240;236m            [48;2;0;0;0m[38;2;204;153;204mint[48;2;0;0;0m[38;2;242;240;236m [48;2;0;0;0m[38;2;242;119;122mcurrentDay[48;2;0;0;0m[38;2;242;240;236m [48;2;0;0;0m[38;2;211;208;200m=[48;2;0;0;0m[38;2;242;240;236m [48;2;0;0;0m[38;2;249;145;87m0[48;2;0;0;0m[38;2;242;240;236m)[48;2;0;0;0m[38;2;242;240;236m
         115  [48;2;0;0;0m[38;2;242;240;236m        [48;2;0;0;0m[38;2;242;240;236m{[48;2;0;0;0m[38;2;242;240;236m
              [hid 13 additional lines]
        also found at Assets/_Game/Survivors/PersonalQuestSystem.Ashes.cs

    Found 26 lines of similar code in 2 locations (mass = 200)

         422  [48;2;0;0;0m[38;2;242;240;236m        [48;2;0;0;0m[38;2;204;153;204mpublic[48;2;0;0;0m[38;2;242;240;236m [48;2;0;0;0m[38;2;204;153;204mvoid[48;2;0;0;0m[38;2;242;240;236m [48;2;0;0;0m[38;2;102;153;204mRecordArchiveIntelCollected[48;2;0;0;0m[38;2;242;240;236m([48;2;0;0;0m[38;2;242;240;236m
         423  [48;2;0;0;0m[38;2;242;240;236m            [48;2;0;0;0m[38;2;242;240;236mSurvivor[48;2;0;0;0m[38;2;242;240;236m [48;2;0;0;0m[38;2;242;119;122mlibrarian[48;2;0;0;0m[38;2;242;240;236m,[48;2;0;0;0m[38;2;242;240;236m
         424  [48;2;0;0;0m[38;2;242;240;236m            [48;2;0;0;0m[38;2;204;153;204mstring[48;2;0;0;0m[38;2;242;240;236m [48;2;0;0;0m[38;2;242;119;122mintelId[48;2;0;0;0m[38;2;242;240;236m,[48;2;0;0;0m[38;2;242;240;236m
         425  [48;2;0;0;0m[38;2;242;240;236m            [48;2;0;0;0m[38;2;204;153;204mint[48;2;0;0;0m[38;2;242;240;236m [48;2;0;0;0m[38;2;242;119;122mcurrentDay[48;2;0;0;0m[38;2;242;240;236m [48;2;0;0;0m[38;2;211;208;200m=[48;2;0;0;0m[38;2;242;240;236m [48;2;0;0;0m[38;2;249;145;87m0[48;2;0;0;0m[38;2;242;240;236m)[48;2;0;0;0m[38;2;242;240;236m
         426  [48;2;0;0;0m[38;2;242;240;236m        [48;2;0;0;0m[38;2;242;240;236m{[48;2;0;0;0m[38;2;242;240;236m
         427  [48;2;0;0;0m[38;2;242;240;236m            [48;2;0;0;0m[38;2;204;153;204mif[48;2;0;0;0m[38;2;242;240;236m [48;2;0;0;0m[38;2;242;240;236m([48;2;0;0;0m[38;2;242;119;122mlibrarian[48;2;0;0;0m[38;2;242;240;236m [48;2;0;0;0m[38;2;211;208;200m==[48;2;0;0;0m[38;2;242;240;236m [48;2;0;0;0m[38;2;249;145;87mnull[48;2;0;0;0m[38;2;242;240;236m [48;2;0;0;0m[38;2;211;208;200m||[48;2;0;0;0m[38;2;242;240;236m [48;2;0;0;0m[38;2;211;208;200m![48;2;0;0;0m[38;2;242;119;122mlibrarian[48;2;0;0;0m[38;2;242;240;236m.[48;2;0;0;0m[38;2;242;119;122mIsAlive[48;2;0;0;0m[38;2;242;240;236m [48;2;0;0;0m[38;2;211;208;200m||[48;2;0;0;0m[38;2;242;240;236m [48;2;0;0;0m[38;2;204;153;204mstring[48;2;0;0;0m[38;2;242;240;236m.[48;2;0;0;0m[38;2;102;153;204mIsNullOrEmpty[48;2;0;0;0m[38;2;242;240;236m([48;2;0;0;0m[38;2;242;119;122mintelId[48;2;0;0;0m[38;2;242;240;236m)[48;2;0;0;0m[38;2;242;240;236m)[48;2;0;0;0m[38;2;242;240;236m [48;2;0;0;0m[38;2;204;153;204mreturn[48;2;0;0;0m[38;2;242;240;236m;[48;2;0;0;0m[38;2;242;240;236m
              [hid 20 additional lines]
        also found at Assets/_Game/Survivors/PersonalQuestSystem.cs

    Found 19 lines of similar code in 16 locations (mass = 118)

         685  [48;2;0;0;0m[38;2;242;240;236m        [48;2;0;0;0m[38;2;204;153;204mpublic[48;2;0;0;0m[38;2;242;240;236m [48;2;0;0;0m[38;2;204;153;204mvoid[48;2;0;0;0m[38;2;242;240;236m [48;2;0;0;0m[38;2;102;153;204mRecordLastContractAssassination[48;2;0;0;0m[38;2;242;240;236m([48;2;0;0;0m[38;2;242;240;236m
         686  [48;2;0;0;0m[38;2;242;240;236m            [48;2;0;0;0m[38;2;242;240;236mSurvivor[48;2;0;0;0m[38;2;242;240;236m [48;2;0;0;0m[38;2;242;119;122mhitman[48;2;0;0;0m[38;2;242;240;236m,[48;2;0;0;0m[38;2;242;240;236m
         687  [48;2;0;0;0m[38;2;242;240;236m            [48;2;0;0;0m[38;2;204;153;204mbool[48;2;0;0;0m[38;2;242;240;236m [48;2;0;0;0m[38;2;242;119;122mwasFactionLeader[48;2;0;0;0m[38;2;242;240;236m,[48;2;0;0;0m[38;2;242;240;236m
         688  [48;2;0;0;0m[38;2;242;240;236m            [48;2;0;0;0m[38;2;204;153;204mbool[48;2;0;0;0m[38;2;242;240;236m [48;2;0;0;0m[38;2;242;119;122massassinated[48;2;0;0;0m[38;2;242;240;236m,[48;2;0;0;0m[38;2;242;240;236m
         689  [48;2;0;0;0m[38;2;242;240;236m            [48;2;0;0;0m[38;2;204;153;204mint[48;2;0;0;0m[38;2;242;240;236m [48;2;0;0;0m[38;2;242;119;122mcurrentDay[48;2;0;0;0m[38;2;242;240;236m [48;2;0;0;0m[38;2;211;208;200m=[48;2;0;0;0m[38;2;242;240;236m [48;2;0;0;0m[38;2;249;145;87m0[48;2;0;0;0m[38;2;242;240;236m)[48;2;0;0;0m[38;2;242;240;236m
         690  [48;2;0;0;0m[38;2;242;240;236m        [48;2;0;0;0m[38;2;242;240;236m{[48;2;0;0;0m[38;2;242;240;236m
              [hid 13 additional lines]
        also found at Assets/_Game/Survivors/PersonalQuestSystem.CivilWar.cs
        also found at Assets/_Game/Survivors/PersonalQuestSystem.CivilWar.cs
        also found at Assets/_Game/Survivors/PersonalQuestSystem.CivilWar.cs
        also found at Assets/_Game/Survivors/PersonalQuestSystem.Titles.cs
        also found at Assets/_Game/Survivors/PersonalQuestSystem.Titles.cs
        also found at Assets/_Game/Survivors/PersonalQuestSystem.Chemistry.cs
        also found at Assets/_Game/Survivors/PersonalQuestSystem.Chemistry.cs
        also found at Assets/_Game/Survivors/PersonalQuestSystem.Rebuilders.cs
        also found at Assets/_Game/Survivors/PersonalQuestSystem.Ashes.cs
        also found at Assets/_Game/Survivors/PersonalQuestSystem.Ashes.cs
        also found at Assets/_Game/Survivors/PersonalQuestSystem.Ashes.cs
        also found at Assets/_Game/Survivors/PersonalQuestSystem.Ashes.cs
        also found at Assets/_Game/Survivors/PersonalQuestSystem.Ashes.cs
        also found at Assets/_Game/Survivors/PersonalQuestSystem.cs
        also found at Assets/_Game/Survivors/PersonalQuestSystem.cs

    Found 19 lines of similar code in 16 locations (mass = 118)

         832  [48;2;0;0;0m[38;2;242;240;236m        [48;2;0;0;0m[38;2;204;153;204mpublic[48;2;0;0;0m[38;2;242;240;236m [48;2;0;0;0m[38;2;204;153;204mvoid[48;2;0;0;0m[38;2;242;240;236m [48;2;0;0;0m[38;2;102;153;204mRecordEscapeVehicleStorm[48;2;0;0;0m[38;2;242;240;236m([48;2;0;0;0m[38;2;242;240;236m
         833  [48;2;0;0;0m[38;2;242;240;236m            [48;2;0;0;0m[38;2;242;240;236mSurvivor[48;2;0;0;0m[38;2;242;240;236m [48;2;0;0;0m[38;2;242;119;122mdriver[48;2;0;0;0m[38;2;242;240;236m,[48;2;0;0;0m[38;2;242;240;236m
         834  [48;2;0;0;0m[38;2;242;240;236m            [48;2;0;0;0m[38;2;204;153;204mbool[48;2;0;0;0m[38;2;242;240;236m [48;2;0;0;0m[38;2;242;119;122mrepairedVehicle[48;2;0;0;0m[38;2;242;240;236m,[48;2;0;0;0m[38;2;242;240;236m
         835  [48;2;0;0;0m[38;2;242;240;236m            [48;2;0;0;0m[38;2;204;153;204mbool[48;2;0;0;0m[38;2;242;240;236m [48;2;0;0;0m[38;2;242;119;122moutranStorm[48;2;0;0;0m[38;2;242;240;236m,[48;2;0;0;0m[38;2;242;240;236m
         836  [48;2;0;0;0m[38;2;242;240;236m            [48;2;0;0;0m[38;2;204;153;204mint[48;2;0;0;0m[38;2;242;240;236m [48;2;0;0;0m[38;2;242;119;122mcurrentDay[48;2;0;0;0m[38;2;242;240;236m [48;2;0;0;0m[38;2;211;208;200m=[48;2;0;0;0m[38;2;242;240;236m [48;2;0;0;0m[38;2;249;145;87m0[48;2;0;0;0m[38;2;242;240;236m)[48;2;0;0;0m[38;2;242;240;236m
         837  [48;2;0;0;0m[38;2;242;240;236m        [48;2;0;0;0m[38;2;242;240;236m{[48;2;0;0;0m[38;2;242;240;236m
              [hid 13 additional lines]
        also found at Assets/_Game/Survivors/PersonalQuestSystem.CivilWar.cs
        also found at Assets/_Game/Survivors/PersonalQuestSystem.CivilWar.cs
        also found at Assets/_Game/Survivors/PersonalQuestSystem.CivilWar.cs
        also found at Assets/_Game/Survivors/PersonalQuestSystem.Titles.cs
        also found at Assets/_Game/Survivors/PersonalQuestSystem.Titles.cs
        also found at Assets/_Game/Survivors/PersonalQuestSystem.Chemistry.cs
        also found at Assets/_Game/Survivors/PersonalQuestSystem.Chemistry.cs
        also found at Assets/_Game/Survivors/PersonalQuestSystem.Rebuilders.cs
        also found at Assets/_Game/Survivors/PersonalQuestSystem.Ashes.cs
        also found at Assets/_Game/Survivors/PersonalQuestSystem.Ashes.cs
        also found at Assets/_Game/Survivors/PersonalQuestSystem.Ashes.cs
        also found at Assets/_Game/Survivors/PersonalQuestSystem.Ashes.cs
        also found at Assets/_Game/Survivors/PersonalQuestSystem.Ashes.cs
        also found at Assets/_Game/Survivors/PersonalQuestSystem.cs
        also found at Assets/_Game/Survivors/PersonalQuestSystem.cs

    Found 20 lines of similar code in 2 locations (mass = 124)

         321  [48;2;0;0;0m[38;2;242;240;236m        [48;2;0;0;0m[38;2;204;153;204mpublic[48;2;0;0;0m[38;2;242;240;236m [48;2;0;0;0m[38;2;204;153;204mvoid[48;2;0;0;0m[38;2;242;240;236m [48;2;0;0;0m[38;2;102;153;204mRecordStrainSepsisSample[48;2;0;0;0m[38;2;242;240;236m([48;2;0;0;0m[38;2;242;240;236m
         322  [48;2;0;0;0m[38;2;242;240;236m            [48;2;0;0;0m[38;2;242;240;236mSurvivor[48;2;0;0;0m[38;2;242;240;236m [48;2;0;0;0m[38;2;242;119;122mmicro[48;2;0;0;0m[38;2;242;240;236m,[48;2;0;0;0m[38;2;242;240;236m
         323  [48;2;0;0;0m[38;2;242;240;236m            [48;2;0;0;0m[38;2;204;153;204mbool[48;2;0;0;0m[38;2;242;240;236m [48;2;0;0;0m[38;2;242;119;122mcultivatedSepsis[48;2;0;0;0m[38;2;242;240;236m,[48;2;0;0;0m[38;2;242;240;236m
         324  [48;2;0;0;0m[38;2;242;240;236m            [48;2;0;0;0m[38;2;204;153;204mbool[48;2;0;0;0m[38;2;242;240;236m [48;2;0;0;0m[38;2;242;119;122mextractedSample[48;2;0;0;0m[38;2;242;240;236m,[48;2;0;0;0m[38;2;242;240;236m
         325  [48;2;0;0;0m[38;2;242;240;236m            [48;2;0;0;0m[38;2;204;153;204mbool[48;2;0;0;0m[38;2;242;240;236m [48;2;0;0;0m[38;2;242;119;122mcuredPatient[48;2;0;0;0m[38;2;242;240;236m,[48;2;0;0;0m[38;2;242;240;236m
         326  [48;2;0;0;0m[38;2;242;240;236m            [48;2;0;0;0m[38;2;204;153;204mint[48;2;0;0;0m[38;2;242;240;236m [48;2;0;0;0m[38;2;242;119;122mcurrentDay[48;2;0;0;0m[38;2;242;240;236m [48;2;0;0;0m[38;2;211;208;200m=[48;2;0;0;0m[38;2;242;240;236m [48;2;0;0;0m[38;2;249;145;87m0[48;2;0;0;0m[38;2;242;240;236m)[48;2;0;0;0m[38;2;242;240;236m
              [hid 14 additional lines]
        also found at Assets/_Game/Survivors/PersonalQuestSystem.Ashes.cs

    Found 20 lines of similar code in 2 locations (mass = 123)

         633  [48;2;0;0;0m[38;2;242;240;236m        [48;2;0;0;0m[38;2;204;153;204mpublic[48;2;0;0;0m[38;2;242;240;236m [48;2;0;0;0m[38;2;204;153;204mvoid[48;2;0;0;0m[38;2;242;240;236m [48;2;0;0;0m[38;2;102;153;204mRecordStashRetrieved[48;2;0;0;0m[38;2;242;240;236m([48;2;0;0;0m[38;2;242;240;236m
         634  [48;2;0;0;0m[38;2;242;240;236m            [48;2;0;0;0m[38;2;242;240;236mSurvivor[48;2;0;0;0m[38;2;242;240;236m [48;2;0;0;0m[38;2;242;119;122msmuggler[48;2;0;0;0m[38;2;242;240;236m,[48;2;0;0;0m[38;2;242;240;236m
         635  [48;2;0;0;0m[38;2;242;240;236m            [48;2;0;0;0m[38;2;204;153;204mbool[48;2;0;0;0m[38;2;242;240;236m [48;2;0;0;0m[38;2;242;119;122mguardedVault[48;2;0;0;0m[38;2;242;240;236m,[48;2;0;0;0m[38;2;242;240;236m
         636  [48;2;0;0;0m[38;2;242;240;236m            [48;2;0;0;0m[38;2;204;153;204mbool[48;2;0;0;0m[38;2;242;240;236m [48;2;0;0;0m[38;2;242;119;122mretrieved[48;2;0;0;0m[38;2;242;240;236m,[48;2;0;0;0m[38;2;242;240;236m
         637  [48;2;0;0;0m[38;2;242;240;236m            [48;2;0;0;0m[38;2;204;153;204mbool[48;2;0;0;0m[38;2;242;240;236m [48;2;0;0;0m[38;2;242;119;122mkilledGuards[48;2;0;0;0m[38;2;242;240;236m,[48;2;0;0;0m[38;2;242;240;236m
         638  [48;2;0;0;0m[38;2;242;240;236m            [48;2;0;0;0m[38;2;204;153;204mint[48;2;0;0;0m[38;2;242;240;236m [48;2;0;0;0m[38;2;242;119;122mcurrentDay[48;2;0;0;0m[38;2;242;240;236m [48;2;0;0;0m[38;2;211;208;200m=[48;2;0;0;0m[38;2;242;240;236m [48;2;0;0;0m[38;2;249;145;87m0[48;2;0;0;0m[38;2;242;240;236m)[48;2;0;0;0m[38;2;242;240;236m
              [hid 14 additional lines]
        also found at Assets/_Game/Survivors/PersonalQuestSystem.Rebuilders.cs

    Found 20 lines of similar code in 2 locations (mass = 123)

         726  [48;2;0;0;0m[38;2;242;240;236m        [48;2;0;0;0m[38;2;204;153;204mpublic[48;2;0;0;0m[38;2;242;240;236m [48;2;0;0;0m[38;2;204;153;204mvoid[48;2;0;0;0m[38;2;242;240;236m [48;2;0;0;0m[38;2;102;153;204mRecordBigScoreKeycard[48;2;0;0;0m[38;2;242;240;236m([48;2;0;0;0m[38;2;242;240;236m
         727  [48;2;0;0;0m[38;2;242;240;236m            [48;2;0;0;0m[38;2;242;240;236mSurvivor[48;2;0;0;0m[38;2;242;240;236m [48;2;0;0;0m[38;2;242;119;122mpickpocket[48;2;0;0;0m[38;2;242;240;236m,[48;2;0;0;0m[38;2;242;240;236m
         728  [48;2;0;0;0m[38;2;242;240;236m            [48;2;0;0;0m[38;2;204;153;204mbool[48;2;0;0;0m[38;2;242;240;236m [48;2;0;0;0m[38;2;242;119;122msleepingBoss[48;2;0;0;0m[38;2;242;240;236m,[48;2;0;0;0m[38;2;242;240;236m
         729  [48;2;0;0;0m[38;2;242;240;236m            [48;2;0;0;0m[38;2;204;153;204mbool[48;2;0;0;0m[38;2;242;240;236m [48;2;0;0;0m[38;2;242;119;122mstoleKeycard[48;2;0;0;0m[38;2;242;240;236m,[48;2;0;0;0m[38;2;242;240;236m
         730  [48;2;0;0;0m[38;2;242;240;236m            [48;2;0;0;0m[38;2;204;153;204mbool[48;2;0;0;0m[38;2;242;240;236m [48;2;0;0;0m[38;2;242;119;122mwokeBoss[48;2;0;0;0m[38;2;242;240;236m,[48;2;0;0;0m[38;2;242;240;236m
         731  [48;2;0;0;0m[38;2;242;240;236m            [48;2;0;0;0m[38;2;204;153;204mint[48;2;0;0;0m[38;2;242;240;236m [48;2;0;0;0m[38;2;242;119;122mcurrentDay[48;2;0;0;0m[38;2;242;240;236m [48;2;0;0;0m[38;2;211;208;200m=[48;2;0;0;0m[38;2;242;240;236m [48;2;0;0;0m[38;2;249;145;87m0[48;2;0;0;0m[38;2;242;240;236m)[48;2;0;0;0m[38;2;242;240;236m
              [hid 14 additional lines]
        also found at Assets/_Game/Survivors/PersonalQuestSystem.Rebuilders.cs


Assets/_Game/Survivors/PersonalQuestSystem.Titles.cs
    Function with many parameters (count = 6): RecordDraggedWoundedHome

          57  [48;2;0;0;0m[38;2;242;240;236m        [48;2;0;0;0m[38;2;204;153;204mpublic[48;2;0;0;0m[38;2;242;240;236m [48;2;0;0;0m[38;2;204;153;204mvoid[48;2;0;0;0m[38;2;242;240;236m [48;2;0;0;0m[38;2;102;153;204mRecordDraggedWoundedHome[48;2;0;0;0m[38;2;242;240;236m([48;2;0;0;0m[38;2;242;240;236m
          58  [48;2;0;0;0m[38;2;242;240;236m            [48;2;0;0;0m[38;2;242;240;236mSurvivor[48;2;0;0;0m[38;2;242;240;236m [48;2;0;0;0m[38;2;242;119;122mexCon[48;2;0;0;0m[38;2;242;240;236m,[48;2;0;0;0m[38;2;242;240;236m
          59  [48;2;0;0;0m[38;2;242;240;236m            [48;2;0;0;0m[38;2;242;240;236mSurvivor[48;2;0;0;0m[38;2;242;240;236m [48;2;0;0;0m[38;2;242;119;122mwounded[48;2;0;0;0m[38;2;242;240;236m,[48;2;0;0;0m[38;2;242;240;236m
          60  [48;2;0;0;0m[38;2;242;240;236m            [48;2;0;0;0m[38;2;204;153;204mbool[48;2;0;0;0m[38;2;242;240;236m [48;2;0;0;0m[38;2;242;119;122mfromExpedition[48;2;0;0;0m[38;2;242;240;236m,[48;2;0;0;0m[38;2;242;240;236m
          61  [48;2;0;0;0m[38;2;242;240;236m            [48;2;0;0;0m[38;2;204;153;204mbool[48;2;0;0;0m[38;2;242;240;236m [48;2;0;0;0m[38;2;242;119;122mwoundedWasDying[48;2;0;0;0m[38;2;242;240;236m,[48;2;0;0;0m[38;2;242;240;236m
          62  [48;2;0;0;0m[38;2;242;240;236m            [48;2;0;0;0m[38;2;204;153;204mbool[48;2;0;0;0m[38;2;242;240;236m [48;2;0;0;0m[38;2;242;119;122mmadeItHome[48;2;0;0;0m[38;2;242;240;236m,[48;2;0;0;0m[38;2;242;240;236m
              [hid 1 additional lines]

    Complex binary expression

         188  [48;2;0;0;0m[38;2;242;240;236m            [48;2;0;0;0m[38;2;204;153;204mreturn[48;2;0;0;0m[38;2;242;240;236m [48;2;0;0;0m[38;2;242;119;122mactionId[48;2;0;0;0m[38;2;242;240;236m.[48;2;0;0;0m[38;2;102;153;204mIndexOf[48;2;0;0;0m[38;2;242;240;236m([48;2;0;0;0m[38;2;211;208;200m"[48;2;0;0;0m[38;2;153;204;153mclean[48;2;0;0;0m[38;2;211;208;200m"[48;2;0;0;0m[38;2;242;240;236m,[48;2;0;0;0m[38;2;242;240;236m [48;2;0;0;0m[38;2;242;119;122mStringComparison[48;2;0;0;0m[38;2;242;240;236m.[48;2;0;0;0m[38;2;242;119;122mOrdinalIgnoreCase[48;2;0;0;0m[38;2;242;240;236m)[48;2;0;0;0m[38;2;242;240;236m [48;2;0;0;0m[38;2;211;208;200m>=[48;2;0;0;0m[38;2;242;240;236m [48;2;0;0;0m[38;2;249;145;87m0[48;2;0;0;0m[38;2;242;240;236m
         189  [48;2;0;0;0m[38;2;242;240;236m                   [48;2;0;0;0m[38;2;211;208;200m||[48;2;0;0;0m[38;2;242;240;236m [48;2;0;0;0m[38;2;242;119;122mactionId[48;2;0;0;0m[38;2;242;240;236m.[48;2;0;0;0m[38;2;102;153;204mIndexOf[48;2;0;0;0m[38;2;242;240;236m([48;2;0;0;0m[38;2;211;208;200m"[48;2;0;0;0m[38;2;153;204;153mwaste[48;2;0;0;0m[38;2;211;208;200m"[48;2;0;0;0m[38;2;242;240;236m,[48;2;0;0;0m[38;2;242;240;236m [48;2;0;0;0m[38;2;242;119;122mStringComparison[48;2;0;0;0m[38;2;242;240;236m.[48;2;0;0;0m[38;2;242;119;122mOrdinalIgnoreCase[48;2;0;0;0m[38;2;242;240;236m)[48;2;0;0;0m[38;2;242;240;236m [48;2;0;0;0m[38;2;211;208;200m>=[48;2;0;0;0m[38;2;242;240;236m [48;2;0;0;0m[38;2;249;145;87m0[48;2;0;0;0m[38;2;242;240;236m
         190  [48;2;0;0;0m[38;2;242;240;236m                   [48;2;0;0;0m[38;2;211;208;200m||[48;2;0;0;0m[38;2;242;240;236m [48;2;0;0;0m[38;2;242;119;122mactionId[48;2;0;0;0m[38;2;242;240;236m.[48;2;0;0;0m[38;2;102;153;204mIndexOf[48;2;0;0;0m[38;2;242;240;236m([48;2;0;0;0m[38;2;211;208;200m"[48;2;0;0;0m[38;2;153;204;153mdig[48;2;0;0;0m[38;2;211;208;200m"[48;2;0;0;0m[38;2;242;240;236m,[48;2;0;0;0m[38;2;242;240;236m [48;2;0;0;0m[38;2;242;119;122mStringComparison[48;2;0;0;0m[38;2;242;240;236m.[48;2;0;0;0m[38;2;242;119;122mOrdinalIgnoreCase[48;2;0;0;0m[38;2;242;240;236m)[48;2;0;0;0m[38;2;242;240;236m [48;2;0;0;0m[38;2;211;208;200m>=[48;2;0;0;0m[38;2;242;240;236m [48;2;0;0;0m[38;2;249;145;87m0[48;2;0;0;0m[38;2;242;240;236m

    High total complexity (count = 95)

           1  [48;2;0;0;0m[38;2;204;153;204musing[48;2;0;0;0m[38;2;211;208;200m [48;2;0;0;0m[38;2;211;208;200mSystem[48;2;0;0;0m[38;2;211;208;200m;[48;2;0;0;0m[38;2;211;208;200m
           2  [48;2;0;0;0m[38;2;204;153;204musing[48;2;0;0;0m[38;2;211;208;200m [48;2;0;0;0m[38;2;211;208;200mSystem[48;2;0;0;0m[38;2;211;208;200m.[48;2;0;0;0m[38;2;211;208;200mCollections[48;2;0;0;0m[38;2;211;208;200m.[48;2;0;0;0m[38;2;211;208;200mGeneric[48;2;0;0;0m[38;2;211;208;200m;[48;2;0;0;0m[38;2;211;208;200m
           3  [48;2;0;0;0m[38;2;204;153;204musing[48;2;0;0;0m[38;2;211;208;200m [48;2;0;0;0m[38;2;211;208;200mUnityEngine[48;2;0;0;0m[38;2;211;208;200m;[48;2;0;0;0m[38;2;211;208;200m
           4  [48;2;0;0;0m[38;2;211;208;200m
           5  [48;2;0;0;0m[38;2;204;153;204mnamespace[48;2;0;0;0m[38;2;211;208;200m [48;2;0;0;0m[38;2;211;208;200mAtomicWar[48;2;0;0;0m[38;2;211;208;200m.[48;2;0;0;0m[38;2;211;208;200m_Game[48;2;0;0;0m[38;2;211;208;200m.[48;2;0;0;0m[38;2;211;208;200mSurvivors[48;2;0;0;0m[38;2;211;208;200m
           6  [48;2;0;0;0m[38;2;211;208;200m{[48;2;0;0;0m[38;2;211;208;200m
              [hid 445 additional lines]

    Found 19 lines of similar code in 16 locations (mass = 118)

         145  [48;2;0;0;0m[38;2;242;240;236m        [48;2;0;0;0m[38;2;204;153;204mpublic[48;2;0;0;0m[38;2;242;240;236m [48;2;0;0;0m[38;2;204;153;204mvoid[48;2;0;0;0m[38;2;242;240;236m [48;2;0;0;0m[38;2;102;153;204mRecordRaiderBossExecuted[48;2;0;0;0m[38;2;242;240;236m([48;2;0;0;0m[38;2;242;240;236m
         146  [48;2;0;0;0m[38;2;242;240;236m            [48;2;0;0;0m[38;2;242;240;236mSurvivor[48;2;0;0;0m[38;2;242;240;236m [48;2;0;0;0m[38;2;242;119;122msheriff[48;2;0;0;0m[38;2;242;240;236m,[48;2;0;0;0m[38;2;242;240;236m
         147  [48;2;0;0;0m[38;2;242;240;236m            [48;2;0;0;0m[38;2;204;153;204mbool[48;2;0;0;0m[38;2;242;240;236m [48;2;0;0;0m[38;2;242;119;122mwasRaiderBoss[48;2;0;0;0m[38;2;242;240;236m,[48;2;0;0;0m[38;2;242;240;236m
         148  [48;2;0;0;0m[38;2;242;240;236m            [48;2;0;0;0m[38;2;204;153;204mbool[48;2;0;0;0m[38;2;242;240;236m [48;2;0;0;0m[38;2;242;119;122mexecuted[48;2;0;0;0m[38;2;242;240;236m,[48;2;0;0;0m[38;2;242;240;236m
         149  [48;2;0;0;0m[38;2;242;240;236m            [48;2;0;0;0m[38;2;204;153;204mint[48;2;0;0;0m[38;2;242;240;236m [48;2;0;0;0m[38;2;242;119;122mcurrentDay[48;2;0;0;0m[38;2;242;240;236m [48;2;0;0;0m[38;2;211;208;200m=[48;2;0;0;0m[38;2;242;240;236m [48;2;0;0;0m[38;2;249;145;87m0[48;2;0;0;0m[38;2;242;240;236m)[48;2;0;0;0m[38;2;242;240;236m
         150  [48;2;0;0;0m[38;2;242;240;236m        [48;2;0;0;0m[38;2;242;240;236m{[48;2;0;0;0m[38;2;242;240;236m
              [hid 13 additional lines]
        also found at Assets/_Game/Survivors/PersonalQuestSystem.CivilWar.cs
        also found at Assets/_Game/Survivors/PersonalQuestSystem.CivilWar.cs
        also found at Assets/_Game/Survivors/PersonalQuestSystem.CivilWar.cs
        also found at Assets/_Game/Survivors/PersonalQuestSystem.Titles.cs
        also found at Assets/_Game/Survivors/PersonalQuestSystem.Chemistry.cs
        also found at Assets/_Game/Survivors/PersonalQuestSystem.Chemistry.cs
        also found at Assets/_Game/Survivors/PersonalQuestSystem.Rebuilders.cs
        also found at Assets/_Game/Survivors/PersonalQuestSystem.Rebuilders.cs
        also found at Assets/_Game/Survivors/PersonalQuestSystem.Ashes.cs
        also found at Assets/_Game/Survivors/PersonalQuestSystem.Ashes.cs
        also found at Assets/_Game/Survivors/PersonalQuestSystem.Ashes.cs
        also found at Assets/_Game/Survivors/PersonalQuestSystem.Ashes.cs
        also found at Assets/_Game/Survivors/PersonalQuestSystem.Ashes.cs
        also found at Assets/_Game/Survivors/PersonalQuestSystem.cs
        also found at Assets/_Game/Survivors/PersonalQuestSystem.cs

    Found 19 lines of similar code in 16 locations (mass = 118)

         391  [48;2;0;0;0m[38;2;242;240;236m        [48;2;0;0;0m[38;2;204;153;204mpublic[48;2;0;0;0m[38;2;242;240;236m [48;2;0;0;0m[38;2;204;153;204mvoid[48;2;0;0;0m[38;2;242;240;236m [48;2;0;0;0m[38;2;102;153;204mRecordPersonalBedModuleFullyUpgraded[48;2;0;0;0m[38;2;242;240;236m([48;2;0;0;0m[38;2;242;240;236m
         392  [48;2;0;0;0m[38;2;242;240;236m            [48;2;0;0;0m[38;2;242;240;236mSurvivor[48;2;0;0;0m[38;2;242;240;236m [48;2;0;0;0m[38;2;242;119;122mnomad[48;2;0;0;0m[38;2;242;240;236m,[48;2;0;0;0m[38;2;242;240;236m
         393  [48;2;0;0;0m[38;2;242;240;236m            [48;2;0;0;0m[38;2;204;153;204mbool[48;2;0;0;0m[38;2;242;240;236m [48;2;0;0;0m[38;2;242;119;122misPersonalRoom[48;2;0;0;0m[38;2;242;240;236m,[48;2;0;0;0m[38;2;242;240;236m
         394  [48;2;0;0;0m[38;2;242;240;236m            [48;2;0;0;0m[38;2;204;153;204mbool[48;2;0;0;0m[38;2;242;240;236m [48;2;0;0;0m[38;2;242;119;122mfullyUpgraded[48;2;0;0;0m[38;2;242;240;236m,[48;2;0;0;0m[38;2;242;240;236m
         395  [48;2;0;0;0m[38;2;242;240;236m            [48;2;0;0;0m[38;2;204;153;204mint[48;2;0;0;0m[38;2;242;240;236m [48;2;0;0;0m[38;2;242;119;122mcurrentDay[48;2;0;0;0m[38;2;242;240;236m [48;2;0;0;0m[38;2;211;208;200m=[48;2;0;0;0m[38;2;242;240;236m [48;2;0;0;0m[38;2;249;145;87m0[48;2;0;0;0m[38;2;242;240;236m)[48;2;0;0;0m[38;2;242;240;236m
         396  [48;2;0;0;0m[38;2;242;240;236m        [48;2;0;0;0m[38;2;242;240;236m{[48;2;0;0;0m[38;2;242;240;236m
              [hid 13 additional lines]
        also found at Assets/_Game/Survivors/PersonalQuestSystem.CivilWar.cs
        also found at Assets/_Game/Survivors/PersonalQuestSystem.CivilWar.cs
        also found at Assets/_Game/Survivors/PersonalQuestSystem.CivilWar.cs
        also found at Assets/_Game/Survivors/PersonalQuestSystem.Titles.cs
        also found at Assets/_Game/Survivors/PersonalQuestSystem.Chemistry.cs
        also found at Assets/_Game/Survivors/PersonalQuestSystem.Chemistry.cs
        also found at Assets/_Game/Survivors/PersonalQuestSystem.Rebuilders.cs
        also found at Assets/_Game/Survivors/PersonalQuestSystem.Rebuilders.cs
        also found at Assets/_Game/Survivors/PersonalQuestSystem.Ashes.cs
        also found at Assets/_Game/Survivors/PersonalQuestSystem.Ashes.cs
        also found at Assets/_Game/Survivors/PersonalQuestSystem.Ashes.cs
        also found at Assets/_Game/Survivors/PersonalQuestSystem.Ashes.cs
        also found at Assets/_Game/Survivors/PersonalQuestSystem.Ashes.cs
        also found at Assets/_Game/Survivors/PersonalQuestSystem.cs
        also found at Assets/_Game/Survivors/PersonalQuestSystem.cs


Assets/_Game/Survivors/PersonalQuestSystem.cs
    Function with many parameters (count = 6): RecordMarathonExpedition

        2553  [48;2;0;0;0m[38;2;242;240;236m        [48;2;0;0;0m[38;2;204;153;204mpublic[48;2;0;0;0m[38;2;242;240;236m [48;2;0;0;0m[38;2;204;153;204mvoid[48;2;0;0;0m[38;2;242;240;236m [48;2;0;0;0m[38;2;102;153;204mRecordMarathonExpedition[48;2;0;0;0m[38;2;242;240;236m([48;2;0;0;0m[38;2;242;240;236m
        2554  [48;2;0;0;0m[38;2;242;240;236m            [48;2;0;0;0m[38;2;242;240;236mSurvivor[48;2;0;0;0m[38;2;242;240;236m [48;2;0;0;0m[38;2;242;119;122mathlete[48;2;0;0;0m[38;2;242;240;236m,[48;2;0;0;0m[38;2;242;240;236m
        2555  [48;2;0;0;0m[38;2;242;240;236m            [48;2;0;0;0m[38;2;204;153;204mint[48;2;0;0;0m[38;2;242;240;236m [48;2;0;0;0m[38;2;242;119;122mnodesAway[48;2;0;0;0m[38;2;242;240;236m,[48;2;0;0;0m[38;2;242;240;236m
        2556  [48;2;0;0;0m[38;2;242;240;236m            [48;2;0;0;0m[38;2;204;153;204mfloat[48;2;0;0;0m[38;2;242;240;236m [48;2;0;0;0m[38;2;242;119;122mhoursElapsed[48;2;0;0;0m[38;2;242;240;236m,[48;2;0;0;0m[38;2;242;240;236m
        2557  [48;2;0;0;0m[38;2;242;240;236m            [48;2;0;0;0m[38;2;204;153;204mbool[48;2;0;0;0m[38;2;242;240;236m [48;2;0;0;0m[38;2;242;119;122monFoot[48;2;0;0;0m[38;2;242;240;236m,[48;2;0;0;0m[38;2;242;240;236m
        2558  [48;2;0;0;0m[38;2;242;240;236m            [48;2;0;0;0m[38;2;204;153;204mbool[48;2;0;0;0m[38;2;242;240;236m [48;2;0;0;0m[38;2;242;119;122mreturnedHome[48;2;0;0;0m[38;2;242;240;236m,[48;2;0;0;0m[38;2;242;240;236m
              [hid 1 additional lines]

    Function with many parameters (count = 6): RegisterDefault

        4352  [48;2;0;0;0m[38;2;242;240;236m        [48;2;0;0;0m[38;2;204;153;204mprivate[48;2;0;0;0m[38;2;242;240;236m [48;2;0;0;0m[38;2;204;153;204mvoid[48;2;0;0;0m[38;2;242;240;236m [48;2;0;0;0m[38;2;102;153;204mRegisterDefault[48;2;0;0;0m[38;2;242;240;236m([48;2;0;0;0m[38;2;242;240;236m
        4353  [48;2;0;0;0m[38;2;242;240;236m            [48;2;0;0;0m[38;2;204;153;204mstring[48;2;0;0;0m[38;2;242;240;236m [48;2;0;0;0m[38;2;242;119;122mid[48;2;0;0;0m[38;2;242;240;236m,[48;2;0;0;0m[38;2;242;240;236m [48;2;0;0;0m[38;2;204;153;204mstring[48;2;0;0;0m[38;2;242;240;236m [48;2;0;0;0m[38;2;242;119;122mdisplay[48;2;0;0;0m[38;2;242;240;236m,[48;2;0;0;0m[38;2;242;240;236m [48;2;0;0;0m[38;2;204;153;204mstring[48;2;0;0;0m[38;2;242;240;236m [48;2;0;0;0m[38;2;242;119;122mtrait[48;2;0;0;0m[38;2;242;240;236m,[48;2;0;0;0m[38;2;242;240;236m [48;2;0;0;0m[38;2;204;153;204mint[48;2;0;0;0m[38;2;242;240;236m [48;2;0;0;0m[38;2;242;119;122mmaxStages[48;2;0;0;0m[38;2;242;240;236m,[48;2;0;0;0m[38;2;242;240;236m [48;2;0;0;0m[38;2;204;153;204mstring[48;2;0;0;0m[38;2;242;240;236m [48;2;0;0;0m[38;2;242;119;122mnode[48;2;0;0;0m[38;2;242;240;236m,[48;2;0;0;0m[38;2;242;240;236m [48;2;0;0;0m[38;2;204;153;204mstring[48;2;0;0;0m[38;2;242;240;236m [48;2;0;0;0m[38;2;242;119;122mevt[48;2;0;0;0m[38;2;242;240;236m)[48;2;0;0;0m[38;2;242;240;236m

    Function with many returns (count = 105): ProfileForArchetype

        1224  [48;2;0;0;0m[38;2;242;240;236m        [48;2;0;0;0m[38;2;204;153;204mpublic[48;2;0;0;0m[38;2;242;240;236m [48;2;0;0;0m[38;2;204;153;204mstatic[48;2;0;0;0m[38;2;242;240;236m [48;2;0;0;0m[38;2;242;240;236mSurvivorProfile[48;2;0;0;0m[38;2;242;240;236m [48;2;0;0;0m[38;2;102;153;204mProfileForArchetype[48;2;0;0;0m[38;2;242;240;236m([48;2;0;0;0m[38;2;204;153;204mstring[48;2;0;0;0m[38;2;242;240;236m [48;2;0;0;0m[38;2;242;119;122marchetypeId[48;2;0;0;0m[38;2;242;240;236m)[48;2;0;0;0m[38;2;242;240;236m
        1225  [48;2;0;0;0m[38;2;242;240;236m        [48;2;0;0;0m[38;2;242;240;236m{[48;2;0;0;0m[38;2;242;240;236m
        1226  [48;2;0;0;0m[38;2;242;240;236m            [48;2;0;0;0m[38;2;204;153;204mswitch[48;2;0;0;0m[38;2;242;240;236m [48;2;0;0;0m[38;2;242;240;236m([48;2;0;0;0m[38;2;242;119;122marchetypeId[48;2;0;0;0m[38;2;242;240;236m)[48;2;0;0;0m[38;2;242;240;236m
        1227  [48;2;0;0;0m[38;2;242;240;236m            [48;2;0;0;0m[38;2;242;240;236m{[48;2;0;0;0m[38;2;242;240;236m
        1228  [48;2;0;0;0m[38;2;242;240;236m                [48;2;0;0;0m[38;2;204;153;204mcase[48;2;0;0;0m[38;2;242;240;236m [48;2;0;0;0m[38;2;249;145;87mSurgeonId[48;2;0;0;0m[38;2;242;240;236m:[48;2;0;0;0m[38;2;242;240;236m
        1229  [48;2;0;0;0m[38;2;242;240;236m                    [48;2;0;0;0m[38;2;204;153;204mreturn[48;2;0;0;0m[38;2;242;240;236m [48;2;0;0;0m[38;2;211;208;200mnew[48;2;0;0;0m[38;2;242;240;236m [48;2;0;0;0m[38;2;242;240;236mSurvivorProfile[48;2;0;0;0m[38;2;242;240;236m([48;2;0;0;0m[38;2;242;119;122mSurgeonId[48;2;0;0;0m[38;2;242;240;236m,[48;2;0;0;0m[38;2;242;240;236m [48;2;0;0;0m[38;2;242;119;122mMiracleWorkerId[48;2;0;0;0m[38;2;242;240;236m,[48;2;0;0;0m[38;2;242;240;236m [48;2;0;0;0m[38;2;242;119;122mQuestlineSO[48;2;0;0;0m[38;2;242;240;236m.[48;2;0;0;0m[38;2;242;119;122mIds[48;2;0;0;0m[38;2;242;240;236m.[48;2;0;0;0m[38;2;242;119;122mShakingHand[48;2;0;0;0m[38;2;242;240;236m)[48;2;0;0;0m[38;2;242;240;236m;[48;2;0;0;0m[38;2;242;240;236m
              [hid 210 additional lines]

    Function with many returns (count = 7): RecordLastSupperCooked

        2507  [48;2;0;0;0m[38;2;242;240;236m        [48;2;0;0;0m[38;2;204;153;204mpublic[48;2;0;0;0m[38;2;242;240;236m [48;2;0;0;0m[38;2;204;153;204mvoid[48;2;0;0;0m[38;2;242;240;236m [48;2;0;0;0m[38;2;102;153;204mRecordLastSupperCooked[48;2;0;0;0m[38;2;242;240;236m([48;2;0;0;0m[38;2;242;240;236m
        2508  [48;2;0;0;0m[38;2;242;240;236m            [48;2;0;0;0m[38;2;242;240;236mSurvivor[48;2;0;0;0m[38;2;242;240;236m [48;2;0;0;0m[38;2;242;119;122mchef[48;2;0;0;0m[38;2;242;240;236m,[48;2;0;0;0m[38;2;242;240;236m
        2509  [48;2;0;0;0m[38;2;242;240;236m            [48;2;0;0;0m[38;2;242;240;236mIReadOnlyList[48;2;0;0;0m[38;2;242;240;236m<[48;2;0;0;0m[38;2;204;153;204mstring[48;2;0;0;0m[38;2;242;240;236m>[48;2;0;0;0m[38;2;242;240;236m [48;2;0;0;0m[38;2;242;119;122mrequiredFoodIds[48;2;0;0;0m[38;2;242;240;236m,[48;2;0;0;0m[38;2;242;240;236m
        2510  [48;2;0;0;0m[38;2;242;240;236m            [48;2;0;0;0m[38;2;204;153;204mfloat[48;2;0;0;0m[38;2;242;240;236m [48;2;0;0;0m[38;2;242;119;122mcookHours[48;2;0;0;0m[38;2;242;240;236m,[48;2;0;0;0m[38;2;242;240;236m
        2511  [48;2;0;0;0m[38;2;242;240;236m            [48;2;0;0;0m[38;2;204;153;204mint[48;2;0;0;0m[38;2;242;240;236m [48;2;0;0;0m[38;2;242;119;122mcurrentDay[48;2;0;0;0m[38;2;242;240;236m [48;2;0;0;0m[38;2;211;208;200m=[48;2;0;0;0m[38;2;242;240;236m [48;2;0;0;0m[38;2;249;145;87m0[48;2;0;0;0m[38;2;242;240;236m)[48;2;0;0;0m[38;2;242;240;236m
        2512  [48;2;0;0;0m[38;2;242;240;236m        [48;2;0;0;0m[38;2;242;240;236m{[48;2;0;0;0m[38;2;242;240;236m
              [hid 28 additional lines]

    Function with many returns (count = 6): RecordMarathonExpedition

        2553  [48;2;0;0;0m[38;2;242;240;236m        [48;2;0;0;0m[38;2;204;153;204mpublic[48;2;0;0;0m[38;2;242;240;236m [48;2;0;0;0m[38;2;204;153;204mvoid[48;2;0;0;0m[38;2;242;240;236m [48;2;0;0;0m[38;2;102;153;204mRecordMarathonExpedition[48;2;0;0;0m[38;2;242;240;236m([48;2;0;0;0m[38;2;242;240;236m
        2554  [48;2;0;0;0m[38;2;242;240;236m            [48;2;0;0;0m[38;2;242;240;236mSurvivor[48;2;0;0;0m[38;2;242;240;236m [48;2;0;0;0m[38;2;242;119;122mathlete[48;2;0;0;0m[38;2;242;240;236m,[48;2;0;0;0m[38;2;242;240;236m
        2555  [48;2;0;0;0m[38;2;242;240;236m            [48;2;0;0;0m[38;2;204;153;204mint[48;2;0;0;0m[38;2;242;240;236m [48;2;0;0;0m[38;2;242;119;122mnodesAway[48;2;0;0;0m[38;2;242;240;236m,[48;2;0;0;0m[38;2;242;240;236m
        2556  [48;2;0;0;0m[38;2;242;240;236m            [48;2;0;0;0m[38;2;204;153;204mfloat[48;2;0;0;0m[38;2;242;240;236m [48;2;0;0;0m[38;2;242;119;122mhoursElapsed[48;2;0;0;0m[38;2;242;240;236m,[48;2;0;0;0m[38;2;242;240;236m
        2557  [48;2;0;0;0m[38;2;242;240;236m            [48;2;0;0;0m[38;2;204;153;204mbool[48;2;0;0;0m[38;2;242;240;236m [48;2;0;0;0m[38;2;242;119;122monFoot[48;2;0;0;0m[38;2;242;240;236m,[48;2;0;0;0m[38;2;242;240;236m
        2558  [48;2;0;0;0m[38;2;242;240;236m            [48;2;0;0;0m[38;2;204;153;204mbool[48;2;0;0;0m[38;2;242;240;236m [48;2;0;0;0m[38;2;242;119;122mreturnedHome[48;2;0;0;0m[38;2;242;240;236m,[48;2;0;0;0m[38;2;242;240;236m
              [hid 16 additional lines]

    Function with many returns (count = 6): RecordDeliberateNeedDeath

        2849  [48;2;0;0;0m[38;2;242;240;236m        [48;2;0;0;0m[38;2;204;153;204mpublic[48;2;0;0;0m[38;2;242;240;236m [48;2;0;0;0m[38;2;204;153;204mvoid[48;2;0;0;0m[38;2;242;240;236m [48;2;0;0;0m[38;2;102;153;204mRecordDeliberateNeedDeath[48;2;0;0;0m[38;2;242;240;236m([48;2;0;0;0m[38;2;242;240;236m
        2850  [48;2;0;0;0m[38;2;242;240;236m            [48;2;0;0;0m[38;2;242;240;236mSurvivor[48;2;0;0;0m[38;2;242;240;236m [48;2;0;0;0m[38;2;242;119;122mpsychopath[48;2;0;0;0m[38;2;242;240;236m,[48;2;0;0;0m[38;2;242;240;236m
        2851  [48;2;0;0;0m[38;2;242;240;236m            [48;2;0;0;0m[38;2;204;153;204mstring[48;2;0;0;0m[38;2;242;240;236m [48;2;0;0;0m[38;2;242;119;122mcauseOfDeath[48;2;0;0;0m[38;2;242;240;236m,[48;2;0;0;0m[38;2;242;240;236m
        2852  [48;2;0;0;0m[38;2;242;240;236m            [48;2;0;0;0m[38;2;204;153;204mbool[48;2;0;0;0m[38;2;242;240;236m [48;2;0;0;0m[38;2;242;119;122mwasDeliberate[48;2;0;0;0m[38;2;242;240;236m,[48;2;0;0;0m[38;2;242;240;236m
        2853  [48;2;0;0;0m[38;2;242;240;236m            [48;2;0;0;0m[38;2;204;153;204mint[48;2;0;0;0m[38;2;242;240;236m [48;2;0;0;0m[38;2;242;119;122mcurrentDay[48;2;0;0;0m[38;2;242;240;236m [48;2;0;0;0m[38;2;211;208;200m=[48;2;0;0;0m[38;2;242;240;236m [48;2;0;0;0m[38;2;249;145;87m0[48;2;0;0;0m[38;2;242;240;236m)[48;2;0;0;0m[38;2;242;240;236m
        2854  [48;2;0;0;0m[38;2;242;240;236m        [48;2;0;0;0m[38;2;242;240;236m{[48;2;0;0;0m[38;2;242;240;236m
              [hid 20 additional lines]

    Function with many returns (count = 6): CanSufferMentalBreak

        3868  [48;2;0;0;0m[38;2;242;240;236m        [48;2;0;0;0m[38;2;204;153;204mpublic[48;2;0;0;0m[38;2;242;240;236m [48;2;0;0;0m[38;2;204;153;204mbool[48;2;0;0;0m[38;2;242;240;236m [48;2;0;0;0m[38;2;102;153;204mCanSufferMentalBreak[48;2;0;0;0m[38;2;242;240;236m([48;2;0;0;0m[38;2;242;240;236mSurvivor[48;2;0;0;0m[38;2;242;240;236m [48;2;0;0;0m[38;2;242;119;122msv[48;2;0;0;0m[38;2;242;240;236m,[48;2;0;0;0m[38;2;242;240;236m [48;2;0;0;0m[38;2;242;240;236mIReadOnlyList[48;2;0;0;0m[38;2;242;240;236m<[48;2;0;0;0m[38;2;242;240;236mSurvivor[48;2;0;0;0m[38;2;242;240;236m>[48;2;0;0;0m[38;2;242;240;236m [48;2;0;0;0m[38;2;242;119;122msurvivors[48;2;0;0;0m[38;2;242;240;236m)[48;2;0;0;0m[38;2;242;240;236m
        3869  [48;2;0;0;0m[38;2;242;240;236m        [48;2;0;0;0m[38;2;242;240;236m{[48;2;0;0;0m[38;2;242;240;236m
        3870  [48;2;0;0;0m[38;2;242;240;236m            [48;2;0;0;0m[38;2;204;153;204mif[48;2;0;0;0m[38;2;242;240;236m [48;2;0;0;0m[38;2;242;240;236m([48;2;0;0;0m[38;2;242;119;122msv[48;2;0;0;0m[38;2;242;240;236m [48;2;0;0;0m[38;2;211;208;200m==[48;2;0;0;0m[38;2;242;240;236m [48;2;0;0;0m[38;2;249;145;87mnull[48;2;0;0;0m[38;2;242;240;236m)[48;2;0;0;0m[38;2;242;240;236m [48;2;0;0;0m[38;2;204;153;204mreturn[48;2;0;0;0m[38;2;242;240;236m [48;2;0;0;0m[38;2;249;145;87mfalse[48;2;0;0;0m[38;2;242;240;236m;[48;2;0;0;0m[38;2;242;240;236m
        3871  [48;2;0;0;0m[38;2;242;240;236m            [48;2;0;0;0m[38;2;204;153;204mif[48;2;0;0;0m[38;2;242;240;236m [48;2;0;0;0m[38;2;242;240;236m([48;2;0;0;0m[38;2;102;153;204mHasPollyanna[48;2;0;0;0m[38;2;242;240;236m([48;2;0;0;0m[38;2;242;119;122msv[48;2;0;0;0m[38;2;242;240;236m)[48;2;0;0;0m[38;2;242;240;236m [48;2;0;0;0m[38;2;211;208;200m&&[48;2;0;0;0m[38;2;242;240;236m [48;2;0;0;0m[38;2;204;153;204mstring[48;2;0;0;0m[38;2;242;240;236m.[48;2;0;0;0m[38;2;102;153;204mEquals[48;2;0;0;0m[38;2;242;240;236m([48;2;0;0;0m[38;2;242;119;122msv[48;2;0;0;0m[38;2;242;240;236m.[48;2;0;0;0m[38;2;242;119;122mcurrentMentalBreakId[48;2;0;0;0m[38;2;242;240;236m,[48;2;0;0;0m[38;2;242;240;236m [48;2;0;0;0m[38;2;242;119;122mDespairBreakId[48;2;0;0;0m[38;2;242;240;236m,[48;2;0;0;0m[38;2;242;240;236m [48;2;0;0;0m[38;2;242;119;122mStringComparison[48;2;0;0;0m[38;2;242;240;236m.[48;2;0;0;0m[38;2;242;119;122mOrdinalIgnoreCase[48;2;0;0;0m[38;2;242;240;236m)[48;2;0;0;0m[38;2;242;240;236m)[48;2;0;0;0m[38;2;242;240;236m
        3872  [48;2;0;0;0m[38;2;242;240;236m                [48;2;0;0;0m[38;2;204;153;204mreturn[48;2;0;0;0m[38;2;242;240;236m [48;2;0;0;0m[38;2;249;145;87mfalse[48;2;0;0;0m[38;2;242;240;236m;[48;2;0;0;0m[38;2;242;240;236m
        3873  [48;2;0;0;0m[38;2;242;240;236m            [48;2;0;0;0m[38;2;204;153;204mif[48;2;0;0;0m[38;2;242;240;236m [48;2;0;0;0m[38;2;242;240;236m([48;2;0;0;0m[38;2;211;208;200m![48;2;0;0;0m[38;2;102;153;204mHasMatriarch[48;2;0;0;0m[38;2;242;240;236m([48;2;0;0;0m[38;2;242;119;122msv[48;2;0;0;0m[38;2;242;240;236m)[48;2;0;0;0m[38;2;242;240;236m)[48;2;0;0;0m[38;2;242;240;236m [48;2;0;0;0m[38;2;204;153;204mreturn[48;2;0;0;0m[38;2;242;240;236m [48;2;0;0;0m[38;2;249;145;87mtrue[48;2;0;0;0m[38;2;242;240;236m;[48;2;0;0;0m[38;2;242;240;236m
              [hid 9 additional lines]

    Complex binary expression

        1554  [48;2;0;0;0m[38;2;242;240;236m            [48;2;0;0;0m[38;2;204;153;204mif[48;2;0;0;0m[38;2;242;240;236m [48;2;0;0;0m[38;2;242;240;236m([48;2;0;0;0m[38;2;242;119;122marchetypeId[48;2;0;0;0m[38;2;242;240;236m [48;2;0;0;0m[38;2;211;208;200m==[48;2;0;0;0m[38;2;242;240;236m [48;2;0;0;0m[38;2;242;119;122mSurgeonId[48;2;0;0;0m[38;2;242;240;236m [48;2;0;0;0m[38;2;211;208;200m||[48;2;0;0;0m[38;2;242;240;236m [48;2;0;0;0m[38;2;242;119;122marchetypeId[48;2;0;0;0m[38;2;242;240;236m [48;2;0;0;0m[38;2;211;208;200m==[48;2;0;0;0m[38;2;242;240;236m [48;2;0;0;0m[38;2;242;119;122mPharmacistId[48;2;0;0;0m[38;2;242;240;236m
        1555  [48;2;0;0;0m[38;2;242;240;236m                [48;2;0;0;0m[38;2;211;208;200m||[48;2;0;0;0m[38;2;242;240;236m [48;2;0;0;0m[38;2;242;119;122marchetypeId[48;2;0;0;0m[38;2;242;240;236m [48;2;0;0;0m[38;2;211;208;200m==[48;2;0;0;0m[38;2;242;240;236m [48;2;0;0;0m[38;2;242;119;122mVetId[48;2;0;0;0m[38;2;242;240;236m [48;2;0;0;0m[38;2;211;208;200m||[48;2;0;0;0m[38;2;242;240;236m [48;2;0;0;0m[38;2;242;119;122marchetypeId[48;2;0;0;0m[38;2;242;240;236m [48;2;0;0;0m[38;2;211;208;200m==[48;2;0;0;0m[38;2;242;240;236m [48;2;0;0;0m[38;2;242;119;122mTherapistId[48;2;0;0;0m[38;2;242;240;236m
        1556  [48;2;0;0;0m[38;2;242;240;236m                [48;2;0;0;0m[38;2;211;208;200m||[48;2;0;0;0m[38;2;242;240;236m [48;2;0;0;0m[38;2;242;119;122marchetypeId[48;2;0;0;0m[38;2;242;240;236m [48;2;0;0;0m[38;2;211;208;200m==[48;2;0;0;0m[38;2;242;240;236m [48;2;0;0;0m[38;2;242;119;122mChemistId[48;2;0;0;0m[38;2;242;240;236m [48;2;0;0;0m[38;2;211;208;200m||[48;2;0;0;0m[38;2;242;240;236m [48;2;0;0;0m[38;2;242;119;122marchetypeId[48;2;0;0;0m[38;2;242;240;236m [48;2;0;0;0m[38;2;211;208;200m==[48;2;0;0;0m[38;2;242;240;236m [48;2;0;0;0m[38;2;242;119;122mAddictId[48;2;0;0;0m[38;2;242;240;236m
        1557  [48;2;0;0;0m[38;2;242;240;236m                [48;2;0;0;0m[38;2;211;208;200m||[48;2;0;0;0m[38;2;242;240;236m [48;2;0;0;0m[38;2;242;119;122marchetypeId[48;2;0;0;0m[38;2;242;240;236m [48;2;0;0;0m[38;2;211;208;200m==[48;2;0;0;0m[38;2;242;240;236m [48;2;0;0;0m[38;2;242;119;122mArrogantSurgeonId[48;2;0;0;0m[38;2;242;240;236m [48;2;0;0;0m[38;2;211;208;200m||[48;2;0;0;0m[38;2;242;240;236m [48;2;0;0;0m[38;2;242;119;122marchetypeId[48;2;0;0;0m[38;2;242;240;236m [48;2;0;0;0m[38;2;211;208;200m==[48;2;0;0;0m[38;2;242;240;236m [48;2;0;0;0m[38;2;242;119;122mRelapsingAddictId[48;2;0;0;0m[38;2;242;240;236m
        1558  [48;2;0;0;0m[38;2;242;240;236m                [48;2;0;0;0m[38;2;211;208;200m||[48;2;0;0;0m[38;2;242;240;236m [48;2;0;0;0m[38;2;242;119;122marchetypeId[48;2;0;0;0m[38;2;242;240;236m [48;2;0;0;0m[38;2;211;208;200m==[48;2;0;0;0m[38;2;242;240;236m [48;2;0;0;0m[38;2;242;119;122mHypochondriacId[48;2;0;0;0m[38;2;242;240;236m [48;2;0;0;0m[38;2;211;208;200m||[48;2;0;0;0m[38;2;242;240;236m [48;2;0;0;0m[38;2;242;119;122marchetypeId[48;2;0;0;0m[38;2;242;240;236m [48;2;0;0;0m[38;2;211;208;200m==[48;2;0;0;0m[38;2;242;240;236m [48;2;0;0;0m[38;2;242;119;122mOutcastId[48;2;0;0;0m[38;2;242;240;236m

    Complex binary expression

        1562  [48;2;0;0;0m[38;2;242;240;236m            [48;2;0;0;0m[38;2;204;153;204melse if[48;2;0;0;0m[38;2;242;240;236m [48;2;0;0;0m[38;2;242;240;236m([48;2;0;0;0m[38;2;242;119;122marchetypeId[48;2;0;0;0m[38;2;242;240;236m [48;2;0;0;0m[38;2;211;208;200m==[48;2;0;0;0m[38;2;242;240;236m [48;2;0;0;0m[38;2;242;119;122mVeteranId[48;2;0;0;0m[38;2;242;240;236m [48;2;0;0;0m[38;2;211;208;200m||[48;2;0;0;0m[38;2;242;240;236m [48;2;0;0;0m[38;2;242;119;122marchetypeId[48;2;0;0;0m[38;2;242;240;236m [48;2;0;0;0m[38;2;211;208;200m==[48;2;0;0;0m[38;2;242;240;236m [48;2;0;0;0m[38;2;242;119;122mCopId[48;2;0;0;0m[38;2;242;240;236m [48;2;0;0;0m[38;2;211;208;200m||[48;2;0;0;0m[38;2;242;240;236m [48;2;0;0;0m[38;2;242;119;122marchetypeId[48;2;0;0;0m[38;2;242;240;236m [48;2;0;0;0m[38;2;211;208;200m==[48;2;0;0;0m[38;2;242;240;236m [48;2;0;0;0m[38;2;242;119;122mBouncerId[48;2;0;0;0m[38;2;242;240;236m
        1563  [48;2;0;0;0m[38;2;242;240;236m                [48;2;0;0;0m[38;2;211;208;200m||[48;2;0;0;0m[38;2;242;240;236m [48;2;0;0;0m[38;2;242;119;122marchetypeId[48;2;0;0;0m[38;2;242;240;236m [48;2;0;0;0m[38;2;211;208;200m==[48;2;0;0;0m[38;2;242;240;236m [48;2;0;0;0m[38;2;242;119;122mFirefighterId[48;2;0;0;0m[38;2;242;240;236m [48;2;0;0;0m[38;2;211;208;200m||[48;2;0;0;0m[38;2;242;240;236m [48;2;0;0;0m[38;2;242;119;122marchetypeId[48;2;0;0;0m[38;2;242;240;236m [48;2;0;0;0m[38;2;211;208;200m==[48;2;0;0;0m[38;2;242;240;236m [48;2;0;0;0m[38;2;242;119;122mDefectorId[48;2;0;0;0m[38;2;242;240;236m
        1564  [48;2;0;0;0m[38;2;242;240;236m                [48;2;0;0;0m[38;2;211;208;200m||[48;2;0;0;0m[38;2;242;240;236m [48;2;0;0;0m[38;2;242;119;122marchetypeId[48;2;0;0;0m[38;2;242;240;236m [48;2;0;0;0m[38;2;211;208;200m==[48;2;0;0;0m[38;2;242;240;236m [48;2;0;0;0m[38;2;242;119;122mAthleteId[48;2;0;0;0m[38;2;242;240;236m [48;2;0;0;0m[38;2;211;208;200m||[48;2;0;0;0m[38;2;242;240;236m [48;2;0;0;0m[38;2;242;119;122marchetypeId[48;2;0;0;0m[38;2;242;240;236m [48;2;0;0;0m[38;2;211;208;200m==[48;2;0;0;0m[38;2;242;240;236m [48;2;0;0;0m[38;2;242;119;122mHardenedDaughterId[48;2;0;0;0m[38;2;242;240;236m
        1565  [48;2;0;0;0m[38;2;242;240;236m                [48;2;0;0;0m[38;2;211;208;200m||[48;2;0;0;0m[38;2;242;240;236m [48;2;0;0;0m[38;2;242;119;122marchetypeId[48;2;0;0;0m[38;2;242;240;236m [48;2;0;0;0m[38;2;211;208;200m==[48;2;0;0;0m[38;2;242;240;236m [48;2;0;0;0m[38;2;242;119;122mSerialKillerId[48;2;0;0;0m[38;2;242;240;236m [48;2;0;0;0m[38;2;211;208;200m||[48;2;0;0;0m[38;2;242;240;236m [48;2;0;0;0m[38;2;242;119;122marchetypeId[48;2;0;0;0m[38;2;242;240;236m [48;2;0;0;0m[38;2;211;208;200m==[48;2;0;0;0m[38;2;242;240;236m [48;2;0;0;0m[38;2;242;119;122mGeneralId[48;2;0;0;0m[38;2;242;240;236m
        1566  [48;2;0;0;0m[38;2;242;240;236m                [48;2;0;0;0m[38;2;211;208;200m||[48;2;0;0;0m[38;2;242;240;236m [48;2;0;0;0m[38;2;242;119;122marchetypeId[48;2;0;0;0m[38;2;242;240;236m [48;2;0;0;0m[38;2;211;208;200m==[48;2;0;0;0m[38;2;242;240;236m [48;2;0;0;0m[38;2;242;119;122mDeserterId[48;2;0;0;0m[38;2;242;240;236m [48;2;0;0;0m[38;2;211;208;200m||[48;2;0;0;0m[38;2;242;240;236m [48;2;0;0;0m[38;2;242;119;122marchetypeId[48;2;0;0;0m[38;2;242;240;236m [48;2;0;0;0m[38;2;211;208;200m==[48;2;0;0;0m[38;2;242;240;236m [48;2;0;0;0m[38;2;242;119;122mChildSoldierId[48;2;0;0;0m[38;2;242;240;236m
        1567  [48;2;0;0;0m[38;2;242;240;236m                [48;2;0;0;0m[38;2;211;208;200m||[48;2;0;0;0m[38;2;242;240;236m [48;2;0;0;0m[38;2;242;119;122marchetypeId[48;2;0;0;0m[38;2;242;240;236m [48;2;0;0;0m[38;2;211;208;200m==[48;2;0;0;0m[38;2;242;240;236m [48;2;0;0;0m[38;2;242;119;122mSaboteurId[48;2;0;0;0m[38;2;242;240;236m [48;2;0;0;0m[38;2;211;208;200m||[48;2;0;0;0m[38;2;242;240;236m [48;2;0;0;0m[38;2;242;119;122marchetypeId[48;2;0;0;0m[38;2;242;240;236m [48;2;0;0;0m[38;2;211;208;200m==[48;2;0;0;0m[38;2;242;240;236m [48;2;0;0;0m[38;2;242;119;122mSheriffId[48;2;0;0;0m[38;2;242;240;236m
              [hid 3 additional lines]

    Complex binary expression

        1573  [48;2;0;0;0m[38;2;242;240;236m            [48;2;0;0;0m[38;2;204;153;204melse if[48;2;0;0;0m[38;2;242;240;236m [48;2;0;0;0m[38;2;242;240;236m([48;2;0;0;0m[38;2;242;119;122marchetypeId[48;2;0;0;0m[38;2;242;240;236m [48;2;0;0;0m[38;2;211;208;200m==[48;2;0;0;0m[38;2;242;240;236m [48;2;0;0;0m[38;2;242;119;122mHunterId[48;2;0;0;0m[38;2;242;240;236m [48;2;0;0;0m[38;2;211;208;200m||[48;2;0;0;0m[38;2;242;240;236m [48;2;0;0;0m[38;2;242;119;122marchetypeId[48;2;0;0;0m[38;2;242;240;236m [48;2;0;0;0m[38;2;211;208;200m==[48;2;0;0;0m[38;2;242;240;236m [48;2;0;0;0m[38;2;242;119;122mCourierId[48;2;0;0;0m[38;2;242;240;236m
        1574  [48;2;0;0;0m[38;2;242;240;236m                [48;2;0;0;0m[38;2;211;208;200m||[48;2;0;0;0m[38;2;242;240;236m [48;2;0;0;0m[38;2;242;119;122marchetypeId[48;2;0;0;0m[38;2;242;240;236m [48;2;0;0;0m[38;2;211;208;200m==[48;2;0;0;0m[38;2;242;240;236m [48;2;0;0;0m[38;2;242;119;122mBurglarId[48;2;0;0;0m[38;2;242;240;236m [48;2;0;0;0m[38;2;211;208;200m||[48;2;0;0;0m[38;2;242;240;236m [48;2;0;0;0m[38;2;242;119;122marchetypeId[48;2;0;0;0m[38;2;242;240;236m [48;2;0;0;0m[38;2;211;208;200m==[48;2;0;0;0m[38;2;242;240;236m [48;2;0;0;0m[38;2;242;119;122mMechanicId[48;2;0;0;0m[38;2;242;240;236m
        1575  [48;2;0;0;0m[38;2;242;240;236m                [48;2;0;0;0m[38;2;211;208;200m||[48;2;0;0;0m[38;2;242;240;236m [48;2;0;0;0m[38;2;242;119;122marchetypeId[48;2;0;0;0m[38;2;242;240;236m [48;2;0;0;0m[38;2;211;208;200m==[48;2;0;0;0m[38;2;242;240;236m [48;2;0;0;0m[38;2;242;119;122mReporterId[48;2;0;0;0m[38;2;242;240;236m [48;2;0;0;0m[38;2;211;208;200m||[48;2;0;0;0m[38;2;242;240;236m [48;2;0;0;0m[38;2;242;119;122marchetypeId[48;2;0;0;0m[38;2;242;240;236m [48;2;0;0;0m[38;2;211;208;200m==[48;2;0;0;0m[38;2;242;240;236m [48;2;0;0;0m[38;2;242;119;122mTailorId[48;2;0;0;0m[38;2;242;240;236m
        1576  [48;2;0;0;0m[38;2;242;240;236m                [48;2;0;0;0m[38;2;211;208;200m||[48;2;0;0;0m[38;2;242;240;236m [48;2;0;0;0m[38;2;242;119;122marchetypeId[48;2;0;0;0m[38;2;242;240;236m [48;2;0;0;0m[38;2;211;208;200m==[48;2;0;0;0m[38;2;242;240;236m [48;2;0;0;0m[38;2;242;119;122mNaiveSonId[48;2;0;0;0m[38;2;242;240;236m [48;2;0;0;0m[38;2;211;208;200m||[48;2;0;0;0m[38;2;242;240;236m [48;2;0;0;0m[38;2;242;119;122marchetypeId[48;2;0;0;0m[38;2;242;240;236m [48;2;0;0;0m[38;2;211;208;200m==[48;2;0;0;0m[38;2;242;240;236m [48;2;0;0;0m[38;2;242;119;122mHoarderId[48;2;0;0;0m[38;2;242;240;236m
        1577  [48;2;0;0;0m[38;2;242;240;236m                [48;2;0;0;0m[38;2;211;208;200m||[48;2;0;0;0m[38;2;242;240;236m [48;2;0;0;0m[38;2;242;119;122marchetypeId[48;2;0;0;0m[38;2;242;240;236m [48;2;0;0;0m[38;2;211;208;200m==[48;2;0;0;0m[38;2;242;240;236m [48;2;0;0;0m[38;2;242;119;122mQuartermasterId[48;2;0;0;0m[38;2;242;240;236m [48;2;0;0;0m[38;2;211;208;200m||[48;2;0;0;0m[38;2;242;240;236m [48;2;0;0;0m[38;2;242;119;122marchetypeId[48;2;0;0;0m[38;2;242;240;236m [48;2;0;0;0m[38;2;211;208;200m==[48;2;0;0;0m[38;2;242;240;236m [48;2;0;0;0m[38;2;242;119;122mPrepperId[48;2;0;0;0m[38;2;242;240;236m
        1578  [48;2;0;0;0m[38;2;242;240;236m                [48;2;0;0;0m[38;2;211;208;200m||[48;2;0;0;0m[38;2;242;240;236m [48;2;0;0;0m[38;2;242;119;122marchetypeId[48;2;0;0;0m[38;2;242;240;236m [48;2;0;0;0m[38;2;211;208;200m==[48;2;0;0;0m[38;2;242;240;236m [48;2;0;0;0m[38;2;242;119;122mNomadId[48;2;0;0;0m[38;2;242;240;236m [48;2;0;0;0m[38;2;211;208;200m||[48;2;0;0;0m[38;2;242;240;236m [48;2;0;0;0m[38;2;242;119;122marchetypeId[48;2;0;0;0m[38;2;242;240;236m [48;2;0;0;0m[38;2;211;208;200m==[48;2;0;0;0m[38;2;242;240;236m [48;2;0;0;0m[38;2;242;119;122mFeralOrphanId[48;2;0;0;0m[38;2;242;240;236m
              [hid 5 additional lines]

    Complex binary expression

        1587  [48;2;0;0;0m[38;2;242;240;236m            [48;2;0;0;0m[38;2;204;153;204melse if[48;2;0;0;0m[38;2;242;240;236m [48;2;0;0;0m[38;2;242;240;236m([48;2;0;0;0m[38;2;242;119;122marchetypeId[48;2;0;0;0m[38;2;242;240;236m [48;2;0;0;0m[38;2;211;208;200m==[48;2;0;0;0m[38;2;242;240;236m [48;2;0;0;0m[38;2;242;119;122mTeacherId[48;2;0;0;0m[38;2;242;240;236m [48;2;0;0;0m[38;2;211;208;200m||[48;2;0;0;0m[38;2;242;240;236m [48;2;0;0;0m[38;2;242;119;122marchetypeId[48;2;0;0;0m[38;2;242;240;236m [48;2;0;0;0m[38;2;211;208;200m==[48;2;0;0;0m[38;2;242;240;236m [48;2;0;0;0m[38;2;242;119;122mPoliticianId[48;2;0;0;0m[38;2;242;240;236m
        1588  [48;2;0;0;0m[38;2;242;240;236m                [48;2;0;0;0m[38;2;211;208;200m||[48;2;0;0;0m[38;2;242;240;236m [48;2;0;0;0m[38;2;242;119;122marchetypeId[48;2;0;0;0m[38;2;242;240;236m [48;2;0;0;0m[38;2;211;208;200m==[48;2;0;0;0m[38;2;242;240;236m [48;2;0;0;0m[38;2;242;119;122mPriestId[48;2;0;0;0m[38;2;242;240;236m [48;2;0;0;0m[38;2;211;208;200m||[48;2;0;0;0m[38;2;242;240;236m [48;2;0;0;0m[38;2;242;119;122marchetypeId[48;2;0;0;0m[38;2;242;240;236m [48;2;0;0;0m[38;2;211;208;200m==[48;2;0;0;0m[38;2;242;240;236m [48;2;0;0;0m[38;2;242;119;122mRadioHostId[48;2;0;0;0m[38;2;242;240;236m
        1589  [48;2;0;0;0m[38;2;242;240;236m                [48;2;0;0;0m[38;2;211;208;200m||[48;2;0;0;0m[38;2;242;240;236m [48;2;0;0;0m[38;2;242;119;122marchetypeId[48;2;0;0;0m[38;2;242;240;236m [48;2;0;0;0m[38;2;211;208;200m==[48;2;0;0;0m[38;2;242;240;236m [48;2;0;0;0m[38;2;242;119;122mHistorianId[48;2;0;0;0m[38;2;242;240;236m [48;2;0;0;0m[38;2;211;208;200m||[48;2;0;0;0m[38;2;242;240;236m [48;2;0;0;0m[38;2;242;119;122marchetypeId[48;2;0;0;0m[38;2;242;240;236m [48;2;0;0;0m[38;2;211;208;200m==[48;2;0;0;0m[38;2;242;240;236m [48;2;0;0;0m[38;2;242;119;122mParentId[48;2;0;0;0m[38;2;242;240;236m
        1590  [48;2;0;0;0m[38;2;242;240;236m                [48;2;0;0;0m[38;2;211;208;200m||[48;2;0;0;0m[38;2;242;240;236m [48;2;0;0;0m[38;2;242;119;122marchetypeId[48;2;0;0;0m[38;2;242;240;236m [48;2;0;0;0m[38;2;211;208;200m==[48;2;0;0;0m[38;2;242;240;236m [48;2;0;0;0m[38;2;242;119;122mFierceMotherId[48;2;0;0;0m[38;2;242;240;236m [48;2;0;0;0m[38;2;211;208;200m||[48;2;0;0;0m[38;2;242;240;236m [48;2;0;0;0m[38;2;242;119;122marchetypeId[48;2;0;0;0m[38;2;242;240;236m [48;2;0;0;0m[38;2;211;208;200m==[48;2;0;0;0m[38;2;242;240;236m [48;2;0;0;0m[38;2;242;119;122mLiarId[48;2;0;0;0m[38;2;242;240;236m
        1591  [48;2;0;0;0m[38;2;242;240;236m                [48;2;0;0;0m[38;2;211;208;200m||[48;2;0;0;0m[38;2;242;240;236m [48;2;0;0;0m[38;2;242;119;122marchetypeId[48;2;0;0;0m[38;2;242;240;236m [48;2;0;0;0m[38;2;211;208;200m==[48;2;0;0;0m[38;2;242;240;236m [48;2;0;0;0m[38;2;242;119;122mPsychopathId[48;2;0;0;0m[38;2;242;240;236m [48;2;0;0;0m[38;2;211;208;200m||[48;2;0;0;0m[38;2;242;240;236m [48;2;0;0;0m[38;2;242;119;122marchetypeId[48;2;0;0;0m[38;2;242;240;236m [48;2;0;0;0m[38;2;211;208;200m==[48;2;0;0;0m[38;2;242;240;236m [48;2;0;0;0m[38;2;242;119;122mEmpathId[48;2;0;0;0m[38;2;242;240;236m
        1592  [48;2;0;0;0m[38;2;242;240;236m                [48;2;0;0;0m[38;2;211;208;200m||[48;2;0;0;0m[38;2;242;240;236m [48;2;0;0;0m[38;2;242;119;122marchetypeId[48;2;0;0;0m[38;2;242;240;236m [48;2;0;0;0m[38;2;211;208;200m==[48;2;0;0;0m[38;2;242;240;236m [48;2;0;0;0m[38;2;242;119;122mMartyrId[48;2;0;0;0m[38;2;242;240;236m [48;2;0;0;0m[38;2;211;208;200m||[48;2;0;0;0m[38;2;242;240;236m [48;2;0;0;0m[38;2;242;119;122marchetypeId[48;2;0;0;0m[38;2;242;240;236m [48;2;0;0;0m[38;2;211;208;200m==[48;2;0;0;0m[38;2;242;240;236m [48;2;0;0;0m[38;2;242;119;122mThePollyannaId[48;2;0;0;0m[38;2;242;240;236m
              [hid 9 additional lines]

    Complex binary expression

        3839  [48;2;0;0;0m[38;2;242;240;236m                [48;2;0;0;0m[38;2;204;153;204mif[48;2;0;0;0m[38;2;242;240;236m [48;2;0;0;0m[38;2;242;240;236m([48;2;0;0;0m[38;2;242;119;122mc[48;2;0;0;0m[38;2;242;240;236m.[48;2;0;0;0m[38;2;242;119;122mNeeds[48;2;0;0;0m[38;2;242;240;236m.[48;2;0;0;0m[38;2;242;119;122mHunger[48;2;0;0;0m[38;2;242;240;236m [48;2;0;0;0m[38;2;211;208;200m<[48;2;0;0;0m[38;2;242;240;236m [48;2;0;0;0m[38;2;242;119;122mChildNeedsCancelThreshold[48;2;0;0;0m[38;2;242;240;236m
        3840  [48;2;0;0;0m[38;2;242;240;236m                    [48;2;0;0;0m[38;2;211;208;200m||[48;2;0;0;0m[38;2;242;240;236m [48;2;0;0;0m[38;2;242;119;122mc[48;2;0;0;0m[38;2;242;240;236m.[48;2;0;0;0m[38;2;242;119;122mNeeds[48;2;0;0;0m[38;2;242;240;236m.[48;2;0;0;0m[38;2;242;119;122mThirst[48;2;0;0;0m[38;2;242;240;236m [48;2;0;0;0m[38;2;211;208;200m<[48;2;0;0;0m[38;2;242;240;236m [48;2;0;0;0m[38;2;242;119;122mChildNeedsCancelThreshold[48;2;0;0;0m[38;2;242;240;236m
        3841  [48;2;0;0;0m[38;2;242;240;236m                    [48;2;0;0;0m[38;2;211;208;200m||[48;2;0;0;0m[38;2;242;240;236m [48;2;0;0;0m[38;2;242;119;122mc[48;2;0;0;0m[38;2;242;240;236m.[48;2;0;0;0m[38;2;242;119;122mNeeds[48;2;0;0;0m[38;2;242;240;236m.[48;2;0;0;0m[38;2;242;119;122mFatigue[48;2;0;0;0m[38;2;242;240;236m [48;2;0;0;0m[38;2;211;208;200m>[48;2;0;0;0m[38;2;242;240;236m [48;2;0;0;0m[38;2;242;240;236m([48;2;0;0;0m[38;2;249;145;87m100[48;2;0;0;0m[38;2;204;153;204mf[48;2;0;0;0m[38;2;242;240;236m [48;2;0;0;0m[38;2;211;208;200m-[48;2;0;0;0m[38;2;242;240;236m [48;2;0;0;0m[38;2;242;119;122mChildNeedsCancelThreshold[48;2;0;0;0m[38;2;242;240;236m)[48;2;0;0;0m[38;2;242;240;236m

    High total complexity (count = 608)

           1  [48;2;0;0;0m[38;2;204;153;204musing[48;2;0;0;0m[38;2;211;208;200m [48;2;0;0;0m[38;2;211;208;200mSystem[48;2;0;0;0m[38;2;211;208;200m;[48;2;0;0;0m[38;2;211;208;200m
           2  [48;2;0;0;0m[38;2;204;153;204musing[48;2;0;0;0m[38;2;211;208;200m [48;2;0;0;0m[38;2;211;208;200mSystem[48;2;0;0;0m[38;2;211;208;200m.[48;2;0;0;0m[38;2;211;208;200mCollections[48;2;0;0;0m[38;2;211;208;200m.[48;2;0;0;0m[38;2;211;208;200mGeneric[48;2;0;0;0m[38;2;211;208;200m;[48;2;0;0;0m[38;2;211;208;200m
           3  [48;2;0;0;0m[38;2;204;153;204musing[48;2;0;0;0m[38;2;211;208;200m [48;2;0;0;0m[38;2;211;208;200mUnityEngine[48;2;0;0;0m[38;2;211;208;200m;[48;2;0;0;0m[38;2;211;208;200m
           4  [48;2;0;0;0m[38;2;211;208;200m
           5  [48;2;0;0;0m[38;2;204;153;204mnamespace[48;2;0;0;0m[38;2;211;208;200m [48;2;0;0;0m[38;2;211;208;200mAtomicWar[48;2;0;0;0m[38;2;211;208;200m.[48;2;0;0;0m[38;2;211;208;200m_Game[48;2;0;0;0m[38;2;211;208;200m.[48;2;0;0;0m[38;2;211;208;200mSurvivors[48;2;0;0;0m[38;2;211;208;200m
           6  [48;2;0;0;0m[38;2;211;208;200m{[48;2;0;0;0m[38;2;211;208;200m
              [hid 4828 additional lines]

    Function with high complexity (count = 32): ApplyArchetypeFlags

        1129  [48;2;0;0;0m[38;2;242;240;236m        [48;2;0;0;0m[38;2;204;153;204mpublic[48;2;0;0;0m[38;2;242;240;236m [48;2;0;0;0m[38;2;204;153;204mstatic[48;2;0;0;0m[38;2;242;240;236m [48;2;0;0;0m[38;2;204;153;204mvoid[48;2;0;0;0m[38;2;242;240;236m [48;2;0;0;0m[38;2;102;153;204mApplyArchetypeFlags[48;2;0;0;0m[38;2;242;240;236m([48;2;0;0;0m[38;2;242;240;236mSurvivor[48;2;0;0;0m[38;2;242;240;236m [48;2;0;0;0m[38;2;242;119;122msv[48;2;0;0;0m[38;2;242;240;236m,[48;2;0;0;0m[38;2;242;240;236m [48;2;0;0;0m[38;2;204;153;204mstring[48;2;0;0;0m[38;2;242;240;236m [48;2;0;0;0m[38;2;242;119;122marchetypeId[48;2;0;0;0m[38;2;242;240;236m)[48;2;0;0;0m[38;2;242;240;236m
        1130  [48;2;0;0;0m[38;2;242;240;236m        [48;2;0;0;0m[38;2;242;240;236m{[48;2;0;0;0m[38;2;242;240;236m
        1131  [48;2;0;0;0m[38;2;242;240;236m            [48;2;0;0;0m[38;2;204;153;204mif[48;2;0;0;0m[38;2;242;240;236m [48;2;0;0;0m[38;2;242;240;236m([48;2;0;0;0m[38;2;242;119;122msv[48;2;0;0;0m[38;2;242;240;236m [48;2;0;0;0m[38;2;211;208;200m==[48;2;0;0;0m[38;2;242;240;236m [48;2;0;0;0m[38;2;249;145;87mnull[48;2;0;0;0m[38;2;242;240;236m)[48;2;0;0;0m[38;2;242;240;236m [48;2;0;0;0m[38;2;204;153;204mreturn[48;2;0;0;0m[38;2;242;240;236m;[48;2;0;0;0m[38;2;242;240;236m
        1132  [48;2;0;0;0m[38;2;242;240;236m            [48;2;0;0;0m[38;2;204;153;204mif[48;2;0;0;0m[38;2;242;240;236m [48;2;0;0;0m[38;2;242;240;236m([48;2;0;0;0m[38;2;242;119;122marchetypeId[48;2;0;0;0m[38;2;242;240;236m [48;2;0;0;0m[38;2;211;208;200m==[48;2;0;0;0m[38;2;242;240;236m [48;2;0;0;0m[38;2;242;119;122mNaiveSonId[48;2;0;0;0m[38;2;242;240;236m)[48;2;0;0;0m[38;2;242;240;236m
        1133  [48;2;0;0;0m[38;2;242;240;236m            [48;2;0;0;0m[38;2;242;240;236m{[48;2;0;0;0m[38;2;242;240;236m
        1134  [48;2;0;0;0m[38;2;242;240;236m                [48;2;0;0;0m[38;2;242;119;122msv[48;2;0;0;0m[38;2;242;240;236m.[48;2;0;0;0m[38;2;242;119;122mIsChild[48;2;0;0;0m[38;2;242;240;236m [48;2;0;0;0m[38;2;211;208;200m=[48;2;0;0;0m[38;2;242;240;236m [48;2;0;0;0m[38;2;249;145;87mtrue[48;2;0;0;0m[38;2;242;240;236m;[48;2;0;0;0m[38;2;242;240;236m
              [hid 87 additional lines]

    Function with high complexity (count = 25): ApplyLatentTraitSideEffects

        3100  [48;2;0;0;0m[38;2;242;240;236m        [48;2;0;0;0m[38;2;204;153;204mprivate[48;2;0;0;0m[38;2;242;240;236m [48;2;0;0;0m[38;2;204;153;204mstatic[48;2;0;0;0m[38;2;242;240;236m [48;2;0;0;0m[38;2;204;153;204mvoid[48;2;0;0;0m[38;2;242;240;236m [48;2;0;0;0m[38;2;102;153;204mApplyLatentTraitSideEffects[48;2;0;0;0m[38;2;242;240;236m([48;2;0;0;0m[38;2;242;240;236mSurvivor[48;2;0;0;0m[38;2;242;240;236m [48;2;0;0;0m[38;2;242;119;122msv[48;2;0;0;0m[38;2;242;240;236m,[48;2;0;0;0m[38;2;242;240;236m [48;2;0;0;0m[38;2;204;153;204mstring[48;2;0;0;0m[38;2;242;240;236m [48;2;0;0;0m[38;2;242;119;122mtraitId[48;2;0;0;0m[38;2;242;240;236m)[48;2;0;0;0m[38;2;242;240;236m
        3101  [48;2;0;0;0m[38;2;242;240;236m        [48;2;0;0;0m[38;2;242;240;236m{[48;2;0;0;0m[38;2;242;240;236m
        3102  [48;2;0;0;0m[38;2;242;240;236m            [48;2;0;0;0m[38;2;204;153;204mif[48;2;0;0;0m[38;2;242;240;236m [48;2;0;0;0m[38;2;242;240;236m([48;2;0;0;0m[38;2;242;119;122msv[48;2;0;0;0m[38;2;242;240;236m [48;2;0;0;0m[38;2;211;208;200m==[48;2;0;0;0m[38;2;242;240;236m [48;2;0;0;0m[38;2;249;145;87mnull[48;2;0;0;0m[38;2;242;240;236m [48;2;0;0;0m[38;2;211;208;200m||[48;2;0;0;0m[38;2;242;240;236m [48;2;0;0;0m[38;2;204;153;204mstring[48;2;0;0;0m[38;2;242;240;236m.[48;2;0;0;0m[38;2;102;153;204mIsNullOrEmpty[48;2;0;0;0m[38;2;242;240;236m([48;2;0;0;0m[38;2;242;119;122mtraitId[48;2;0;0;0m[38;2;242;240;236m)[48;2;0;0;0m[38;2;242;240;236m)[48;2;0;0;0m[38;2;242;240;236m [48;2;0;0;0m[38;2;204;153;204mreturn[48;2;0;0;0m[38;2;242;240;236m;[48;2;0;0;0m[38;2;242;240;236m
        3103  [48;2;0;0;0m[38;2;242;240;236m            [48;2;0;0;0m[38;2;204;153;204mif[48;2;0;0;0m[38;2;242;240;236m [48;2;0;0;0m[38;2;242;240;236m([48;2;0;0;0m[38;2;204;153;204mstring[48;2;0;0;0m[38;2;242;240;236m.[48;2;0;0;0m[38;2;102;153;204mEquals[48;2;0;0;0m[38;2;242;240;236m([48;2;0;0;0m[38;2;242;119;122mtraitId[48;2;0;0;0m[38;2;242;240;236m,[48;2;0;0;0m[38;2;242;240;236m [48;2;0;0;0m[38;2;242;119;122mJuggernautId[48;2;0;0;0m[38;2;242;240;236m,[48;2;0;0;0m[38;2;242;240;236m [48;2;0;0;0m[38;2;242;119;122mStringComparison[48;2;0;0;0m[38;2;242;240;236m.[48;2;0;0;0m[38;2;242;119;122mOrdinal[48;2;0;0;0m[38;2;242;240;236m)[48;2;0;0;0m[38;2;242;240;236m)[48;2;0;0;0m[38;2;242;240;236m
        3104  [48;2;0;0;0m[38;2;242;240;236m            [48;2;0;0;0m[38;2;242;240;236m{[48;2;0;0;0m[38;2;242;240;236m
        3105  [48;2;0;0;0m[38;2;242;240;236m                [48;2;0;0;0m[38;2;204;153;204mfloat[48;2;0;0;0m[38;2;242;240;236m [48;2;0;0;0m[38;2;242;119;122mbaseHp[48;2;0;0;0m[38;2;242;240;236m [48;2;0;0;0m[38;2;211;208;200m=[48;2;0;0;0m[38;2;242;240;236m [48;2;0;0;0m[38;2;242;119;122msv[48;2;0;0;0m[38;2;242;240;236m.[48;2;0;0;0m[38;2;242;119;122mBaseMaxHealth[48;2;0;0;0m[38;2;242;240;236m [48;2;0;0;0m[38;2;211;208;200m>[48;2;0;0;0m[38;2;242;240;236m [48;2;0;0;0m[38;2;249;145;87m0[48;2;0;0;0m[38;2;204;153;204mf[48;2;0;0;0m[38;2;242;240;236m [48;2;0;0;0m[38;2;211;208;200m?[48;2;0;0;0m[38;2;242;240;236m [48;2;0;0;0m[38;2;242;119;122msv[48;2;0;0;0m[38;2;242;240;236m.[48;2;0;0;0m[38;2;242;119;122mBaseMaxHealth[48;2;0;0;0m[38;2;242;240;236m [48;2;0;0;0m[38;2;211;208;200m:[48;2;0;0;0m[38;2;242;240;236m [48;2;0;0;0m[38;2;249;145;87m100[48;2;0;0;0m[38;2;204;153;204mf[48;2;0;0;0m[38;2;242;240;236m;[48;2;0;0;0m[38;2;242;240;236m
              [hid 43 additional lines]

    Found 23 lines of similar code in 2 locations (mass = 161)

        2677  [48;2;0;0;0m[38;2;242;240;236m        [48;2;0;0;0m[38;2;204;153;204mpublic[48;2;0;0;0m[38;2;242;240;236m [48;2;0;0;0m[38;2;204;153;204mvoid[48;2;0;0;0m[38;2;242;240;236m [48;2;0;0;0m[38;2;102;153;204mRecordWithdrawalCleanDay[48;2;0;0;0m[38;2;242;240;236m([48;2;0;0;0m[38;2;242;240;236mSurvivor[48;2;0;0;0m[38;2;242;240;236m [48;2;0;0;0m[38;2;242;119;122maddict[48;2;0;0;0m[38;2;242;240;236m,[48;2;0;0;0m[38;2;242;240;236m [48;2;0;0;0m[38;2;204;153;204mbool[48;2;0;0;0m[38;2;242;240;236m [48;2;0;0;0m[38;2;242;119;122mrelapsed[48;2;0;0;0m[38;2;242;240;236m,[48;2;0;0;0m[38;2;242;240;236m [48;2;0;0;0m[38;2;204;153;204mint[48;2;0;0;0m[38;2;242;240;236m [48;2;0;0;0m[38;2;242;119;122mcurrentDay[48;2;0;0;0m[38;2;242;240;236m [48;2;0;0;0m[38;2;211;208;200m=[48;2;0;0;0m[38;2;242;240;236m [48;2;0;0;0m[38;2;249;145;87m0[48;2;0;0;0m[38;2;242;240;236m)[48;2;0;0;0m[38;2;242;240;236m
        2678  [48;2;0;0;0m[38;2;242;240;236m        [48;2;0;0;0m[38;2;242;240;236m{[48;2;0;0;0m[38;2;242;240;236m
        2679  [48;2;0;0;0m[38;2;242;240;236m            [48;2;0;0;0m[38;2;204;153;204mif[48;2;0;0;0m[38;2;242;240;236m [48;2;0;0;0m[38;2;242;240;236m([48;2;0;0;0m[38;2;242;119;122maddict[48;2;0;0;0m[38;2;242;240;236m [48;2;0;0;0m[38;2;211;208;200m==[48;2;0;0;0m[38;2;242;240;236m [48;2;0;0;0m[38;2;249;145;87mnull[48;2;0;0;0m[38;2;242;240;236m [48;2;0;0;0m[38;2;211;208;200m||[48;2;0;0;0m[38;2;242;240;236m [48;2;0;0;0m[38;2;211;208;200m![48;2;0;0;0m[38;2;242;119;122maddict[48;2;0;0;0m[38;2;242;240;236m.[48;2;0;0;0m[38;2;242;119;122mIsAlive[48;2;0;0;0m[38;2;242;240;236m)[48;2;0;0;0m[38;2;242;240;236m [48;2;0;0;0m[38;2;204;153;204mreturn[48;2;0;0;0m[38;2;242;240;236m;[48;2;0;0;0m[38;2;242;240;236m
        2680  [48;2;0;0;0m[38;2;242;240;236m            [48;2;0;0;0m[38;2;204;153;204mvar[48;2;0;0;0m[38;2;242;240;236m [48;2;0;0;0m[38;2;242;119;122mstate[48;2;0;0;0m[38;2;242;240;236m [48;2;0;0;0m[38;2;211;208;200m=[48;2;0;0;0m[38;2;242;240;236m [48;2;0;0;0m[38;2;102;153;204mGetOrCreate[48;2;0;0;0m[38;2;242;240;236m([48;2;0;0;0m[38;2;242;119;122maddict[48;2;0;0;0m[38;2;242;240;236m.[48;2;0;0;0m[38;2;242;119;122mId[48;2;0;0;0m[38;2;242;240;236m)[48;2;0;0;0m[38;2;242;240;236m;[48;2;0;0;0m[38;2;242;240;236m
        2681  [48;2;0;0;0m[38;2;242;240;236m            [48;2;0;0;0m[38;2;102;153;204mSyncFromSurvivor[48;2;0;0;0m[38;2;242;240;236m([48;2;0;0;0m[38;2;242;119;122maddict[48;2;0;0;0m[38;2;242;240;236m,[48;2;0;0;0m[38;2;242;240;236m [48;2;0;0;0m[38;2;242;119;122mstate[48;2;0;0;0m[38;2;242;240;236m)[48;2;0;0;0m[38;2;242;240;236m;[48;2;0;0;0m[38;2;242;240;236m
        2682  [48;2;0;0;0m[38;2;242;240;236m            [48;2;0;0;0m[38;2;204;153;204mif[48;2;0;0;0m[38;2;242;240;236m [48;2;0;0;0m[38;2;242;240;236m([48;2;0;0;0m[38;2;211;208;200m![48;2;0;0;0m[38;2;242;119;122mstate[48;2;0;0;0m[38;2;242;240;236m.[48;2;0;0;0m[38;2;242;119;122mQuestActive[48;2;0;0;0m[38;2;242;240;236m)[48;2;0;0;0m[38;2;242;240;236m [48;2;0;0;0m[38;2;204;153;204mreturn[48;2;0;0;0m[38;2;242;240;236m;[48;2;0;0;0m[38;2;242;240;236m
              [hid 17 additional lines]
        also found at Assets/_Game/Survivors/PersonalQuestSystem.Chemistry.cs

    Found 17 lines of similar code in 3 locations (mass = 111)

        2123  [48;2;0;0;0m[38;2;242;240;236m        [48;2;0;0;0m[38;2;204;153;204mpublic[48;2;0;0;0m[38;2;242;240;236m [48;2;0;0;0m[38;2;204;153;204mvoid[48;2;0;0;0m[38;2;242;240;236m [48;2;0;0;0m[38;2;102;153;204mRecordSubstationRepaired[48;2;0;0;0m[38;2;242;240;236m([48;2;0;0;0m[38;2;242;240;236m
        2124  [48;2;0;0;0m[38;2;242;240;236m            [48;2;0;0;0m[38;2;242;240;236mSurvivor[48;2;0;0;0m[38;2;242;240;236m [48;2;0;0;0m[38;2;242;119;122melectrician[48;2;0;0;0m[38;2;242;240;236m,[48;2;0;0;0m[38;2;242;240;236m
        2125  [48;2;0;0;0m[38;2;242;240;236m            [48;2;0;0;0m[38;2;204;153;204mbool[48;2;0;0;0m[38;2;242;240;236m [48;2;0;0;0m[38;2;242;119;122mduringFalloutStorm[48;2;0;0;0m[38;2;242;240;236m,[48;2;0;0;0m[38;2;242;240;236m
        2126  [48;2;0;0;0m[38;2;242;240;236m            [48;2;0;0;0m[38;2;204;153;204mint[48;2;0;0;0m[38;2;242;240;236m [48;2;0;0;0m[38;2;242;119;122mcurrentDay[48;2;0;0;0m[38;2;242;240;236m [48;2;0;0;0m[38;2;211;208;200m=[48;2;0;0;0m[38;2;242;240;236m [48;2;0;0;0m[38;2;249;145;87m0[48;2;0;0;0m[38;2;242;240;236m)[48;2;0;0;0m[38;2;242;240;236m
        2127  [48;2;0;0;0m[38;2;242;240;236m        [48;2;0;0;0m[38;2;242;240;236m{[48;2;0;0;0m[38;2;242;240;236m
        2128  [48;2;0;0;0m[38;2;242;240;236m            [48;2;0;0;0m[38;2;204;153;204mif[48;2;0;0;0m[38;2;242;240;236m [48;2;0;0;0m[38;2;242;240;236m([48;2;0;0;0m[38;2;242;119;122melectrician[48;2;0;0;0m[38;2;242;240;236m [48;2;0;0;0m[38;2;211;208;200m==[48;2;0;0;0m[38;2;242;240;236m [48;2;0;0;0m[38;2;249;145;87mnull[48;2;0;0;0m[38;2;242;240;236m [48;2;0;0;0m[38;2;211;208;200m||[48;2;0;0;0m[38;2;242;240;236m [48;2;0;0;0m[38;2;211;208;200m![48;2;0;0;0m[38;2;242;119;122melectrician[48;2;0;0;0m[38;2;242;240;236m.[48;2;0;0;0m[38;2;242;119;122mIsAlive[48;2;0;0;0m[38;2;242;240;236m [48;2;0;0;0m[38;2;211;208;200m||[48;2;0;0;0m[38;2;242;240;236m [48;2;0;0;0m[38;2;211;208;200m![48;2;0;0;0m[38;2;242;119;122mduringFalloutStorm[48;2;0;0;0m[38;2;242;240;236m)[48;2;0;0;0m[38;2;242;240;236m [48;2;0;0;0m[38;2;204;153;204mreturn[48;2;0;0;0m[38;2;242;240;236m;[48;2;0;0;0m[38;2;242;240;236m
              [hid 11 additional lines]
        also found at Assets/_Game/Survivors/PersonalQuestSystem.cs
        also found at Assets/_Game/Survivors/PersonalQuestSystem.cs

    Found 17 lines of similar code in 3 locations (mass = 111)

        2288  [48;2;0;0;0m[38;2;242;240;236m        [48;2;0;0;0m[38;2;204;153;204mpublic[48;2;0;0;0m[38;2;242;240;236m [48;2;0;0;0m[38;2;204;153;204mvoid[48;2;0;0;0m[38;2;242;240;236m [48;2;0;0;0m[38;2;102;153;204mRecordRadarDishAligned[48;2;0;0;0m[38;2;242;240;236m([48;2;0;0;0m[38;2;242;240;236m
        2289  [48;2;0;0;0m[38;2;242;240;236m            [48;2;0;0;0m[38;2;242;240;236mSurvivor[48;2;0;0;0m[38;2;242;240;236m [48;2;0;0;0m[38;2;242;119;122mmeteorologist[48;2;0;0;0m[38;2;242;240;236m,[48;2;0;0;0m[38;2;242;240;236m
        2290  [48;2;0;0;0m[38;2;242;240;236m            [48;2;0;0;0m[38;2;204;153;204mbool[48;2;0;0;0m[38;2;242;240;236m [48;2;0;0;0m[38;2;242;119;122mduringFalloutStorm[48;2;0;0;0m[38;2;242;240;236m,[48;2;0;0;0m[38;2;242;240;236m
        2291  [48;2;0;0;0m[38;2;242;240;236m            [48;2;0;0;0m[38;2;204;153;204mint[48;2;0;0;0m[38;2;242;240;236m [48;2;0;0;0m[38;2;242;119;122mcurrentDay[48;2;0;0;0m[38;2;242;240;236m [48;2;0;0;0m[38;2;211;208;200m=[48;2;0;0;0m[38;2;242;240;236m [48;2;0;0;0m[38;2;249;145;87m0[48;2;0;0;0m[38;2;242;240;236m)[48;2;0;0;0m[38;2;242;240;236m
        2292  [48;2;0;0;0m[38;2;242;240;236m        [48;2;0;0;0m[38;2;242;240;236m{[48;2;0;0;0m[38;2;242;240;236m
        2293  [48;2;0;0;0m[38;2;242;240;236m            [48;2;0;0;0m[38;2;204;153;204mif[48;2;0;0;0m[38;2;242;240;236m [48;2;0;0;0m[38;2;242;240;236m([48;2;0;0;0m[38;2;242;119;122mmeteorologist[48;2;0;0;0m[38;2;242;240;236m [48;2;0;0;0m[38;2;211;208;200m==[48;2;0;0;0m[38;2;242;240;236m [48;2;0;0;0m[38;2;249;145;87mnull[48;2;0;0;0m[38;2;242;240;236m [48;2;0;0;0m[38;2;211;208;200m||[48;2;0;0;0m[38;2;242;240;236m [48;2;0;0;0m[38;2;211;208;200m![48;2;0;0;0m[38;2;242;119;122mmeteorologist[48;2;0;0;0m[38;2;242;240;236m.[48;2;0;0;0m[38;2;242;119;122mIsAlive[48;2;0;0;0m[38;2;242;240;236m [48;2;0;0;0m[38;2;211;208;200m||[48;2;0;0;0m[38;2;242;240;236m [48;2;0;0;0m[38;2;211;208;200m![48;2;0;0;0m[38;2;242;119;122mduringFalloutStorm[48;2;0;0;0m[38;2;242;240;236m)[48;2;0;0;0m[38;2;242;240;236m [48;2;0;0;0m[38;2;204;153;204mreturn[48;2;0;0;0m[38;2;242;240;236m;[48;2;0;0;0m[38;2;242;240;236m
              [hid 11 additional lines]
        also found at Assets/_Game/Survivors/PersonalQuestSystem.cs
        also found at Assets/_Game/Survivors/PersonalQuestSystem.cs

    Found 16 lines of similar code in 3 locations (mass = 111)

        2639  [48;2;0;0;0m[38;2;242;240;236m        [48;2;0;0;0m[38;2;204;153;204mpublic[48;2;0;0;0m[38;2;242;240;236m [48;2;0;0;0m[38;2;204;153;204mvoid[48;2;0;0;0m[38;2;242;240;236m [48;2;0;0;0m[38;2;102;153;204mRecordConstitutionRetrieved[48;2;0;0;0m[38;2;242;240;236m([48;2;0;0;0m[38;2;242;240;236m
        2640  [48;2;0;0;0m[38;2;242;240;236m            [48;2;0;0;0m[38;2;242;240;236mSurvivor[48;2;0;0;0m[38;2;242;240;236m [48;2;0;0;0m[38;2;242;119;122mhistorian[48;2;0;0;0m[38;2;242;240;236m,[48;2;0;0;0m[38;2;242;240;236m
        2641  [48;2;0;0;0m[38;2;242;240;236m            [48;2;0;0;0m[38;2;204;153;204mbool[48;2;0;0;0m[38;2;242;240;236m [48;2;0;0;0m[38;2;242;119;122mmuseumBurning[48;2;0;0;0m[38;2;242;240;236m,[48;2;0;0;0m[38;2;242;240;236m
        2642  [48;2;0;0;0m[38;2;242;240;236m            [48;2;0;0;0m[38;2;204;153;204mint[48;2;0;0;0m[38;2;242;240;236m [48;2;0;0;0m[38;2;242;119;122mcurrentDay[48;2;0;0;0m[38;2;242;240;236m [48;2;0;0;0m[38;2;211;208;200m=[48;2;0;0;0m[38;2;242;240;236m [48;2;0;0;0m[38;2;249;145;87m0[48;2;0;0;0m[38;2;242;240;236m)[48;2;0;0;0m[38;2;242;240;236m
        2643  [48;2;0;0;0m[38;2;242;240;236m        [48;2;0;0;0m[38;2;242;240;236m{[48;2;0;0;0m[38;2;242;240;236m
        2644  [48;2;0;0;0m[38;2;242;240;236m            [48;2;0;0;0m[38;2;204;153;204mif[48;2;0;0;0m[38;2;242;240;236m [48;2;0;0;0m[38;2;242;240;236m([48;2;0;0;0m[38;2;242;119;122mhistorian[48;2;0;0;0m[38;2;242;240;236m [48;2;0;0;0m[38;2;211;208;200m==[48;2;0;0;0m[38;2;242;240;236m [48;2;0;0;0m[38;2;249;145;87mnull[48;2;0;0;0m[38;2;242;240;236m [48;2;0;0;0m[38;2;211;208;200m||[48;2;0;0;0m[38;2;242;240;236m [48;2;0;0;0m[38;2;211;208;200m![48;2;0;0;0m[38;2;242;119;122mhistorian[48;2;0;0;0m[38;2;242;240;236m.[48;2;0;0;0m[38;2;242;119;122mIsAlive[48;2;0;0;0m[38;2;242;240;236m [48;2;0;0;0m[38;2;211;208;200m||[48;2;0;0;0m[38;2;242;240;236m [48;2;0;0;0m[38;2;211;208;200m![48;2;0;0;0m[38;2;242;119;122mmuseumBurning[48;2;0;0;0m[38;2;242;240;236m)[48;2;0;0;0m[38;2;242;240;236m [48;2;0;0;0m[38;2;204;153;204mreturn[48;2;0;0;0m[38;2;242;240;236m;[48;2;0;0;0m[38;2;242;240;236m
              [hid 10 additional lines]
        also found at Assets/_Game/Survivors/PersonalQuestSystem.cs
        also found at Assets/_Game/Survivors/PersonalQuestSystem.cs

    Found 22 lines of similar code in 2 locations (mass = 200)

        2429  [48;2;0;0;0m[38;2;242;240;236m        [48;2;0;0;0m[38;2;204;153;204mpublic[48;2;0;0;0m[38;2;242;240;236m [48;2;0;0;0m[38;2;204;153;204mvoid[48;2;0;0;0m[38;2;242;240;236m [48;2;0;0;0m[38;2;102;153;204mRecordFirstStrikeIntel[48;2;0;0;0m[38;2;242;240;236m([48;2;0;0;0m[38;2;242;240;236mSurvivor[48;2;0;0;0m[38;2;242;240;236m [48;2;0;0;0m[38;2;242;119;122mreporter[48;2;0;0;0m[38;2;242;240;236m,[48;2;0;0;0m[38;2;242;240;236m [48;2;0;0;0m[38;2;204;153;204mstring[48;2;0;0;0m[38;2;242;240;236m [48;2;0;0;0m[38;2;242;119;122mintelId[48;2;0;0;0m[38;2;242;240;236m,[48;2;0;0;0m[38;2;242;240;236m [48;2;0;0;0m[38;2;204;153;204mint[48;2;0;0;0m[38;2;242;240;236m [48;2;0;0;0m[38;2;242;119;122mcurrentDay[48;2;0;0;0m[38;2;242;240;236m [48;2;0;0;0m[38;2;211;208;200m=[48;2;0;0;0m[38;2;242;240;236m [48;2;0;0;0m[38;2;249;145;87m0[48;2;0;0;0m[38;2;242;240;236m)[48;2;0;0;0m[38;2;242;240;236m
        2430  [48;2;0;0;0m[38;2;242;240;236m        [48;2;0;0;0m[38;2;242;240;236m{[48;2;0;0;0m[38;2;242;240;236m
        2431  [48;2;0;0;0m[38;2;242;240;236m            [48;2;0;0;0m[38;2;204;153;204mif[48;2;0;0;0m[38;2;242;240;236m [48;2;0;0;0m[38;2;242;240;236m([48;2;0;0;0m[38;2;242;119;122mreporter[48;2;0;0;0m[38;2;242;240;236m [48;2;0;0;0m[38;2;211;208;200m==[48;2;0;0;0m[38;2;242;240;236m [48;2;0;0;0m[38;2;249;145;87mnull[48;2;0;0;0m[38;2;242;240;236m [48;2;0;0;0m[38;2;211;208;200m||[48;2;0;0;0m[38;2;242;240;236m [48;2;0;0;0m[38;2;211;208;200m![48;2;0;0;0m[38;2;242;119;122mreporter[48;2;0;0;0m[38;2;242;240;236m.[48;2;0;0;0m[38;2;242;119;122mIsAlive[48;2;0;0;0m[38;2;242;240;236m [48;2;0;0;0m[38;2;211;208;200m||[48;2;0;0;0m[38;2;242;240;236m [48;2;0;0;0m[38;2;204;153;204mstring[48;2;0;0;0m[38;2;242;240;236m.[48;2;0;0;0m[38;2;102;153;204mIsNullOrEmpty[48;2;0;0;0m[38;2;242;240;236m([48;2;0;0;0m[38;2;242;119;122mintelId[48;2;0;0;0m[38;2;242;240;236m)[48;2;0;0;0m[38;2;242;240;236m)[48;2;0;0;0m[38;2;242;240;236m [48;2;0;0;0m[38;2;204;153;204mreturn[48;2;0;0;0m[38;2;242;240;236m;[48;2;0;0;0m[38;2;242;240;236m
        2432  [48;2;0;0;0m[38;2;242;240;236m            [48;2;0;0;0m[38;2;204;153;204mvar[48;2;0;0;0m[38;2;242;240;236m [48;2;0;0;0m[38;2;242;119;122mstate[48;2;0;0;0m[38;2;242;240;236m [48;2;0;0;0m[38;2;211;208;200m=[48;2;0;0;0m[38;2;242;240;236m [48;2;0;0;0m[38;2;102;153;204mGetOrCreate[48;2;0;0;0m[38;2;242;240;236m([48;2;0;0;0m[38;2;242;119;122mreporter[48;2;0;0;0m[38;2;242;240;236m.[48;2;0;0;0m[38;2;242;119;122mId[48;2;0;0;0m[38;2;242;240;236m)[48;2;0;0;0m[38;2;242;240;236m;[48;2;0;0;0m[38;2;242;240;236m
        2433  [48;2;0;0;0m[38;2;242;240;236m            [48;2;0;0;0m[38;2;102;153;204mSyncFromSurvivor[48;2;0;0;0m[38;2;242;240;236m([48;2;0;0;0m[38;2;242;119;122mreporter[48;2;0;0;0m[38;2;242;240;236m,[48;2;0;0;0m[38;2;242;240;236m [48;2;0;0;0m[38;2;242;119;122mstate[48;2;0;0;0m[38;2;242;240;236m)[48;2;0;0;0m[38;2;242;240;236m;[48;2;0;0;0m[38;2;242;240;236m
        2434  [48;2;0;0;0m[38;2;242;240;236m            [48;2;0;0;0m[38;2;204;153;204mif[48;2;0;0;0m[38;2;242;240;236m [48;2;0;0;0m[38;2;242;240;236m([48;2;0;0;0m[38;2;211;208;200m![48;2;0;0;0m[38;2;242;119;122mstate[48;2;0;0;0m[38;2;242;240;236m.[48;2;0;0;0m[38;2;242;119;122mQuestActive[48;2;0;0;0m[38;2;242;240;236m)[48;2;0;0;0m[38;2;242;240;236m [48;2;0;0;0m[38;2;204;153;204mreturn[48;2;0;0;0m[38;2;242;240;236m;[48;2;0;0;0m[38;2;242;240;236m
              [hid 16 additional lines]
        also found at Assets/_Game/Survivors/PersonalQuestSystem.Rebuilders.cs

    Found 19 lines of similar code in 16 locations (mass = 118)

        2823  [48;2;0;0;0m[38;2;242;240;236m        [48;2;0;0;0m[38;2;204;153;204mpublic[48;2;0;0;0m[38;2;242;240;236m [48;2;0;0;0m[38;2;204;153;204mvoid[48;2;0;0;0m[38;2;242;240;236m [48;2;0;0;0m[38;2;102;153;204mRecordRaiderKillingBlow[48;2;0;0;0m[38;2;242;240;236m([48;2;0;0;0m[38;2;242;240;236m
        2824  [48;2;0;0;0m[38;2;242;240;236m            [48;2;0;0;0m[38;2;242;240;236mSurvivor[48;2;0;0;0m[38;2;242;240;236m [48;2;0;0;0m[38;2;242;119;122mdaughter[48;2;0;0;0m[38;2;242;240;236m,[48;2;0;0;0m[38;2;242;240;236m
        2825  [48;2;0;0;0m[38;2;242;240;236m            [48;2;0;0;0m[38;2;204;153;204mbool[48;2;0;0;0m[38;2;242;240;236m [48;2;0;0;0m[38;2;242;119;122mduringHatchBreach[48;2;0;0;0m[38;2;242;240;236m,[48;2;0;0;0m[38;2;242;240;236m
        2826  [48;2;0;0;0m[38;2;242;240;236m            [48;2;0;0;0m[38;2;204;153;204mbool[48;2;0;0;0m[38;2;242;240;236m [48;2;0;0;0m[38;2;242;119;122misFactionRaider[48;2;0;0;0m[38;2;242;240;236m,[48;2;0;0;0m[38;2;242;240;236m
        2827  [48;2;0;0;0m[38;2;242;240;236m            [48;2;0;0;0m[38;2;204;153;204mint[48;2;0;0;0m[38;2;242;240;236m [48;2;0;0;0m[38;2;242;119;122mcurrentDay[48;2;0;0;0m[38;2;242;240;236m [48;2;0;0;0m[38;2;211;208;200m=[48;2;0;0;0m[38;2;242;240;236m [48;2;0;0;0m[38;2;249;145;87m0[48;2;0;0;0m[38;2;242;240;236m)[48;2;0;0;0m[38;2;242;240;236m
        2828  [48;2;0;0;0m[38;2;242;240;236m        [48;2;0;0;0m[38;2;242;240;236m{[48;2;0;0;0m[38;2;242;240;236m
              [hid 13 additional lines]
        also found at Assets/_Game/Survivors/PersonalQuestSystem.CivilWar.cs
        also found at Assets/_Game/Survivors/PersonalQuestSystem.CivilWar.cs
        also found at Assets/_Game/Survivors/PersonalQuestSystem.CivilWar.cs
        also found at Assets/_Game/Survivors/PersonalQuestSystem.Titles.cs
        also found at Assets/_Game/Survivors/PersonalQuestSystem.Titles.cs
        also found at Assets/_Game/Survivors/PersonalQuestSystem.Chemistry.cs
        also found at Assets/_Game/Survivors/PersonalQuestSystem.Chemistry.cs
        also found at Assets/_Game/Survivors/PersonalQuestSystem.Rebuilders.cs
        also found at Assets/_Game/Survivors/PersonalQuestSystem.Rebuilders.cs
        also found at Assets/_Game/Survivors/PersonalQuestSystem.Ashes.cs
        also found at Assets/_Game/Survivors/PersonalQuestSystem.Ashes.cs
        also found at Assets/_Game/Survivors/PersonalQuestSystem.Ashes.cs
        also found at Assets/_Game/Survivors/PersonalQuestSystem.Ashes.cs
        also found at Assets/_Game/Survivors/PersonalQuestSystem.Ashes.cs
        also found at Assets/_Game/Survivors/PersonalQuestSystem.cs

    Found 19 lines of similar code in 16 locations (mass = 118)

        2991  [48;2;0;0;0m[38;2;242;240;236m        [48;2;0;0;0m[38;2;204;153;204mpublic[48;2;0;0;0m[38;2;242;240;236m [48;2;0;0;0m[38;2;204;153;204mvoid[48;2;0;0;0m[38;2;242;240;236m [48;2;0;0;0m[38;2;102;153;204mRecordLethalPhase2Cured[48;2;0;0;0m[38;2;242;240;236m([48;2;0;0;0m[38;2;242;240;236m
        2992  [48;2;0;0;0m[38;2;242;240;236m            [48;2;0;0;0m[38;2;242;240;236mSurvivor[48;2;0;0;0m[38;2;242;240;236m [48;2;0;0;0m[38;2;242;119;122mliar[48;2;0;0;0m[38;2;242;240;236m,[48;2;0;0;0m[38;2;242;240;236m
        2993  [48;2;0;0;0m[38;2;242;240;236m            [48;2;0;0;0m[38;2;204;153;204mbool[48;2;0;0;0m[38;2;242;240;236m [48;2;0;0;0m[38;2;242;119;122mwasHiddenFromPlayer[48;2;0;0;0m[38;2;242;240;236m,[48;2;0;0;0m[38;2;242;240;236m
        2994  [48;2;0;0;0m[38;2;242;240;236m            [48;2;0;0;0m[38;2;204;153;204mbool[48;2;0;0;0m[38;2;242;240;236m [48;2;0;0;0m[38;2;242;119;122misPhase2Lethal[48;2;0;0;0m[38;2;242;240;236m,[48;2;0;0;0m[38;2;242;240;236m
        2995  [48;2;0;0;0m[38;2;242;240;236m            [48;2;0;0;0m[38;2;204;153;204mint[48;2;0;0;0m[38;2;242;240;236m [48;2;0;0;0m[38;2;242;119;122mcurrentDay[48;2;0;0;0m[38;2;242;240;236m [48;2;0;0;0m[38;2;211;208;200m=[48;2;0;0;0m[38;2;242;240;236m [48;2;0;0;0m[38;2;249;145;87m0[48;2;0;0;0m[38;2;242;240;236m)[48;2;0;0;0m[38;2;242;240;236m
        2996  [48;2;0;0;0m[38;2;242;240;236m        [48;2;0;0;0m[38;2;242;240;236m{[48;2;0;0;0m[38;2;242;240;236m
              [hid 13 additional lines]
        also found at Assets/_Game/Survivors/PersonalQuestSystem.CivilWar.cs
        also found at Assets/_Game/Survivors/PersonalQuestSystem.CivilWar.cs
        also found at Assets/_Game/Survivors/PersonalQuestSystem.CivilWar.cs
        also found at Assets/_Game/Survivors/PersonalQuestSystem.Titles.cs
        also found at Assets/_Game/Survivors/PersonalQuestSystem.Titles.cs
        also found at Assets/_Game/Survivors/PersonalQuestSystem.Chemistry.cs
        also found at Assets/_Game/Survivors/PersonalQuestSystem.Chemistry.cs
        also found at Assets/_Game/Survivors/PersonalQuestSystem.Rebuilders.cs
        also found at Assets/_Game/Survivors/PersonalQuestSystem.Rebuilders.cs
        also found at Assets/_Game/Survivors/PersonalQuestSystem.Ashes.cs
        also found at Assets/_Game/Survivors/PersonalQuestSystem.Ashes.cs
        also found at Assets/_Game/Survivors/PersonalQuestSystem.Ashes.cs
        also found at Assets/_Game/Survivors/PersonalQuestSystem.Ashes.cs
        also found at Assets/_Game/Survivors/PersonalQuestSystem.Ashes.cs
        also found at Assets/_Game/Survivors/PersonalQuestSystem.cs

    Found 15 lines of similar code in 2 locations (mass = 117)

        2377  [48;2;0;0;0m[38;2;242;240;236m        [48;2;0;0;0m[38;2;204;153;204mpublic[48;2;0;0;0m[38;2;242;240;236m [48;2;0;0;0m[38;2;204;153;204mvoid[48;2;0;0;0m[38;2;242;240;236m [48;2;0;0;0m[38;2;102;153;204mRecordCrisisOfFaith[48;2;0;0;0m[38;2;242;240;236m([48;2;0;0;0m[38;2;242;240;236mSurvivor[48;2;0;0;0m[38;2;242;240;236m [48;2;0;0;0m[38;2;242;119;122mpriest[48;2;0;0;0m[38;2;242;240;236m,[48;2;0;0;0m[38;2;242;240;236m [48;2;0;0;0m[38;2;204;153;204mint[48;2;0;0;0m[38;2;242;240;236m [48;2;0;0;0m[38;2;242;119;122mcurrentDay[48;2;0;0;0m[38;2;242;240;236m [48;2;0;0;0m[38;2;211;208;200m=[48;2;0;0;0m[38;2;242;240;236m [48;2;0;0;0m[38;2;249;145;87m0[48;2;0;0;0m[38;2;242;240;236m)[48;2;0;0;0m[38;2;242;240;236m
        2378  [48;2;0;0;0m[38;2;242;240;236m        [48;2;0;0;0m[38;2;242;240;236m{[48;2;0;0;0m[38;2;242;240;236m
        2379  [48;2;0;0;0m[38;2;242;240;236m            [48;2;0;0;0m[38;2;204;153;204mif[48;2;0;0;0m[38;2;242;240;236m [48;2;0;0;0m[38;2;242;240;236m([48;2;0;0;0m[38;2;242;119;122mpriest[48;2;0;0;0m[38;2;242;240;236m [48;2;0;0;0m[38;2;211;208;200m==[48;2;0;0;0m[38;2;242;240;236m [48;2;0;0;0m[38;2;249;145;87mnull[48;2;0;0;0m[38;2;242;240;236m [48;2;0;0;0m[38;2;211;208;200m||[48;2;0;0;0m[38;2;242;240;236m [48;2;0;0;0m[38;2;211;208;200m![48;2;0;0;0m[38;2;242;119;122mpriest[48;2;0;0;0m[38;2;242;240;236m.[48;2;0;0;0m[38;2;242;119;122mIsAlive[48;2;0;0;0m[38;2;242;240;236m)[48;2;0;0;0m[38;2;242;240;236m [48;2;0;0;0m[38;2;204;153;204mreturn[48;2;0;0;0m[38;2;242;240;236m;[48;2;0;0;0m[38;2;242;240;236m
        2380  [48;2;0;0;0m[38;2;242;240;236m            [48;2;0;0;0m[38;2;204;153;204mvar[48;2;0;0;0m[38;2;242;240;236m [48;2;0;0;0m[38;2;242;119;122mstate[48;2;0;0;0m[38;2;242;240;236m [48;2;0;0;0m[38;2;211;208;200m=[48;2;0;0;0m[38;2;242;240;236m [48;2;0;0;0m[38;2;102;153;204mGetOrCreate[48;2;0;0;0m[38;2;242;240;236m([48;2;0;0;0m[38;2;242;119;122mpriest[48;2;0;0;0m[38;2;242;240;236m.[48;2;0;0;0m[38;2;242;119;122mId[48;2;0;0;0m[38;2;242;240;236m)[48;2;0;0;0m[38;2;242;240;236m;[48;2;0;0;0m[38;2;242;240;236m
        2381  [48;2;0;0;0m[38;2;242;240;236m            [48;2;0;0;0m[38;2;102;153;204mSyncFromSurvivor[48;2;0;0;0m[38;2;242;240;236m([48;2;0;0;0m[38;2;242;119;122mpriest[48;2;0;0;0m[38;2;242;240;236m,[48;2;0;0;0m[38;2;242;240;236m [48;2;0;0;0m[38;2;242;119;122mstate[48;2;0;0;0m[38;2;242;240;236m)[48;2;0;0;0m[38;2;242;240;236m;[48;2;0;0;0m[38;2;242;240;236m
        2382  [48;2;0;0;0m[38;2;242;240;236m            [48;2;0;0;0m[38;2;204;153;204mif[48;2;0;0;0m[38;2;242;240;236m [48;2;0;0;0m[38;2;242;240;236m([48;2;0;0;0m[38;2;211;208;200m![48;2;0;0;0m[38;2;242;119;122mstate[48;2;0;0;0m[38;2;242;240;236m.[48;2;0;0;0m[38;2;242;119;122mQuestActive[48;2;0;0;0m[38;2;242;240;236m)[48;2;0;0;0m[38;2;242;240;236m [48;2;0;0;0m[38;2;204;153;204mreturn[48;2;0;0;0m[38;2;242;240;236m;[48;2;0;0;0m[38;2;242;240;236m
              [hid 9 additional lines]
        also found at Assets/_Game/Survivors/PersonalQuestSystem.cs

    Found 15 lines of similar code in 2 locations (mass = 117)

        2703  [48;2;0;0;0m[38;2;242;240;236m        [48;2;0;0;0m[38;2;204;153;204mpublic[48;2;0;0;0m[38;2;242;240;236m [48;2;0;0;0m[38;2;204;153;204mvoid[48;2;0;0;0m[38;2;242;240;236m [48;2;0;0;0m[38;2;102;153;204mRecordChildDeathIntel[48;2;0;0;0m[38;2;242;240;236m([48;2;0;0;0m[38;2;242;240;236mSurvivor[48;2;0;0;0m[38;2;242;240;236m [48;2;0;0;0m[38;2;242;119;122mparent[48;2;0;0;0m[38;2;242;240;236m,[48;2;0;0;0m[38;2;242;240;236m [48;2;0;0;0m[38;2;204;153;204mint[48;2;0;0;0m[38;2;242;240;236m [48;2;0;0;0m[38;2;242;119;122mcurrentDay[48;2;0;0;0m[38;2;242;240;236m [48;2;0;0;0m[38;2;211;208;200m=[48;2;0;0;0m[38;2;242;240;236m [48;2;0;0;0m[38;2;249;145;87m0[48;2;0;0;0m[38;2;242;240;236m)[48;2;0;0;0m[38;2;242;240;236m
        2704  [48;2;0;0;0m[38;2;242;240;236m        [48;2;0;0;0m[38;2;242;240;236m{[48;2;0;0;0m[38;2;242;240;236m
        2705  [48;2;0;0;0m[38;2;242;240;236m            [48;2;0;0;0m[38;2;204;153;204mif[48;2;0;0;0m[38;2;242;240;236m [48;2;0;0;0m[38;2;242;240;236m([48;2;0;0;0m[38;2;242;119;122mparent[48;2;0;0;0m[38;2;242;240;236m [48;2;0;0;0m[38;2;211;208;200m==[48;2;0;0;0m[38;2;242;240;236m [48;2;0;0;0m[38;2;249;145;87mnull[48;2;0;0;0m[38;2;242;240;236m [48;2;0;0;0m[38;2;211;208;200m||[48;2;0;0;0m[38;2;242;240;236m [48;2;0;0;0m[38;2;211;208;200m![48;2;0;0;0m[38;2;242;119;122mparent[48;2;0;0;0m[38;2;242;240;236m.[48;2;0;0;0m[38;2;242;119;122mIsAlive[48;2;0;0;0m[38;2;242;240;236m)[48;2;0;0;0m[38;2;242;240;236m [48;2;0;0;0m[38;2;204;153;204mreturn[48;2;0;0;0m[38;2;242;240;236m;[48;2;0;0;0m[38;2;242;240;236m
        2706  [48;2;0;0;0m[38;2;242;240;236m            [48;2;0;0;0m[38;2;204;153;204mvar[48;2;0;0;0m[38;2;242;240;236m [48;2;0;0;0m[38;2;242;119;122mstate[48;2;0;0;0m[38;2;242;240;236m [48;2;0;0;0m[38;2;211;208;200m=[48;2;0;0;0m[38;2;242;240;236m [48;2;0;0;0m[38;2;102;153;204mGetOrCreate[48;2;0;0;0m[38;2;242;240;236m([48;2;0;0;0m[38;2;242;119;122mparent[48;2;0;0;0m[38;2;242;240;236m.[48;2;0;0;0m[38;2;242;119;122mId[48;2;0;0;0m[38;2;242;240;236m)[48;2;0;0;0m[38;2;242;240;236m;[48;2;0;0;0m[38;2;242;240;236m
        2707  [48;2;0;0;0m[38;2;242;240;236m            [48;2;0;0;0m[38;2;102;153;204mSyncFromSurvivor[48;2;0;0;0m[38;2;242;240;236m([48;2;0;0;0m[38;2;242;119;122mparent[48;2;0;0;0m[38;2;242;240;236m,[48;2;0;0;0m[38;2;242;240;236m [48;2;0;0;0m[38;2;242;119;122mstate[48;2;0;0;0m[38;2;242;240;236m)[48;2;0;0;0m[38;2;242;240;236m;[48;2;0;0;0m[38;2;242;240;236m
        2708  [48;2;0;0;0m[38;2;242;240;236m            [48;2;0;0;0m[38;2;204;153;204mif[48;2;0;0;0m[38;2;242;240;236m [48;2;0;0;0m[38;2;242;240;236m([48;2;0;0;0m[38;2;211;208;200m![48;2;0;0;0m[38;2;242;119;122mstate[48;2;0;0;0m[38;2;242;240;236m.[48;2;0;0;0m[38;2;242;119;122mQuestActive[48;2;0;0;0m[38;2;242;240;236m)[48;2;0;0;0m[38;2;242;240;236m [48;2;0;0;0m[38;2;204;153;204mreturn[48;2;0;0;0m[38;2;242;240;236m;[48;2;0;0;0m[38;2;242;240;236m
              [hid 9 additional lines]
        also found at Assets/_Game/Survivors/PersonalQuestSystem.cs

    Found 16 lines of similar code in 4 locations (mass = 122)

        2234  [48;2;0;0;0m[38;2;242;240;236m        [48;2;0;0;0m[38;2;204;153;204mpublic[48;2;0;0;0m[38;2;242;240;236m [48;2;0;0;0m[38;2;204;153;204mvoid[48;2;0;0;0m[38;2;242;240;236m [48;2;0;0;0m[38;2;102;153;204mRecordDeadDropSuccess[48;2;0;0;0m[38;2;242;240;236m([48;2;0;0;0m[38;2;242;240;236mSurvivor[48;2;0;0;0m[38;2;242;240;236m [48;2;0;0;0m[38;2;242;119;122mcourier[48;2;0;0;0m[38;2;242;240;236m,[48;2;0;0;0m[38;2;242;240;236m [48;2;0;0;0m[38;2;204;153;204mint[48;2;0;0;0m[38;2;242;240;236m [48;2;0;0;0m[38;2;242;119;122mcurrentDay[48;2;0;0;0m[38;2;242;240;236m [48;2;0;0;0m[38;2;211;208;200m=[48;2;0;0;0m[38;2;242;240;236m [48;2;0;0;0m[38;2;249;145;87m0[48;2;0;0;0m[38;2;242;240;236m)[48;2;0;0;0m[38;2;242;240;236m
        2235  [48;2;0;0;0m[38;2;242;240;236m        [48;2;0;0;0m[38;2;242;240;236m{[48;2;0;0;0m[38;2;242;240;236m
        2236  [48;2;0;0;0m[38;2;242;240;236m            [48;2;0;0;0m[38;2;204;153;204mif[48;2;0;0;0m[38;2;242;240;236m [48;2;0;0;0m[38;2;242;240;236m([48;2;0;0;0m[38;2;242;119;122mcourier[48;2;0;0;0m[38;2;242;240;236m [48;2;0;0;0m[38;2;211;208;200m==[48;2;0;0;0m[38;2;242;240;236m [48;2;0;0;0m[38;2;249;145;87mnull[48;2;0;0;0m[38;2;242;240;236m [48;2;0;0;0m[38;2;211;208;200m||[48;2;0;0;0m[38;2;242;240;236m [48;2;0;0;0m[38;2;211;208;200m![48;2;0;0;0m[38;2;242;119;122mcourier[48;2;0;0;0m[38;2;242;240;236m.[48;2;0;0;0m[38;2;242;119;122mIsAlive[48;2;0;0;0m[38;2;242;240;236m)[48;2;0;0;0m[38;2;242;240;236m [48;2;0;0;0m[38;2;204;153;204mreturn[48;2;0;0;0m[38;2;242;240;236m;[48;2;0;0;0m[38;2;242;240;236m
        2237  [48;2;0;0;0m[38;2;242;240;236m            [48;2;0;0;0m[38;2;204;153;204mvar[48;2;0;0;0m[38;2;242;240;236m [48;2;0;0;0m[38;2;242;119;122mstate[48;2;0;0;0m[38;2;242;240;236m [48;2;0;0;0m[38;2;211;208;200m=[48;2;0;0;0m[38;2;242;240;236m [48;2;0;0;0m[38;2;102;153;204mGetOrCreate[48;2;0;0;0m[38;2;242;240;236m([48;2;0;0;0m[38;2;242;119;122mcourier[48;2;0;0;0m[38;2;242;240;236m.[48;2;0;0;0m[38;2;242;119;122mId[48;2;0;0;0m[38;2;242;240;236m)[48;2;0;0;0m[38;2;242;240;236m;[48;2;0;0;0m[38;2;242;240;236m
        2238  [48;2;0;0;0m[38;2;242;240;236m            [48;2;0;0;0m[38;2;102;153;204mSyncFromSurvivor[48;2;0;0;0m[38;2;242;240;236m([48;2;0;0;0m[38;2;242;119;122mcourier[48;2;0;0;0m[38;2;242;240;236m,[48;2;0;0;0m[38;2;242;240;236m [48;2;0;0;0m[38;2;242;119;122mstate[48;2;0;0;0m[38;2;242;240;236m)[48;2;0;0;0m[38;2;242;240;236m;[48;2;0;0;0m[38;2;242;240;236m
        2239  [48;2;0;0;0m[38;2;242;240;236m            [48;2;0;0;0m[38;2;204;153;204mif[48;2;0;0;0m[38;2;242;240;236m [48;2;0;0;0m[38;2;242;240;236m([48;2;0;0;0m[38;2;211;208;200m![48;2;0;0;0m[38;2;242;119;122mstate[48;2;0;0;0m[38;2;242;240;236m.[48;2;0;0;0m[38;2;242;119;122mQuestActive[48;2;0;0;0m[38;2;242;240;236m)[48;2;0;0;0m[38;2;242;240;236m [48;2;0;0;0m[38;2;204;153;204mreturn[48;2;0;0;0m[38;2;242;240;236m;[48;2;0;0;0m[38;2;242;240;236m
              [hid 10 additional lines]
        also found at Assets/_Game/Survivors/PersonalQuestSystem.Chemistry.cs
        also found at Assets/_Game/Survivors/PersonalQuestSystem.cs
        also found at Assets/_Game/Survivors/PersonalQuestSystem.cs

    Found 15 lines of similar code in 4 locations (mass = 122)

        2359  [48;2;0;0;0m[38;2;242;240;236m        [48;2;0;0;0m[38;2;204;153;204mpublic[48;2;0;0;0m[38;2;242;240;236m [48;2;0;0;0m[38;2;204;153;204mvoid[48;2;0;0;0m[38;2;242;240;236m [48;2;0;0;0m[38;2;102;153;204mRecordPropagandaHostileResolution[48;2;0;0;0m[38;2;242;240;236m([48;2;0;0;0m[38;2;242;240;236mSurvivor[48;2;0;0;0m[38;2;242;240;236m [48;2;0;0;0m[38;2;242;119;122mpolitician[48;2;0;0;0m[38;2;242;240;236m,[48;2;0;0;0m[38;2;242;240;236m [48;2;0;0;0m[38;2;204;153;204mint[48;2;0;0;0m[38;2;242;240;236m [48;2;0;0;0m[38;2;242;119;122mcurrentDay[48;2;0;0;0m[38;2;242;240;236m [48;2;0;0;0m[38;2;211;208;200m=[48;2;0;0;0m[38;2;242;240;236m [48;2;0;0;0m[38;2;249;145;87m0[48;2;0;0;0m[38;2;242;240;236m)[48;2;0;0;0m[38;2;242;240;236m
        2360  [48;2;0;0;0m[38;2;242;240;236m        [48;2;0;0;0m[38;2;242;240;236m{[48;2;0;0;0m[38;2;242;240;236m
        2361  [48;2;0;0;0m[38;2;242;240;236m            [48;2;0;0;0m[38;2;204;153;204mif[48;2;0;0;0m[38;2;242;240;236m [48;2;0;0;0m[38;2;242;240;236m([48;2;0;0;0m[38;2;242;119;122mpolitician[48;2;0;0;0m[38;2;242;240;236m [48;2;0;0;0m[38;2;211;208;200m==[48;2;0;0;0m[38;2;242;240;236m [48;2;0;0;0m[38;2;249;145;87mnull[48;2;0;0;0m[38;2;242;240;236m [48;2;0;0;0m[38;2;211;208;200m||[48;2;0;0;0m[38;2;242;240;236m [48;2;0;0;0m[38;2;211;208;200m![48;2;0;0;0m[38;2;242;119;122mpolitician[48;2;0;0;0m[38;2;242;240;236m.[48;2;0;0;0m[38;2;242;119;122mIsAlive[48;2;0;0;0m[38;2;242;240;236m)[48;2;0;0;0m[38;2;242;240;236m [48;2;0;0;0m[38;2;204;153;204mreturn[48;2;0;0;0m[38;2;242;240;236m;[48;2;0;0;0m[38;2;242;240;236m
        2362  [48;2;0;0;0m[38;2;242;240;236m            [48;2;0;0;0m[38;2;204;153;204mvar[48;2;0;0;0m[38;2;242;240;236m [48;2;0;0;0m[38;2;242;119;122mstate[48;2;0;0;0m[38;2;242;240;236m [48;2;0;0;0m[38;2;211;208;200m=[48;2;0;0;0m[38;2;242;240;236m [48;2;0;0;0m[38;2;102;153;204mGetOrCreate[48;2;0;0;0m[38;2;242;240;236m([48;2;0;0;0m[38;2;242;119;122mpolitician[48;2;0;0;0m[38;2;242;240;236m.[48;2;0;0;0m[38;2;242;119;122mId[48;2;0;0;0m[38;2;242;240;236m)[48;2;0;0;0m[38;2;242;240;236m;[48;2;0;0;0m[38;2;242;240;236m
        2363  [48;2;0;0;0m[38;2;242;240;236m            [48;2;0;0;0m[38;2;102;153;204mSyncFromSurvivor[48;2;0;0;0m[38;2;242;240;236m([48;2;0;0;0m[38;2;242;119;122mpolitician[48;2;0;0;0m[38;2;242;240;236m,[48;2;0;0;0m[38;2;242;240;236m [48;2;0;0;0m[38;2;242;119;122mstate[48;2;0;0;0m[38;2;242;240;236m)[48;2;0;0;0m[38;2;242;240;236m;[48;2;0;0;0m[38;2;242;240;236m
        2364  [48;2;0;0;0m[38;2;242;240;236m            [48;2;0;0;0m[38;2;204;153;204mif[48;2;0;0;0m[38;2;242;240;236m [48;2;0;0;0m[38;2;242;240;236m([48;2;0;0;0m[38;2;211;208;200m![48;2;0;0;0m[38;2;242;119;122mstate[48;2;0;0;0m[38;2;242;240;236m.[48;2;0;0;0m[38;2;242;119;122mQuestActive[48;2;0;0;0m[38;2;242;240;236m)[48;2;0;0;0m[38;2;242;240;236m [48;2;0;0;0m[38;2;204;153;204mreturn[48;2;0;0;0m[38;2;242;240;236m;[48;2;0;0;0m[38;2;242;240;236m
              [hid 9 additional lines]
        also found at Assets/_Game/Survivors/PersonalQuestSystem.Chemistry.cs
        also found at Assets/_Game/Survivors/PersonalQuestSystem.cs
        also found at Assets/_Game/Survivors/PersonalQuestSystem.cs

    Found 15 lines of similar code in 4 locations (mass = 122)

        2604  [48;2;0;0;0m[38;2;242;240;236m        [48;2;0;0;0m[38;2;204;153;204mpublic[48;2;0;0;0m[38;2;242;240;236m [48;2;0;0;0m[38;2;204;153;204mvoid[48;2;0;0;0m[38;2;242;240;236m [48;2;0;0;0m[38;2;102;153;204mRecordClothingDisassembled[48;2;0;0;0m[38;2;242;240;236m([48;2;0;0;0m[38;2;242;240;236mSurvivor[48;2;0;0;0m[38;2;242;240;236m [48;2;0;0;0m[38;2;242;119;122mtailor[48;2;0;0;0m[38;2;242;240;236m,[48;2;0;0;0m[38;2;242;240;236m [48;2;0;0;0m[38;2;204;153;204mint[48;2;0;0;0m[38;2;242;240;236m [48;2;0;0;0m[38;2;242;119;122mcurrentDay[48;2;0;0;0m[38;2;242;240;236m [48;2;0;0;0m[38;2;211;208;200m=[48;2;0;0;0m[38;2;242;240;236m [48;2;0;0;0m[38;2;249;145;87m0[48;2;0;0;0m[38;2;242;240;236m)[48;2;0;0;0m[38;2;242;240;236m
        2605  [48;2;0;0;0m[38;2;242;240;236m        [48;2;0;0;0m[38;2;242;240;236m{[48;2;0;0;0m[38;2;242;240;236m
        2606  [48;2;0;0;0m[38;2;242;240;236m            [48;2;0;0;0m[38;2;204;153;204mif[48;2;0;0;0m[38;2;242;240;236m [48;2;0;0;0m[38;2;242;240;236m([48;2;0;0;0m[38;2;242;119;122mtailor[48;2;0;0;0m[38;2;242;240;236m [48;2;0;0;0m[38;2;211;208;200m==[48;2;0;0;0m[38;2;242;240;236m [48;2;0;0;0m[38;2;249;145;87mnull[48;2;0;0;0m[38;2;242;240;236m [48;2;0;0;0m[38;2;211;208;200m||[48;2;0;0;0m[38;2;242;240;236m [48;2;0;0;0m[38;2;211;208;200m![48;2;0;0;0m[38;2;242;119;122mtailor[48;2;0;0;0m[38;2;242;240;236m.[48;2;0;0;0m[38;2;242;119;122mIsAlive[48;2;0;0;0m[38;2;242;240;236m)[48;2;0;0;0m[38;2;242;240;236m [48;2;0;0;0m[38;2;204;153;204mreturn[48;2;0;0;0m[38;2;242;240;236m;[48;2;0;0;0m[38;2;242;240;236m
        2607  [48;2;0;0;0m[38;2;242;240;236m            [48;2;0;0;0m[38;2;204;153;204mvar[48;2;0;0;0m[38;2;242;240;236m [48;2;0;0;0m[38;2;242;119;122mstate[48;2;0;0;0m[38;2;242;240;236m [48;2;0;0;0m[38;2;211;208;200m=[48;2;0;0;0m[38;2;242;240;236m [48;2;0;0;0m[38;2;102;153;204mGetOrCreate[48;2;0;0;0m[38;2;242;240;236m([48;2;0;0;0m[38;2;242;119;122mtailor[48;2;0;0;0m[38;2;242;240;236m.[48;2;0;0;0m[38;2;242;119;122mId[48;2;0;0;0m[38;2;242;240;236m)[48;2;0;0;0m[38;2;242;240;236m;[48;2;0;0;0m[38;2;242;240;236m
        2608  [48;2;0;0;0m[38;2;242;240;236m            [48;2;0;0;0m[38;2;102;153;204mSyncFromSurvivor[48;2;0;0;0m[38;2;242;240;236m([48;2;0;0;0m[38;2;242;119;122mtailor[48;2;0;0;0m[38;2;242;240;236m,[48;2;0;0;0m[38;2;242;240;236m [48;2;0;0;0m[38;2;242;119;122mstate[48;2;0;0;0m[38;2;242;240;236m)[48;2;0;0;0m[38;2;242;240;236m;[48;2;0;0;0m[38;2;242;240;236m
        2609  [48;2;0;0;0m[38;2;242;240;236m            [48;2;0;0;0m[38;2;204;153;204mif[48;2;0;0;0m[38;2;242;240;236m [48;2;0;0;0m[38;2;242;240;236m([48;2;0;0;0m[38;2;211;208;200m![48;2;0;0;0m[38;2;242;119;122mstate[48;2;0;0;0m[38;2;242;240;236m.[48;2;0;0;0m[38;2;242;119;122mQuestActive[48;2;0;0;0m[38;2;242;240;236m)[48;2;0;0;0m[38;2;242;240;236m [48;2;0;0;0m[38;2;204;153;204mreturn[48;2;0;0;0m[38;2;242;240;236m;[48;2;0;0;0m[38;2;242;240;236m
              [hid 9 additional lines]
        also found at Assets/_Game/Survivors/PersonalQuestSystem.Chemistry.cs
        also found at Assets/_Game/Survivors/PersonalQuestSystem.cs
        also found at Assets/_Game/Survivors/PersonalQuestSystem.cs


Assets/_Game/Survivors/PetSystem.cs
    Function with high complexity (count = 23): Tick

         127  [48;2;0;0;0m[38;2;242;240;236m        [48;2;0;0;0m[38;2;204;153;204mpublic[48;2;0;0;0m[38;2;242;240;236m [48;2;0;0;0m[38;2;204;153;204mvoid[48;2;0;0;0m[38;2;242;240;236m [48;2;0;0;0m[38;2;102;153;204mTick[48;2;0;0;0m[38;2;242;240;236m([48;2;0;0;0m[38;2;242;240;236mIReadOnlyList[48;2;0;0;0m[38;2;242;240;236m<[48;2;0;0;0m[38;2;242;240;236mSurvivor[48;2;0;0;0m[38;2;242;240;236m>[48;2;0;0;0m[38;2;242;240;236m [48;2;0;0;0m[38;2;242;119;122msurvivors[48;2;0;0;0m[38;2;242;240;236m,[48;2;0;0;0m[38;2;242;240;236m [48;2;0;0;0m[38;2;204;153;204mfloat[48;2;0;0;0m[38;2;242;240;236m [48;2;0;0;0m[38;2;242;119;122mgameHours[48;2;0;0;0m[38;2;242;240;236m)[48;2;0;0;0m[38;2;242;240;236m
         128  [48;2;0;0;0m[38;2;242;240;236m        [48;2;0;0;0m[38;2;242;240;236m{[48;2;0;0;0m[38;2;242;240;236m
         129  [48;2;0;0;0m[38;2;242;240;236m            [48;2;0;0;0m[38;2;204;153;204mif[48;2;0;0;0m[38;2;242;240;236m [48;2;0;0;0m[38;2;242;240;236m([48;2;0;0;0m[38;2;242;119;122mgameHours[48;2;0;0;0m[38;2;242;240;236m [48;2;0;0;0m[38;2;211;208;200m<=[48;2;0;0;0m[38;2;242;240;236m [48;2;0;0;0m[38;2;249;145;87m0[48;2;0;0;0m[38;2;204;153;204mf[48;2;0;0;0m[38;2;242;240;236m)[48;2;0;0;0m[38;2;242;240;236m [48;2;0;0;0m[38;2;204;153;204mreturn[48;2;0;0;0m[38;2;242;240;236m;[48;2;0;0;0m[38;2;242;240;236m
         130  [48;2;0;0;0m[38;2;242;240;236m
         131  [48;2;0;0;0m[38;2;242;240;236m            [48;2;0;0;0m[38;2;204;153;204mfor[48;2;0;0;0m[38;2;242;240;236m [48;2;0;0;0m[38;2;242;240;236m([48;2;0;0;0m[38;2;204;153;204mint[48;2;0;0;0m[38;2;242;240;236m [48;2;0;0;0m[38;2;242;119;122mi[48;2;0;0;0m[38;2;242;240;236m [48;2;0;0;0m[38;2;211;208;200m=[48;2;0;0;0m[38;2;242;240;236m [48;2;0;0;0m[38;2;242;119;122m_pets[48;2;0;0;0m[38;2;242;240;236m.[48;2;0;0;0m[38;2;242;119;122mCount[48;2;0;0;0m[38;2;242;240;236m [48;2;0;0;0m[38;2;211;208;200m-[48;2;0;0;0m[38;2;242;240;236m [48;2;0;0;0m[38;2;249;145;87m1[48;2;0;0;0m[38;2;242;240;236m;[48;2;0;0;0m[38;2;242;240;236m [48;2;0;0;0m[38;2;242;119;122mi[48;2;0;0;0m[38;2;242;240;236m [48;2;0;0;0m[38;2;211;208;200m>=[48;2;0;0;0m[38;2;242;240;236m [48;2;0;0;0m[38;2;249;145;87m0[48;2;0;0;0m[38;2;242;240;236m;[48;2;0;0;0m[38;2;242;240;236m [48;2;0;0;0m[38;2;242;119;122mi[48;2;0;0;0m[38;2;211;208;200m-[48;2;0;0;0m[38;2;211;208;200m-[48;2;0;0;0m[38;2;242;240;236m)[48;2;0;0;0m[38;2;242;240;236m
         132  [48;2;0;0;0m[38;2;242;240;236m            [48;2;0;0;0m[38;2;242;240;236m{[48;2;0;0;0m[38;2;242;240;236m
              [hid 46 additional lines]


Assets/_Game/Survivors/PhantomIntruderSystem.cs
    Function with high complexity (count = 22): Tick

          73  [48;2;0;0;0m[38;2;242;240;236m        [48;2;0;0;0m[38;2;204;153;204mpublic[48;2;0;0;0m[38;2;242;240;236m [48;2;0;0;0m[38;2;204;153;204mvoid[48;2;0;0;0m[38;2;242;240;236m [48;2;0;0;0m[38;2;102;153;204mTick[48;2;0;0;0m[38;2;242;240;236m([48;2;0;0;0m[38;2;242;240;236m
          74  [48;2;0;0;0m[38;2;242;240;236m            [48;2;0;0;0m[38;2;204;153;204mfloat[48;2;0;0;0m[38;2;242;240;236m [48;2;0;0;0m[38;2;242;119;122mgameHours[48;2;0;0;0m[38;2;242;240;236m,[48;2;0;0;0m[38;2;242;240;236m
          75  [48;2;0;0;0m[38;2;242;240;236m            [48;2;0;0;0m[38;2;242;240;236mIReadOnlyList[48;2;0;0;0m[38;2;242;240;236m<[48;2;0;0;0m[38;2;242;240;236mSurvivor[48;2;0;0;0m[38;2;242;240;236m>[48;2;0;0;0m[38;2;242;240;236m [48;2;0;0;0m[38;2;242;119;122msurvivors[48;2;0;0;0m[38;2;242;240;236m,[48;2;0;0;0m[38;2;242;240;236m
          76  [48;2;0;0;0m[38;2;242;240;236m            [48;2;0;0;0m[38;2;242;240;236mSystem[48;2;0;0;0m[38;2;242;240;236m.[48;2;0;0;0m[38;2;242;240;236mRandom[48;2;0;0;0m[38;2;242;240;236m [48;2;0;0;0m[38;2;242;119;122mrng[48;2;0;0;0m[38;2;242;240;236m)[48;2;0;0;0m[38;2;242;240;236m
          77  [48;2;0;0;0m[38;2;242;240;236m        [48;2;0;0;0m[38;2;242;240;236m{[48;2;0;0;0m[38;2;242;240;236m
          78  [48;2;0;0;0m[38;2;242;240;236m            [48;2;0;0;0m[38;2;204;153;204mif[48;2;0;0;0m[38;2;242;240;236m [48;2;0;0;0m[38;2;242;240;236m([48;2;0;0;0m[38;2;242;119;122mgameHours[48;2;0;0;0m[38;2;242;240;236m [48;2;0;0;0m[38;2;211;208;200m<=[48;2;0;0;0m[38;2;242;240;236m [48;2;0;0;0m[38;2;249;145;87m0[48;2;0;0;0m[38;2;204;153;204mf[48;2;0;0;0m[38;2;242;240;236m [48;2;0;0;0m[38;2;211;208;200m||[48;2;0;0;0m[38;2;242;240;236m [48;2;0;0;0m[38;2;242;119;122msurvivors[48;2;0;0;0m[38;2;242;240;236m [48;2;0;0;0m[38;2;211;208;200m==[48;2;0;0;0m[38;2;242;240;236m [48;2;0;0;0m[38;2;249;145;87mnull[48;2;0;0;0m[38;2;242;240;236m)[48;2;0;0;0m[38;2;242;240;236m [48;2;0;0;0m[38;2;204;153;204mreturn[48;2;0;0;0m[38;2;242;240;236m;[48;2;0;0;0m[38;2;242;240;236m
              [hid 38 additional lines]


Assets/_Game/Survivors/ShelterPerkSystem.cs
    Function with many returns (count = 8): IsHighTierDisassembleTarget

         204  [48;2;0;0;0m[38;2;242;240;236m        [48;2;0;0;0m[38;2;204;153;204mpublic[48;2;0;0;0m[38;2;242;240;236m [48;2;0;0;0m[38;2;204;153;204mstatic[48;2;0;0;0m[38;2;242;240;236m [48;2;0;0;0m[38;2;204;153;204mbool[48;2;0;0;0m[38;2;242;240;236m [48;2;0;0;0m[38;2;102;153;204mIsHighTierDisassembleTarget[48;2;0;0;0m[38;2;242;240;236m([48;2;0;0;0m[38;2;204;153;204mstring[48;2;0;0;0m[38;2;242;240;236m [48;2;0;0;0m[38;2;242;119;122mitemId[48;2;0;0;0m[38;2;242;240;236m,[48;2;0;0;0m[38;2;242;240;236m [48;2;0;0;0m[38;2;204;153;204mint[48;2;0;0;0m[38;2;242;240;236m [48;2;0;0;0m[38;2;242;119;122mitemTypeOrdinal[48;2;0;0;0m[38;2;242;240;236m [48;2;0;0;0m[38;2;211;208;200m=[48;2;0;0;0m[38;2;242;240;236m [48;2;0;0;0m[38;2;211;208;200m-[48;2;0;0;0m[38;2;249;145;87m1[48;2;0;0;0m[38;2;242;240;236m)[48;2;0;0;0m[38;2;242;240;236m
         205  [48;2;0;0;0m[38;2;242;240;236m        [48;2;0;0;0m[38;2;242;240;236m{[48;2;0;0;0m[38;2;242;240;236m
         206  [48;2;0;0;0m[38;2;242;240;236m            [48;2;0;0;0m[38;2;204;153;204mif[48;2;0;0;0m[38;2;242;240;236m [48;2;0;0;0m[38;2;242;240;236m([48;2;0;0;0m[38;2;204;153;204mstring[48;2;0;0;0m[38;2;242;240;236m.[48;2;0;0;0m[38;2;102;153;204mIsNullOrEmpty[48;2;0;0;0m[38;2;242;240;236m([48;2;0;0;0m[38;2;242;119;122mitemId[48;2;0;0;0m[38;2;242;240;236m)[48;2;0;0;0m[38;2;242;240;236m)[48;2;0;0;0m[38;2;242;240;236m [48;2;0;0;0m[38;2;204;153;204mreturn[48;2;0;0;0m[38;2;242;240;236m [48;2;0;0;0m[38;2;249;145;87mfalse[48;2;0;0;0m[38;2;242;240;236m;[48;2;0;0;0m[38;2;242;240;236m
         207  [48;2;0;0;0m[38;2;242;240;236m            [48;2;0;0;0m[38;2;116;115;105m//[48;2;0;0;0m[38;2;116;115;105m Radios, guns, devices — ids and type heuristics
         208  [48;2;0;0;0m[38;2;242;240;236m            [48;2;0;0;0m[38;2;204;153;204mif[48;2;0;0;0m[38;2;242;240;236m [48;2;0;0;0m[38;2;242;240;236m([48;2;0;0;0m[38;2;242;119;122mitemId[48;2;0;0;0m[38;2;242;240;236m.[48;2;0;0;0m[38;2;102;153;204mIndexOf[48;2;0;0;0m[38;2;242;240;236m([48;2;0;0;0m[38;2;211;208;200m"[48;2;0;0;0m[38;2;153;204;153mradio[48;2;0;0;0m[38;2;211;208;200m"[48;2;0;0;0m[38;2;242;240;236m,[48;2;0;0;0m[38;2;242;240;236m [48;2;0;0;0m[38;2;242;119;122mStringComparison[48;2;0;0;0m[38;2;242;240;236m.[48;2;0;0;0m[38;2;242;119;122mOrdinalIgnoreCase[48;2;0;0;0m[38;2;242;240;236m)[48;2;0;0;0m[38;2;242;240;236m [48;2;0;0;0m[38;2;211;208;200m>=[48;2;0;0;0m[38;2;242;240;236m [48;2;0;0;0m[38;2;249;145;87m0[48;2;0;0;0m[38;2;242;240;236m)[48;2;0;0;0m[38;2;242;240;236m [48;2;0;0;0m[38;2;204;153;204mreturn[48;2;0;0;0m[38;2;242;240;236m [48;2;0;0;0m[38;2;249;145;87mtrue[48;2;0;0;0m[38;2;242;240;236m;[48;2;0;0;0m[38;2;242;240;236m
         209  [48;2;0;0;0m[38;2;242;240;236m            [48;2;0;0;0m[38;2;204;153;204mif[48;2;0;0;0m[38;2;242;240;236m [48;2;0;0;0m[38;2;242;240;236m([48;2;0;0;0m[38;2;242;119;122mitemId[48;2;0;0;0m[38;2;242;240;236m.[48;2;0;0;0m[38;2;102;153;204mIndexOf[48;2;0;0;0m[38;2;242;240;236m([48;2;0;0;0m[38;2;211;208;200m"[48;2;0;0;0m[38;2;153;204;153mgun[48;2;0;0;0m[38;2;211;208;200m"[48;2;0;0;0m[38;2;242;240;236m,[48;2;0;0;0m[38;2;242;240;236m [48;2;0;0;0m[38;2;242;119;122mStringComparison[48;2;0;0;0m[38;2;242;240;236m.[48;2;0;0;0m[38;2;242;119;122mOrdinalIgnoreCase[48;2;0;0;0m[38;2;242;240;236m)[48;2;0;0;0m[38;2;242;240;236m [48;2;0;0;0m[38;2;211;208;200m>=[48;2;0;0;0m[38;2;242;240;236m [48;2;0;0;0m[38;2;249;145;87m0[48;2;0;0;0m[38;2;242;240;236m)[48;2;0;0;0m[38;2;242;240;236m [48;2;0;0;0m[38;2;204;153;204mreturn[48;2;0;0;0m[38;2;242;240;236m [48;2;0;0;0m[38;2;249;145;87mtrue[48;2;0;0;0m[38;2;242;240;236m;[48;2;0;0;0m[38;2;242;240;236m
              [hid 6 additional lines]

    High total complexity (count = 67)

           1  [48;2;0;0;0m[38;2;204;153;204musing[48;2;0;0;0m[38;2;211;208;200m [48;2;0;0;0m[38;2;211;208;200mSystem[48;2;0;0;0m[38;2;211;208;200m;[48;2;0;0;0m[38;2;211;208;200m
           2  [48;2;0;0;0m[38;2;204;153;204musing[48;2;0;0;0m[38;2;211;208;200m [48;2;0;0;0m[38;2;211;208;200mSystem[48;2;0;0;0m[38;2;211;208;200m.[48;2;0;0;0m[38;2;211;208;200mCollections[48;2;0;0;0m[38;2;211;208;200m.[48;2;0;0;0m[38;2;211;208;200mGeneric[48;2;0;0;0m[38;2;211;208;200m;[48;2;0;0;0m[38;2;211;208;200m
           3  [48;2;0;0;0m[38;2;204;153;204musing[48;2;0;0;0m[38;2;211;208;200m [48;2;0;0;0m[38;2;211;208;200mUnityEngine[48;2;0;0;0m[38;2;211;208;200m;[48;2;0;0;0m[38;2;211;208;200m
           4  [48;2;0;0;0m[38;2;211;208;200m
           5  [48;2;0;0;0m[38;2;204;153;204mnamespace[48;2;0;0;0m[38;2;211;208;200m [48;2;0;0;0m[38;2;211;208;200mAtomicWar[48;2;0;0;0m[38;2;211;208;200m.[48;2;0;0;0m[38;2;211;208;200m_Game[48;2;0;0;0m[38;2;211;208;200m.[48;2;0;0;0m[38;2;211;208;200mSurvivors[48;2;0;0;0m[38;2;211;208;200m
           6  [48;2;0;0;0m[38;2;211;208;200m{[48;2;0;0;0m[38;2;211;208;200m
              [hid 391 additional lines]


Assets/_Game/Survivors/SkillProgressionSystem.cs
    Function with many parameters (count = 6): MakeRuntimePerk

         332  [48;2;0;0;0m[38;2;242;240;236m        [48;2;0;0;0m[38;2;204;153;204mprivate[48;2;0;0;0m[38;2;242;240;236m [48;2;0;0;0m[38;2;204;153;204mstatic[48;2;0;0;0m[38;2;242;240;236m [48;2;0;0;0m[38;2;242;240;236mPerkSO[48;2;0;0;0m[38;2;242;240;236m [48;2;0;0;0m[38;2;102;153;204mMakeRuntimePerk[48;2;0;0;0m[38;2;242;240;236m([48;2;0;0;0m[38;2;242;240;236m
         333  [48;2;0;0;0m[38;2;242;240;236m            [48;2;0;0;0m[38;2;204;153;204mstring[48;2;0;0;0m[38;2;242;240;236m [48;2;0;0;0m[38;2;242;119;122mid[48;2;0;0;0m[38;2;242;240;236m,[48;2;0;0;0m[38;2;242;240;236m [48;2;0;0;0m[38;2;204;153;204mstring[48;2;0;0;0m[38;2;242;240;236m [48;2;0;0;0m[38;2;242;119;122mdisplay[48;2;0;0;0m[38;2;242;240;236m,[48;2;0;0;0m[38;2;242;240;236m [48;2;0;0;0m[38;2;204;153;204mstring[48;2;0;0;0m[38;2;242;240;236m [48;2;0;0;0m[38;2;242;119;122mdiscipline[48;2;0;0;0m[38;2;242;240;236m,[48;2;0;0;0m[38;2;242;240;236m [48;2;0;0;0m[38;2;204;153;204mfloat[48;2;0;0;0m[38;2;242;240;236m [48;2;0;0;0m[38;2;242;119;122mxp[48;2;0;0;0m[38;2;242;240;236m,[48;2;0;0;0m[38;2;242;240;236m [48;2;0;0;0m[38;2;204;153;204mfloat[48;2;0;0;0m[38;2;242;240;236m [48;2;0;0;0m[38;2;242;119;122mbonus[48;2;0;0;0m[38;2;242;240;236m,[48;2;0;0;0m[38;2;242;240;236m [48;2;0;0;0m[38;2;204;153;204mbool[48;2;0;0;0m[38;2;242;240;236m [48;2;0;0;0m[38;2;242;119;122mexpert[48;2;0;0;0m[38;2;242;240;236m)[48;2;0;0;0m[38;2;242;240;236m

    Function with many returns (count = 6): CanEarnPerk

         587  [48;2;0;0;0m[38;2;242;240;236m        [48;2;0;0;0m[38;2;204;153;204mprivate[48;2;0;0;0m[38;2;242;240;236m [48;2;0;0;0m[38;2;204;153;204mbool[48;2;0;0;0m[38;2;242;240;236m [48;2;0;0;0m[38;2;102;153;204mCanEarnPerk[48;2;0;0;0m[38;2;242;240;236m([48;2;0;0;0m[38;2;242;240;236mSurvivor[48;2;0;0;0m[38;2;242;240;236m [48;2;0;0;0m[38;2;242;119;122msv[48;2;0;0;0m[38;2;242;240;236m,[48;2;0;0;0m[38;2;242;240;236m [48;2;0;0;0m[38;2;242;240;236mProgressionState[48;2;0;0;0m[38;2;242;240;236m [48;2;0;0;0m[38;2;242;119;122mstate[48;2;0;0;0m[38;2;242;240;236m,[48;2;0;0;0m[38;2;242;240;236m [48;2;0;0;0m[38;2;242;240;236mPerkSO[48;2;0;0;0m[38;2;242;240;236m [48;2;0;0;0m[38;2;242;119;122mperk[48;2;0;0;0m[38;2;242;240;236m)[48;2;0;0;0m[38;2;242;240;236m
         588  [48;2;0;0;0m[38;2;242;240;236m        [48;2;0;0;0m[38;2;242;240;236m{[48;2;0;0;0m[38;2;242;240;236m
         589  [48;2;0;0;0m[38;2;242;240;236m            [48;2;0;0;0m[38;2;204;153;204mif[48;2;0;0;0m[38;2;242;240;236m [48;2;0;0;0m[38;2;242;240;236m([48;2;0;0;0m[38;2;242;119;122mperk[48;2;0;0;0m[38;2;242;240;236m [48;2;0;0;0m[38;2;211;208;200m==[48;2;0;0;0m[38;2;242;240;236m [48;2;0;0;0m[38;2;249;145;87mnull[48;2;0;0;0m[38;2;242;240;236m [48;2;0;0;0m[38;2;211;208;200m||[48;2;0;0;0m[38;2;242;240;236m [48;2;0;0;0m[38;2;204;153;204mstring[48;2;0;0;0m[38;2;242;240;236m.[48;2;0;0;0m[38;2;102;153;204mIsNullOrEmpty[48;2;0;0;0m[38;2;242;240;236m([48;2;0;0;0m[38;2;242;119;122mperk[48;2;0;0;0m[38;2;242;240;236m.[48;2;0;0;0m[38;2;242;119;122mid[48;2;0;0;0m[38;2;242;240;236m)[48;2;0;0;0m[38;2;242;240;236m)[48;2;0;0;0m[38;2;242;240;236m [48;2;0;0;0m[38;2;204;153;204mreturn[48;2;0;0;0m[38;2;242;240;236m [48;2;0;0;0m[38;2;249;145;87mfalse[48;2;0;0;0m[38;2;242;240;236m;[48;2;0;0;0m[38;2;242;240;236m
         590  [48;2;0;0;0m[38;2;242;240;236m            [48;2;0;0;0m[38;2;204;153;204mif[48;2;0;0;0m[38;2;242;240;236m [48;2;0;0;0m[38;2;242;240;236m([48;2;0;0;0m[38;2;242;119;122mstate[48;2;0;0;0m[38;2;242;240;236m.[48;2;0;0;0m[38;2;242;119;122mActivePerkIds[48;2;0;0;0m[38;2;242;240;236m.[48;2;0;0;0m[38;2;102;153;204mContains[48;2;0;0;0m[38;2;242;240;236m([48;2;0;0;0m[38;2;242;119;122mperk[48;2;0;0;0m[38;2;242;240;236m.[48;2;0;0;0m[38;2;242;119;122mid[48;2;0;0;0m[38;2;242;240;236m)[48;2;0;0;0m[38;2;242;240;236m [48;2;0;0;0m[38;2;211;208;200m||[48;2;0;0;0m[38;2;242;240;236m [48;2;0;0;0m[38;2;242;119;122mstate[48;2;0;0;0m[38;2;242;240;236m.[48;2;0;0;0m[38;2;242;119;122mDormantPerkIds[48;2;0;0;0m[38;2;242;240;236m.[48;2;0;0;0m[38;2;102;153;204mContains[48;2;0;0;0m[38;2;242;240;236m([48;2;0;0;0m[38;2;242;119;122mperk[48;2;0;0;0m[38;2;242;240;236m.[48;2;0;0;0m[38;2;242;119;122mid[48;2;0;0;0m[38;2;242;240;236m)[48;2;0;0;0m[38;2;242;240;236m)[48;2;0;0;0m[38;2;242;240;236m
         591  [48;2;0;0;0m[38;2;242;240;236m                [48;2;0;0;0m[38;2;204;153;204mreturn[48;2;0;0;0m[38;2;242;240;236m [48;2;0;0;0m[38;2;249;145;87mfalse[48;2;0;0;0m[38;2;242;240;236m;[48;2;0;0;0m[38;2;242;240;236m
         592  [48;2;0;0;0m[38;2;242;240;236m
              [hid 10 additional lines]

    High total complexity (count = 161)

           1  [48;2;0;0;0m[38;2;204;153;204musing[48;2;0;0;0m[38;2;211;208;200m [48;2;0;0;0m[38;2;211;208;200mSystem[48;2;0;0;0m[38;2;211;208;200m;[48;2;0;0;0m[38;2;211;208;200m
           2  [48;2;0;0;0m[38;2;204;153;204musing[48;2;0;0;0m[38;2;211;208;200m [48;2;0;0;0m[38;2;211;208;200mSystem[48;2;0;0;0m[38;2;211;208;200m.[48;2;0;0;0m[38;2;211;208;200mCollections[48;2;0;0;0m[38;2;211;208;200m.[48;2;0;0;0m[38;2;211;208;200mGeneric[48;2;0;0;0m[38;2;211;208;200m;[48;2;0;0;0m[38;2;211;208;200m
           3  [48;2;0;0;0m[38;2;204;153;204musing[48;2;0;0;0m[38;2;211;208;200m [48;2;0;0;0m[38;2;211;208;200mUnityEngine[48;2;0;0;0m[38;2;211;208;200m;[48;2;0;0;0m[38;2;211;208;200m
           4  [48;2;0;0;0m[38;2;211;208;200m
           5  [48;2;0;0;0m[38;2;204;153;204mnamespace[48;2;0;0;0m[38;2;211;208;200m [48;2;0;0;0m[38;2;211;208;200mAtomicWar[48;2;0;0;0m[38;2;211;208;200m.[48;2;0;0;0m[38;2;211;208;200m_Game[48;2;0;0;0m[38;2;211;208;200m.[48;2;0;0;0m[38;2;211;208;200mSurvivors[48;2;0;0;0m[38;2;211;208;200m
           6  [48;2;0;0;0m[38;2;211;208;200m{[48;2;0;0;0m[38;2;211;208;200m
              [hid 828 additional lines]

    Function with high complexity (count = 33): RestoreState

         707  [48;2;0;0;0m[38;2;242;240;236m        [48;2;0;0;0m[38;2;204;153;204mpublic[48;2;0;0;0m[38;2;242;240;236m [48;2;0;0;0m[38;2;204;153;204mvoid[48;2;0;0;0m[38;2;242;240;236m [48;2;0;0;0m[38;2;102;153;204mRestoreState[48;2;0;0;0m[38;2;242;240;236m([48;2;0;0;0m[38;2;242;240;236mSkillProgressionSave[48;2;0;0;0m[38;2;242;240;236m [48;2;0;0;0m[38;2;242;119;122msave[48;2;0;0;0m[38;2;242;240;236m,[48;2;0;0;0m[38;2;242;240;236m [48;2;0;0;0m[38;2;242;240;236mIReadOnlyList[48;2;0;0;0m[38;2;242;240;236m<[48;2;0;0;0m[38;2;242;240;236mSurvivor[48;2;0;0;0m[38;2;242;240;236m>[48;2;0;0;0m[38;2;242;240;236m [48;2;0;0;0m[38;2;242;119;122msurvivors[48;2;0;0;0m[38;2;242;240;236m [48;2;0;0;0m[38;2;211;208;200m=[48;2;0;0;0m[38;2;242;240;236m [48;2;0;0;0m[38;2;249;145;87mnull[48;2;0;0;0m[38;2;242;240;236m)[48;2;0;0;0m[38;2;242;240;236m
         708  [48;2;0;0;0m[38;2;242;240;236m        [48;2;0;0;0m[38;2;242;240;236m{[48;2;0;0;0m[38;2;242;240;236m
         709  [48;2;0;0;0m[38;2;242;240;236m            [48;2;0;0;0m[38;2;242;119;122m_bySurvivor[48;2;0;0;0m[38;2;242;240;236m.[48;2;0;0;0m[38;2;102;153;204mClear[48;2;0;0;0m[38;2;242;240;236m([48;2;0;0;0m[38;2;242;240;236m)[48;2;0;0;0m[38;2;242;240;236m;[48;2;0;0;0m[38;2;242;240;236m
         710  [48;2;0;0;0m[38;2;242;240;236m            [48;2;0;0;0m[38;2;204;153;204mif[48;2;0;0;0m[38;2;242;240;236m [48;2;0;0;0m[38;2;242;240;236m([48;2;0;0;0m[38;2;242;119;122msave[48;2;0;0;0m[38;2;242;240;236m?.[48;2;0;0;0m[38;2;242;119;122mEntries[48;2;0;0;0m[38;2;242;240;236m [48;2;0;0;0m[38;2;211;208;200m==[48;2;0;0;0m[38;2;242;240;236m [48;2;0;0;0m[38;2;249;145;87mnull[48;2;0;0;0m[38;2;242;240;236m)[48;2;0;0;0m[38;2;242;240;236m [48;2;0;0;0m[38;2;204;153;204mreturn[48;2;0;0;0m[38;2;242;240;236m;[48;2;0;0;0m[38;2;242;240;236m
         711  [48;2;0;0;0m[38;2;242;240;236m
         712  [48;2;0;0;0m[38;2;242;240;236m            [48;2;0;0;0m[38;2;204;153;204mfor[48;2;0;0;0m[38;2;242;240;236m [48;2;0;0;0m[38;2;242;240;236m([48;2;0;0;0m[38;2;204;153;204mint[48;2;0;0;0m[38;2;242;240;236m [48;2;0;0;0m[38;2;242;119;122mi[48;2;0;0;0m[38;2;242;240;236m [48;2;0;0;0m[38;2;211;208;200m=[48;2;0;0;0m[38;2;242;240;236m [48;2;0;0;0m[38;2;249;145;87m0[48;2;0;0;0m[38;2;242;240;236m;[48;2;0;0;0m[38;2;242;240;236m [48;2;0;0;0m[38;2;242;119;122mi[48;2;0;0;0m[38;2;242;240;236m [48;2;0;0;0m[38;2;211;208;200m<[48;2;0;0;0m[38;2;242;240;236m [48;2;0;0;0m[38;2;242;119;122msave[48;2;0;0;0m[38;2;242;240;236m.[48;2;0;0;0m[38;2;242;119;122mEntries[48;2;0;0;0m[38;2;242;240;236m.[48;2;0;0;0m[38;2;242;119;122mCount[48;2;0;0;0m[38;2;242;240;236m;[48;2;0;0;0m[38;2;242;240;236m [48;2;0;0;0m[38;2;242;119;122mi[48;2;0;0;0m[38;2;211;208;200m+[48;2;0;0;0m[38;2;211;208;200m+[48;2;0;0;0m[38;2;242;240;236m)[48;2;0;0;0m[38;2;242;240;236m
              [hid 38 additional lines]


Assets/_Game/Survivors/SocialPerkSystem.cs
    Function with many returns (count = 7): TryTalkDown

         115  [48;2;0;0;0m[38;2;242;240;236m        [48;2;0;0;0m[38;2;204;153;204mpublic[48;2;0;0;0m[38;2;242;240;236m [48;2;0;0;0m[38;2;204;153;204mbool[48;2;0;0;0m[38;2;242;240;236m [48;2;0;0;0m[38;2;102;153;204mTryTalkDown[48;2;0;0;0m[38;2;242;240;236m([48;2;0;0;0m[38;2;242;240;236m
         116  [48;2;0;0;0m[38;2;242;240;236m            [48;2;0;0;0m[38;2;242;240;236mSurvivor[48;2;0;0;0m[38;2;242;240;236m [48;2;0;0;0m[38;2;242;119;122mspeaker[48;2;0;0;0m[38;2;242;240;236m,[48;2;0;0;0m[38;2;242;240;236m
         117  [48;2;0;0;0m[38;2;242;240;236m            [48;2;0;0;0m[38;2;242;240;236mSurvivor[48;2;0;0;0m[38;2;242;240;236m [48;2;0;0;0m[38;2;242;119;122mtarget[48;2;0;0;0m[38;2;242;240;236m,[48;2;0;0;0m[38;2;242;240;236m
         118  [48;2;0;0;0m[38;2;242;240;236m            [48;2;0;0;0m[38;2;242;240;236mMentalBreakSystem[48;2;0;0;0m[38;2;242;240;236m [48;2;0;0;0m[38;2;242;119;122mmentalBreak[48;2;0;0;0m[38;2;242;240;236m,[48;2;0;0;0m[38;2;242;240;236m
         119  [48;2;0;0;0m[38;2;242;240;236m            [48;2;0;0;0m[38;2;204;153;204mint[48;2;0;0;0m[38;2;242;240;236m [48;2;0;0;0m[38;2;242;119;122mcurrentDay[48;2;0;0;0m[38;2;242;240;236m [48;2;0;0;0m[38;2;211;208;200m=[48;2;0;0;0m[38;2;242;240;236m [48;2;0;0;0m[38;2;249;145;87m0[48;2;0;0;0m[38;2;242;240;236m)[48;2;0;0;0m[38;2;242;240;236m
         120  [48;2;0;0;0m[38;2;242;240;236m        [48;2;0;0;0m[38;2;242;240;236m{[48;2;0;0;0m[38;2;242;240;236m
              [hid 25 additional lines]

    High total complexity (count = 64)

           1  [48;2;0;0;0m[38;2;204;153;204musing[48;2;0;0;0m[38;2;211;208;200m [48;2;0;0;0m[38;2;211;208;200mSystem[48;2;0;0;0m[38;2;211;208;200m;[48;2;0;0;0m[38;2;211;208;200m
           2  [48;2;0;0;0m[38;2;204;153;204musing[48;2;0;0;0m[38;2;211;208;200m [48;2;0;0;0m[38;2;211;208;200mSystem[48;2;0;0;0m[38;2;211;208;200m.[48;2;0;0;0m[38;2;211;208;200mCollections[48;2;0;0;0m[38;2;211;208;200m.[48;2;0;0;0m[38;2;211;208;200mGeneric[48;2;0;0;0m[38;2;211;208;200m;[48;2;0;0;0m[38;2;211;208;200m
           3  [48;2;0;0;0m[38;2;204;153;204musing[48;2;0;0;0m[38;2;211;208;200m [48;2;0;0;0m[38;2;211;208;200mUnityEngine[48;2;0;0;0m[38;2;211;208;200m;[48;2;0;0;0m[38;2;211;208;200m
           4  [48;2;0;0;0m[38;2;211;208;200m
           5  [48;2;0;0;0m[38;2;204;153;204mnamespace[48;2;0;0;0m[38;2;211;208;200m [48;2;0;0;0m[38;2;211;208;200mAtomicWar[48;2;0;0;0m[38;2;211;208;200m.[48;2;0;0;0m[38;2;211;208;200m_Game[48;2;0;0;0m[38;2;211;208;200m.[48;2;0;0;0m[38;2;211;208;200mSurvivors[48;2;0;0;0m[38;2;211;208;200m
           6  [48;2;0;0;0m[38;2;211;208;200m{[48;2;0;0;0m[38;2;211;208;200m
              [hid 363 additional lines]


Assets/_Game/Survivors/SurvivalPerkSystem.cs
    High total complexity (count = 55)

           1  [48;2;0;0;0m[38;2;204;153;204musing[48;2;0;0;0m[38;2;211;208;200m [48;2;0;0;0m[38;2;211;208;200mSystem[48;2;0;0;0m[38;2;211;208;200m;[48;2;0;0;0m[38;2;211;208;200m
           2  [48;2;0;0;0m[38;2;204;153;204musing[48;2;0;0;0m[38;2;211;208;200m [48;2;0;0;0m[38;2;211;208;200mSystem[48;2;0;0;0m[38;2;211;208;200m.[48;2;0;0;0m[38;2;211;208;200mCollections[48;2;0;0;0m[38;2;211;208;200m.[48;2;0;0;0m[38;2;211;208;200mGeneric[48;2;0;0;0m[38;2;211;208;200m;[48;2;0;0;0m[38;2;211;208;200m
           3  [48;2;0;0;0m[38;2;204;153;204musing[48;2;0;0;0m[38;2;211;208;200m [48;2;0;0;0m[38;2;211;208;200mUnityEngine[48;2;0;0;0m[38;2;211;208;200m;[48;2;0;0;0m[38;2;211;208;200m
           4  [48;2;0;0;0m[38;2;211;208;200m
           5  [48;2;0;0;0m[38;2;204;153;204mnamespace[48;2;0;0;0m[38;2;211;208;200m [48;2;0;0;0m[38;2;211;208;200mAtomicWar[48;2;0;0;0m[38;2;211;208;200m.[48;2;0;0;0m[38;2;211;208;200m_Game[48;2;0;0;0m[38;2;211;208;200m.[48;2;0;0;0m[38;2;211;208;200mSurvivors[48;2;0;0;0m[38;2;211;208;200m
           6  [48;2;0;0;0m[38;2;211;208;200m{[48;2;0;0;0m[38;2;211;208;200m
              [hid 378 additional lines]

    Found 19 lines of similar code in 2 locations (mass = 84)

         305  [48;2;0;0;0m[38;2;242;240;236m        [48;2;0;0;0m[38;2;204;153;204mpublic[48;2;0;0;0m[38;2;242;240;236m [48;2;0;0;0m[38;2;242;240;236mSurvivalPerkSave[48;2;0;0;0m[38;2;242;240;236m [48;2;0;0;0m[38;2;102;153;204mCaptureState[48;2;0;0;0m[38;2;242;240;236m([48;2;0;0;0m[38;2;242;240;236m)[48;2;0;0;0m[38;2;242;240;236m
         306  [48;2;0;0;0m[38;2;242;240;236m        [48;2;0;0;0m[38;2;242;240;236m{[48;2;0;0;0m[38;2;242;240;236m
         307  [48;2;0;0;0m[38;2;242;240;236m            [48;2;0;0;0m[38;2;204;153;204mvar[48;2;0;0;0m[38;2;242;240;236m [48;2;0;0;0m[38;2;242;119;122msave[48;2;0;0;0m[38;2;242;240;236m [48;2;0;0;0m[38;2;211;208;200m=[48;2;0;0;0m[38;2;242;240;236m [48;2;0;0;0m[38;2;211;208;200mnew[48;2;0;0;0m[38;2;242;240;236m [48;2;0;0;0m[38;2;242;240;236mSurvivalPerkSave[48;2;0;0;0m[38;2;242;240;236m [48;2;0;0;0m[38;2;242;240;236m{[48;2;0;0;0m[38;2;242;240;236m [48;2;0;0;0m[38;2;242;119;122mEntries[48;2;0;0;0m[38;2;242;240;236m [48;2;0;0;0m[38;2;211;208;200m=[48;2;0;0;0m[38;2;242;240;236m [48;2;0;0;0m[38;2;211;208;200mnew[48;2;0;0;0m[38;2;242;240;236m [48;2;0;0;0m[38;2;242;240;236mList[48;2;0;0;0m[38;2;242;240;236m<[48;2;0;0;0m[38;2;242;240;236mSurvivalCounterSave[48;2;0;0;0m[38;2;242;240;236m>[48;2;0;0;0m[38;2;242;240;236m([48;2;0;0;0m[38;2;242;240;236m)[48;2;0;0;0m[38;2;242;240;236m [48;2;0;0;0m[38;2;242;240;236m}[48;2;0;0;0m[38;2;242;240;236m;[48;2;0;0;0m[38;2;242;240;236m
         308  [48;2;0;0;0m[38;2;242;240;236m            [48;2;0;0;0m[38;2;204;153;204mforeach[48;2;0;0;0m[38;2;242;240;236m [48;2;0;0;0m[38;2;242;240;236m([48;2;0;0;0m[38;2;204;153;204mvar[48;2;0;0;0m[38;2;242;240;236m [48;2;0;0;0m[38;2;242;119;122mkv[48;2;0;0;0m[38;2;242;240;236m [48;2;0;0;0m[38;2;204;153;204min[48;2;0;0;0m[38;2;242;240;236m [48;2;0;0;0m[38;2;242;119;122m_bySurvivor[48;2;0;0;0m[38;2;242;240;236m)[48;2;0;0;0m[38;2;242;240;236m
         309  [48;2;0;0;0m[38;2;242;240;236m            [48;2;0;0;0m[38;2;242;240;236m{[48;2;0;0;0m[38;2;242;240;236m
         310  [48;2;0;0;0m[38;2;242;240;236m                [48;2;0;0;0m[38;2;204;153;204mvar[48;2;0;0;0m[38;2;242;240;236m [48;2;0;0;0m[38;2;242;119;122mc[48;2;0;0;0m[38;2;242;240;236m [48;2;0;0;0m[38;2;211;208;200m=[48;2;0;0;0m[38;2;242;240;236m [48;2;0;0;0m[38;2;242;119;122mkv[48;2;0;0;0m[38;2;242;240;236m.[48;2;0;0;0m[38;2;242;119;122mValue[48;2;0;0;0m[38;2;242;240;236m;[48;2;0;0;0m[38;2;242;240;236m
              [hid 13 additional lines]
        also found at Assets/_Game/Survivors/ExpeditionPerkSystem.cs


Assets/_Game/Survivors/SurvivorDiariesSystem.cs
    High total complexity (count = 53)

           1  [48;2;0;0;0m[38;2;204;153;204musing[48;2;0;0;0m[38;2;211;208;200m [48;2;0;0;0m[38;2;211;208;200mSystem[48;2;0;0;0m[38;2;211;208;200m;[48;2;0;0;0m[38;2;211;208;200m
           2  [48;2;0;0;0m[38;2;204;153;204musing[48;2;0;0;0m[38;2;211;208;200m [48;2;0;0;0m[38;2;211;208;200mSystem[48;2;0;0;0m[38;2;211;208;200m.[48;2;0;0;0m[38;2;211;208;200mCollections[48;2;0;0;0m[38;2;211;208;200m.[48;2;0;0;0m[38;2;211;208;200mGeneric[48;2;0;0;0m[38;2;211;208;200m;[48;2;0;0;0m[38;2;211;208;200m
           3  [48;2;0;0;0m[38;2;204;153;204musing[48;2;0;0;0m[38;2;211;208;200m [48;2;0;0;0m[38;2;211;208;200mUnityEngine[48;2;0;0;0m[38;2;211;208;200m;[48;2;0;0;0m[38;2;211;208;200m
           4  [48;2;0;0;0m[38;2;211;208;200m
           5  [48;2;0;0;0m[38;2;204;153;204mnamespace[48;2;0;0;0m[38;2;211;208;200m [48;2;0;0;0m[38;2;211;208;200mAtomicWar[48;2;0;0;0m[38;2;211;208;200m.[48;2;0;0;0m[38;2;211;208;200m_Game[48;2;0;0;0m[38;2;211;208;200m.[48;2;0;0;0m[38;2;211;208;200mSurvivors[48;2;0;0;0m[38;2;211;208;200m
           6  [48;2;0;0;0m[38;2;211;208;200m{[48;2;0;0;0m[38;2;211;208;200m
              [hid 236 additional lines]


Assets/_Game/UI/EndgameSummaryUI.cs
    Function with many parameters (count = 10): Show

          31  [48;2;0;0;0m[38;2;242;240;236m        [48;2;0;0;0m[38;2;204;153;204mpublic[48;2;0;0;0m[38;2;242;240;236m [48;2;0;0;0m[38;2;204;153;204mvoid[48;2;0;0;0m[38;2;242;240;236m [48;2;0;0;0m[38;2;102;153;204mShow[48;2;0;0;0m[38;2;242;240;236m([48;2;0;0;0m[38;2;242;240;236m
          32  [48;2;0;0;0m[38;2;242;240;236m            [48;2;0;0;0m[38;2;204;153;204mstring[48;2;0;0;0m[38;2;242;240;236m [48;2;0;0;0m[38;2;242;119;122mstateName[48;2;0;0;0m[38;2;242;240;236m,[48;2;0;0;0m[38;2;242;240;236m
          33  [48;2;0;0;0m[38;2;242;240;236m            [48;2;0;0;0m[38;2;204;153;204mstring[48;2;0;0;0m[38;2;242;240;236m [48;2;0;0;0m[38;2;242;119;122moutcomeTitle[48;2;0;0;0m[38;2;242;240;236m,[48;2;0;0;0m[38;2;242;240;236m
          34  [48;2;0;0;0m[38;2;242;240;236m            [48;2;0;0;0m[38;2;204;153;204mstring[48;2;0;0;0m[38;2;242;240;236m [48;2;0;0;0m[38;2;242;119;122moutcomeBody[48;2;0;0;0m[38;2;242;240;236m,[48;2;0;0;0m[38;2;242;240;236m
          35  [48;2;0;0;0m[38;2;242;240;236m            [48;2;0;0;0m[38;2;204;153;204mstring[48;2;0;0;0m[38;2;242;240;236m [48;2;0;0;0m[38;2;242;119;122mdeathScreenLabel[48;2;0;0;0m[38;2;242;240;236m,[48;2;0;0;0m[38;2;242;240;236m
          36  [48;2;0;0;0m[38;2;242;240;236m            [48;2;0;0;0m[38;2;204;153;204mint[48;2;0;0;0m[38;2;242;240;236m [48;2;0;0;0m[38;2;242;119;122mdaysSurvived[48;2;0;0;0m[38;2;242;240;236m,[48;2;0;0;0m[38;2;242;240;236m
              [hid 5 additional lines]


Assets/_Game/UI/FactionRadioVoHook.cs
    High total complexity (count = 50)

           1  [48;2;0;0;0m[38;2;204;153;204musing[48;2;0;0;0m[38;2;211;208;200m [48;2;0;0;0m[38;2;211;208;200mSystem[48;2;0;0;0m[38;2;211;208;200m;[48;2;0;0;0m[38;2;211;208;200m
           2  [48;2;0;0;0m[38;2;204;153;204musing[48;2;0;0;0m[38;2;211;208;200m [48;2;0;0;0m[38;2;211;208;200mUnityEngine[48;2;0;0;0m[38;2;211;208;200m;[48;2;0;0;0m[38;2;211;208;200m
           3  [48;2;0;0;0m[38;2;204;153;204musing[48;2;0;0;0m[38;2;211;208;200m [48;2;0;0;0m[38;2;211;208;200mAtomicWar[48;2;0;0;0m[38;2;211;208;200m.[48;2;0;0;0m[38;2;211;208;200m_Game[48;2;0;0;0m[38;2;211;208;200m.[48;2;0;0;0m[38;2;211;208;200mEconomy[48;2;0;0;0m[38;2;211;208;200m;[48;2;0;0;0m[38;2;211;208;200m
           4  [48;2;0;0;0m[38;2;211;208;200m
           5  [48;2;0;0;0m[38;2;204;153;204mnamespace[48;2;0;0;0m[38;2;211;208;200m [48;2;0;0;0m[38;2;211;208;200mAtomicWar[48;2;0;0;0m[38;2;211;208;200m.[48;2;0;0;0m[38;2;211;208;200m_Game[48;2;0;0;0m[38;2;211;208;200m.[48;2;0;0;0m[38;2;211;208;200mUI[48;2;0;0;0m[38;2;211;208;200m
           6  [48;2;0;0;0m[38;2;211;208;200m{[48;2;0;0;0m[38;2;211;208;200m
              [hid 231 additional lines]

    Function with high complexity (count = 21): ApplyLibraryIfPresent

          71  [48;2;0;0;0m[38;2;242;240;236m        [48;2;0;0;0m[38;2;204;153;204mprivate[48;2;0;0;0m[38;2;242;240;236m [48;2;0;0;0m[38;2;204;153;204mvoid[48;2;0;0;0m[38;2;242;240;236m [48;2;0;0;0m[38;2;102;153;204mApplyLibraryIfPresent[48;2;0;0;0m[38;2;242;240;236m([48;2;0;0;0m[38;2;242;240;236m)[48;2;0;0;0m[38;2;242;240;236m
          72  [48;2;0;0;0m[38;2;242;240;236m        [48;2;0;0;0m[38;2;242;240;236m{[48;2;0;0;0m[38;2;242;240;236m
          73  [48;2;0;0;0m[38;2;242;240;236m            [48;2;0;0;0m[38;2;204;153;204mif[48;2;0;0;0m[38;2;242;240;236m [48;2;0;0;0m[38;2;242;240;236m([48;2;0;0;0m[38;2;242;119;122m_library[48;2;0;0;0m[38;2;242;240;236m [48;2;0;0;0m[38;2;211;208;200m==[48;2;0;0;0m[38;2;242;240;236m [48;2;0;0;0m[38;2;249;145;87mnull[48;2;0;0;0m[38;2;242;240;236m)[48;2;0;0;0m[38;2;242;240;236m [48;2;0;0;0m[38;2;204;153;204mreturn[48;2;0;0;0m[38;2;242;240;236m;[48;2;0;0;0m[38;2;242;240;236m
          74  [48;2;0;0;0m[38;2;242;240;236m            [48;2;0;0;0m[38;2;204;153;204mif[48;2;0;0;0m[38;2;242;240;236m [48;2;0;0;0m[38;2;242;240;236m([48;2;0;0;0m[38;2;242;119;122m_library[48;2;0;0;0m[38;2;242;240;236m.[48;2;0;0;0m[38;2;242;119;122mDefaultStaticHiss[48;2;0;0;0m[38;2;242;240;236m [48;2;0;0;0m[38;2;211;208;200m!=[48;2;0;0;0m[38;2;242;240;236m [48;2;0;0;0m[38;2;249;145;87mnull[48;2;0;0;0m[38;2;242;240;236m)[48;2;0;0;0m[38;2;242;240;236m
          75  [48;2;0;0;0m[38;2;242;240;236m                [48;2;0;0;0m[38;2;242;119;122m_defaultStaticClip[48;2;0;0;0m[38;2;242;240;236m [48;2;0;0;0m[38;2;211;208;200m=[48;2;0;0;0m[38;2;242;240;236m [48;2;0;0;0m[38;2;242;119;122m_library[48;2;0;0;0m[38;2;242;240;236m.[48;2;0;0;0m[38;2;242;119;122mDefaultStaticHiss[48;2;0;0;0m[38;2;242;240;236m;[48;2;0;0;0m[38;2;242;240;236m
          76  [48;2;0;0;0m[38;2;242;240;236m            [48;2;0;0;0m[38;2;204;153;204mif[48;2;0;0;0m[38;2;242;240;236m [48;2;0;0;0m[38;2;242;240;236m([48;2;0;0;0m[38;2;242;119;122m_library[48;2;0;0;0m[38;2;242;240;236m.[48;2;0;0;0m[38;2;242;119;122mChannelClips[48;2;0;0;0m[38;2;242;240;236m [48;2;0;0;0m[38;2;211;208;200m!=[48;2;0;0;0m[38;2;242;240;236m [48;2;0;0;0m[38;2;249;145;87mnull[48;2;0;0;0m[38;2;242;240;236m [48;2;0;0;0m[38;2;211;208;200m&&[48;2;0;0;0m[38;2;242;240;236m [48;2;0;0;0m[38;2;242;119;122m_library[48;2;0;0;0m[38;2;242;240;236m.[48;2;0;0;0m[38;2;242;119;122mChannelClips[48;2;0;0;0m[38;2;242;240;236m.[48;2;0;0;0m[38;2;242;119;122mLength[48;2;0;0;0m[38;2;242;240;236m [48;2;0;0;0m[38;2;211;208;200m>[48;2;0;0;0m[38;2;242;240;236m [48;2;0;0;0m[38;2;249;145;87m0[48;2;0;0;0m[38;2;242;240;236m)[48;2;0;0;0m[38;2;242;240;236m
              [hid 26 additional lines]


Assets/_Game/UI/HUD.cs
    High total complexity (count = 53)

           1  [48;2;0;0;0m[38;2;204;153;204musing[48;2;0;0;0m[38;2;211;208;200m [48;2;0;0;0m[38;2;211;208;200mSystem[48;2;0;0;0m[38;2;211;208;200m.[48;2;0;0;0m[38;2;211;208;200mCollections[48;2;0;0;0m[38;2;211;208;200m.[48;2;0;0;0m[38;2;211;208;200mGeneric[48;2;0;0;0m[38;2;211;208;200m;[48;2;0;0;0m[38;2;211;208;200m
           2  [48;2;0;0;0m[38;2;204;153;204musing[48;2;0;0;0m[38;2;211;208;200m [48;2;0;0;0m[38;2;211;208;200mUnityEngine[48;2;0;0;0m[38;2;211;208;200m;[48;2;0;0;0m[38;2;211;208;200m
           3  [48;2;0;0;0m[38;2;204;153;204musing[48;2;0;0;0m[38;2;211;208;200m [48;2;0;0;0m[38;2;211;208;200mAtomicWar[48;2;0;0;0m[38;2;211;208;200m.[48;2;0;0;0m[38;2;211;208;200m_Game[48;2;0;0;0m[38;2;211;208;200m.[48;2;0;0;0m[38;2;211;208;200mSurvivors[48;2;0;0;0m[38;2;211;208;200m;[48;2;0;0;0m[38;2;211;208;200m
           4  [48;2;0;0;0m[38;2;204;153;204musing[48;2;0;0;0m[38;2;211;208;200m [48;2;0;0;0m[38;2;211;208;200mAtomicWar[48;2;0;0;0m[38;2;211;208;200m.[48;2;0;0;0m[38;2;211;208;200m_Game[48;2;0;0;0m[38;2;211;208;200m.[48;2;0;0;0m[38;2;211;208;200mShelter[48;2;0;0;0m[38;2;211;208;200m;[48;2;0;0;0m[38;2;211;208;200m
           5  [48;2;0;0;0m[38;2;204;153;204musing[48;2;0;0;0m[38;2;211;208;200m [48;2;0;0;0m[38;2;211;208;200mAtomicWar[48;2;0;0;0m[38;2;211;208;200m.[48;2;0;0;0m[38;2;211;208;200m_Game[48;2;0;0;0m[38;2;211;208;200m.[48;2;0;0;0m[38;2;211;208;200mEvents[48;2;0;0;0m[38;2;211;208;200m;[48;2;0;0;0m[38;2;211;208;200m
           6  [48;2;0;0;0m[38;2;204;153;204musing[48;2;0;0;0m[38;2;211;208;200m [48;2;0;0;0m[38;2;211;208;200mAtomicWar[48;2;0;0;0m[38;2;211;208;200m.[48;2;0;0;0m[38;2;211;208;200m_Game[48;2;0;0;0m[38;2;211;208;200m.[48;2;0;0;0m[38;2;211;208;200mEnvironment[48;2;0;0;0m[38;2;211;208;200m;[48;2;0;0;0m[38;2;211;208;200m
              [hid 330 additional lines]

    Function with high complexity (count = 22): EnsureWidgetReferences

          88  [48;2;0;0;0m[38;2;242;240;236m        [48;2;0;0;0m[38;2;204;153;204mprivate[48;2;0;0;0m[38;2;242;240;236m [48;2;0;0;0m[38;2;204;153;204mvoid[48;2;0;0;0m[38;2;242;240;236m [48;2;0;0;0m[38;2;102;153;204mEnsureWidgetReferences[48;2;0;0;0m[38;2;242;240;236m([48;2;0;0;0m[38;2;242;240;236m)[48;2;0;0;0m[38;2;242;240;236m
          89  [48;2;0;0;0m[38;2;242;240;236m        [48;2;0;0;0m[38;2;242;240;236m{[48;2;0;0;0m[38;2;242;240;236m
          90  [48;2;0;0;0m[38;2;242;240;236m            [48;2;0;0;0m[38;2;204;153;204mif[48;2;0;0;0m[38;2;242;240;236m [48;2;0;0;0m[38;2;242;240;236m([48;2;0;0;0m[38;2;242;119;122m_needsBar[48;2;0;0;0m[38;2;242;240;236m [48;2;0;0;0m[38;2;211;208;200m==[48;2;0;0;0m[38;2;242;240;236m [48;2;0;0;0m[38;2;249;145;87mnull[48;2;0;0;0m[38;2;242;240;236m)[48;2;0;0;0m[38;2;242;240;236m [48;2;0;0;0m[38;2;242;119;122m_needsBar[48;2;0;0;0m[38;2;242;240;236m [48;2;0;0;0m[38;2;211;208;200m=[48;2;0;0;0m[38;2;242;240;236m [48;2;0;0;0m[38;2;102;153;204mGetComponentInChildren[48;2;0;0;0m[38;2;242;240;236m<[48;2;0;0;0m[38;2;242;240;236mNeedsBar[48;2;0;0;0m[38;2;242;240;236m>[48;2;0;0;0m[38;2;242;240;236m([48;2;0;0;0m[38;2;242;240;236m)[48;2;0;0;0m[38;2;242;240;236m [48;2;0;0;0m[38;2;211;208;200m??[48;2;0;0;0m[38;2;242;240;236m [48;2;0;0;0m[38;2;242;119;122mgameObject[48;2;0;0;0m[38;2;242;240;236m.[48;2;0;0;0m[38;2;102;153;204mAddComponent[48;2;0;0;0m[38;2;242;240;236m<[48;2;0;0;0m[38;2;242;240;236mNeedsBar[48;2;0;0;0m[38;2;242;240;236m>[48;2;0;0;0m[38;2;242;240;236m([48;2;0;0;0m[38;2;242;240;236m)[48;2;0;0;0m[38;2;242;240;236m;[48;2;0;0;0m[38;2;242;240;236m
          91  [48;2;0;0;0m[38;2;242;240;236m            [48;2;0;0;0m[38;2;204;153;204mif[48;2;0;0;0m[38;2;242;240;236m [48;2;0;0;0m[38;2;242;240;236m([48;2;0;0;0m[38;2;242;119;122m_dosimeterHud[48;2;0;0;0m[38;2;242;240;236m [48;2;0;0;0m[38;2;211;208;200m==[48;2;0;0;0m[38;2;242;240;236m [48;2;0;0;0m[38;2;249;145;87mnull[48;2;0;0;0m[38;2;242;240;236m)[48;2;0;0;0m[38;2;242;240;236m [48;2;0;0;0m[38;2;242;119;122m_dosimeterHud[48;2;0;0;0m[38;2;242;240;236m [48;2;0;0;0m[38;2;211;208;200m=[48;2;0;0;0m[38;2;242;240;236m [48;2;0;0;0m[38;2;102;153;204mGetComponentInChildren[48;2;0;0;0m[38;2;242;240;236m<[48;2;0;0;0m[38;2;242;240;236mDosimeterHUD[48;2;0;0;0m[38;2;242;240;236m>[48;2;0;0;0m[38;2;242;240;236m([48;2;0;0;0m[38;2;242;240;236m)[48;2;0;0;0m[38;2;242;240;236m [48;2;0;0;0m[38;2;211;208;200m??[48;2;0;0;0m[38;2;242;240;236m [48;2;0;0;0m[38;2;242;119;122mgameObject[48;2;0;0;0m[38;2;242;240;236m.[48;2;0;0;0m[38;2;102;153;204mAddComponent[48;2;0;0;0m[38;2;242;240;236m<[48;2;0;0;0m[38;2;242;240;236mDosimeterHUD[48;2;0;0;0m[38;2;242;240;236m>[48;2;0;0;0m[38;2;242;240;236m([48;2;0;0;0m[38;2;242;240;236m)[48;2;0;0;0m[38;2;242;240;236m;[48;2;0;0;0m[38;2;242;240;236m
          92  [48;2;0;0;0m[38;2;242;240;236m            [48;2;0;0;0m[38;2;204;153;204mif[48;2;0;0;0m[38;2;242;240;236m [48;2;0;0;0m[38;2;242;240;236m([48;2;0;0;0m[38;2;242;119;122m_healthTrajectoryHud[48;2;0;0;0m[38;2;242;240;236m [48;2;0;0;0m[38;2;211;208;200m==[48;2;0;0;0m[38;2;242;240;236m [48;2;0;0;0m[38;2;249;145;87mnull[48;2;0;0;0m[38;2;242;240;236m)[48;2;0;0;0m[38;2;242;240;236m [48;2;0;0;0m[38;2;242;119;122m_healthTrajectoryHud[48;2;0;0;0m[38;2;242;240;236m [48;2;0;0;0m[38;2;211;208;200m=[48;2;0;0;0m[38;2;242;240;236m [48;2;0;0;0m[38;2;102;153;204mGetComponentInChildren[48;2;0;0;0m[38;2;242;240;236m<[48;2;0;0;0m[38;2;242;240;236mHealthTrajectoryHUD[48;2;0;0;0m[38;2;242;240;236m>[48;2;0;0;0m[38;2;242;240;236m([48;2;0;0;0m[38;2;242;240;236m)[48;2;0;0;0m[38;2;242;240;236m [48;2;0;0;0m[38;2;211;208;200m??[48;2;0;0;0m[38;2;242;240;236m [48;2;0;0;0m[38;2;242;119;122mgameObject[48;2;0;0;0m[38;2;242;240;236m.[48;2;0;0;0m[38;2;102;153;204mAddComponent[48;2;0;0;0m[38;2;242;240;236m<[48;2;0;0;0m[38;2;242;240;236mHealthTrajectoryHUD[48;2;0;0;0m[38;2;242;240;236m>[48;2;0;0;0m[38;2;242;240;236m([48;2;0;0;0m[38;2;242;240;236m)[48;2;0;0;0m[38;2;242;240;236m;[48;2;0;0;0m[38;2;242;240;236m
          93  [48;2;0;0;0m[38;2;242;240;236m            [48;2;0;0;0m[38;2;204;153;204mif[48;2;0;0;0m[38;2;242;240;236m [48;2;0;0;0m[38;2;242;240;236m([48;2;0;0;0m[38;2;242;119;122m_geigerAudioHook[48;2;0;0;0m[38;2;242;240;236m [48;2;0;0;0m[38;2;211;208;200m==[48;2;0;0;0m[38;2;242;240;236m [48;2;0;0;0m[38;2;249;145;87mnull[48;2;0;0;0m[38;2;242;240;236m)[48;2;0;0;0m[38;2;242;240;236m [48;2;0;0;0m[38;2;242;119;122m_geigerAudioHook[48;2;0;0;0m[38;2;242;240;236m [48;2;0;0;0m[38;2;211;208;200m=[48;2;0;0;0m[38;2;242;240;236m [48;2;0;0;0m[38;2;102;153;204mGetComponentInChildren[48;2;0;0;0m[38;2;242;240;236m<[48;2;0;0;0m[38;2;242;240;236mGeigerAudioHook[48;2;0;0;0m[38;2;242;240;236m>[48;2;0;0;0m[38;2;242;240;236m([48;2;0;0;0m[38;2;242;240;236m)[48;2;0;0;0m[38;2;242;240;236m [48;2;0;0;0m[38;2;211;208;200m??[48;2;0;0;0m[38;2;242;240;236m [48;2;0;0;0m[38;2;242;119;122mgameObject[48;2;0;0;0m[38;2;242;240;236m.[48;2;0;0;0m[38;2;102;153;204mAddComponent[48;2;0;0;0m[38;2;242;240;236m<[48;2;0;0;0m[38;2;242;240;236mGeigerAudioHook[48;2;0;0;0m[38;2;242;240;236m>[48;2;0;0;0m[38;2;242;240;236m([48;2;0;0;0m[38;2;242;240;236m)[48;2;0;0;0m[38;2;242;240;236m;[48;2;0;0;0m[38;2;242;240;236m
              [hid 21 additional lines]


Assets/_Game/UI/HatchDefenseHUD.cs
    Function with high complexity (count = 22): Refresh

          73  [48;2;0;0;0m[38;2;242;240;236m        [48;2;0;0;0m[38;2;204;153;204mpublic[48;2;0;0;0m[38;2;242;240;236m [48;2;0;0;0m[38;2;204;153;204mvoid[48;2;0;0;0m[38;2;242;240;236m [48;2;0;0;0m[38;2;102;153;204mRefresh[48;2;0;0;0m[38;2;242;240;236m([48;2;0;0;0m[38;2;242;240;236m)[48;2;0;0;0m[38;2;242;240;236m
          74  [48;2;0;0;0m[38;2;242;240;236m        [48;2;0;0;0m[38;2;242;240;236m{[48;2;0;0;0m[38;2;242;240;236m
          75  [48;2;0;0;0m[38;2;242;240;236m            [48;2;0;0;0m[38;2;204;153;204mif[48;2;0;0;0m[38;2;242;240;236m [48;2;0;0;0m[38;2;242;240;236m([48;2;0;0;0m[38;2;242;119;122m_hatch[48;2;0;0;0m[38;2;242;240;236m [48;2;0;0;0m[38;2;211;208;200m==[48;2;0;0;0m[38;2;242;240;236m [48;2;0;0;0m[38;2;249;145;87mnull[48;2;0;0;0m[38;2;242;240;236m)[48;2;0;0;0m[38;2;242;240;236m
          76  [48;2;0;0;0m[38;2;242;240;236m            [48;2;0;0;0m[38;2;242;240;236m{[48;2;0;0;0m[38;2;242;240;236m
          77  [48;2;0;0;0m[38;2;242;240;236m                [48;2;0;0;0m[38;2;242;119;122mShelterSecurity[48;2;0;0;0m[38;2;242;240;236m [48;2;0;0;0m[38;2;211;208;200m=[48;2;0;0;0m[38;2;242;240;236m [48;2;0;0;0m[38;2;242;119;122mWeaponPower[48;2;0;0;0m[38;2;242;240;236m [48;2;0;0;0m[38;2;211;208;200m=[48;2;0;0;0m[38;2;242;240;236m [48;2;0;0;0m[38;2;242;119;122mDefenseScore[48;2;0;0;0m[38;2;242;240;236m [48;2;0;0;0m[38;2;211;208;200m=[48;2;0;0;0m[38;2;242;240;236m [48;2;0;0;0m[38;2;249;145;87m0[48;2;0;0;0m[38;2;204;153;204mf[48;2;0;0;0m[38;2;242;240;236m;[48;2;0;0;0m[38;2;242;240;236m
          78  [48;2;0;0;0m[38;2;242;240;236m                [48;2;0;0;0m[38;2;242;119;122mActiveGuards[48;2;0;0;0m[38;2;242;240;236m [48;2;0;0;0m[38;2;211;208;200m=[48;2;0;0;0m[38;2;242;240;236m [48;2;0;0;0m[38;2;249;145;87m0[48;2;0;0;0m[38;2;242;240;236m;[48;2;0;0;0m[38;2;242;240;236m
              [hid 59 additional lines]


Assets/_Game/UI/InternalHorrorHUD.cs
    Function with many parameters (count = 7): BuildIconStrip

         509  [48;2;0;0;0m[38;2;242;240;236m        [48;2;0;0;0m[38;2;204;153;204mpublic[48;2;0;0;0m[38;2;242;240;236m [48;2;0;0;0m[38;2;204;153;204mstatic[48;2;0;0;0m[38;2;242;240;236m [48;2;0;0;0m[38;2;204;153;204mstring[48;2;0;0;0m[38;2;242;240;236m [48;2;0;0;0m[38;2;102;153;204mBuildIconStrip[48;2;0;0;0m[38;2;242;240;236m([48;2;0;0;0m[38;2;242;240;236m
         510  [48;2;0;0;0m[38;2;242;240;236m            [48;2;0;0;0m[38;2;204;153;204mint[48;2;0;0;0m[38;2;242;240;236m [48;2;0;0;0m[38;2;242;119;122mcorpses[48;2;0;0;0m[38;2;242;240;236m,[48;2;0;0;0m[38;2;242;240;236m [48;2;0;0;0m[38;2;204;153;204mint[48;2;0;0;0m[38;2;242;240;236m [48;2;0;0;0m[38;2;242;119;122mfires[48;2;0;0;0m[38;2;242;240;236m,[48;2;0;0;0m[38;2;242;240;236m [48;2;0;0;0m[38;2;204;153;204mint[48;2;0;0;0m[38;2;242;240;236m [48;2;0;0;0m[38;2;242;119;122mcomas[48;2;0;0;0m[38;2;242;240;236m,[48;2;0;0;0m[38;2;242;240;236m [48;2;0;0;0m[38;2;204;153;204mbool[48;2;0;0;0m[38;2;242;240;236m [48;2;0;0;0m[38;2;242;119;122mcomaUrgent[48;2;0;0;0m[38;2;242;240;236m,[48;2;0;0;0m[38;2;242;240;236m [48;2;0;0;0m[38;2;204;153;204mint[48;2;0;0;0m[38;2;242;240;236m [48;2;0;0;0m[38;2;242;119;122mcontaminated[48;2;0;0;0m[38;2;242;240;236m,[48;2;0;0;0m[38;2;242;240;236m
         511  [48;2;0;0;0m[38;2;242;240;236m            [48;2;0;0;0m[38;2;204;153;204mbool[48;2;0;0;0m[38;2;242;240;236m [48;2;0;0;0m[38;2;242;119;122mfirePing[48;2;0;0;0m[38;2;242;240;236m [48;2;0;0;0m[38;2;211;208;200m=[48;2;0;0;0m[38;2;242;240;236m [48;2;0;0;0m[38;2;249;145;87mfalse[48;2;0;0;0m[38;2;242;240;236m,[48;2;0;0;0m[38;2;242;240;236m [48;2;0;0;0m[38;2;204;153;204mbool[48;2;0;0;0m[38;2;242;240;236m [48;2;0;0;0m[38;2;242;119;122mcarePing[48;2;0;0;0m[38;2;242;240;236m [48;2;0;0;0m[38;2;211;208;200m=[48;2;0;0;0m[38;2;242;240;236m [48;2;0;0;0m[38;2;249;145;87mfalse[48;2;0;0;0m[38;2;242;240;236m)[48;2;0;0;0m[38;2;242;240;236m

    Function with many parameters (count = 8): BuildDetailSummary

         531  [48;2;0;0;0m[38;2;242;240;236m        [48;2;0;0;0m[38;2;204;153;204mpublic[48;2;0;0;0m[38;2;242;240;236m [48;2;0;0;0m[38;2;204;153;204mstatic[48;2;0;0;0m[38;2;242;240;236m [48;2;0;0;0m[38;2;204;153;204mstring[48;2;0;0;0m[38;2;242;240;236m [48;2;0;0;0m[38;2;102;153;204mBuildDetailSummary[48;2;0;0;0m[38;2;242;240;236m([48;2;0;0;0m[38;2;242;240;236m
         532  [48;2;0;0;0m[38;2;242;240;236m            [48;2;0;0;0m[38;2;204;153;204mstring[48;2;0;0;0m[38;2;242;240;236m [48;2;0;0;0m[38;2;242;119;122mcorpseStatus[48;2;0;0;0m[38;2;242;240;236m,[48;2;0;0;0m[38;2;242;240;236m [48;2;0;0;0m[38;2;204;153;204mstring[48;2;0;0;0m[38;2;242;240;236m [48;2;0;0;0m[38;2;242;119;122mcorpseDetail[48;2;0;0;0m[38;2;242;240;236m,[48;2;0;0;0m[38;2;242;240;236m
         533  [48;2;0;0;0m[38;2;242;240;236m            [48;2;0;0;0m[38;2;204;153;204mstring[48;2;0;0;0m[38;2;242;240;236m [48;2;0;0;0m[38;2;242;119;122mfireAlert[48;2;0;0;0m[38;2;242;240;236m,[48;2;0;0;0m[38;2;242;240;236m [48;2;0;0;0m[38;2;204;153;204mstring[48;2;0;0;0m[38;2;242;240;236m [48;2;0;0;0m[38;2;242;119;122mfireDetail[48;2;0;0;0m[38;2;242;240;236m,[48;2;0;0;0m[38;2;242;240;236m
         534  [48;2;0;0;0m[38;2;242;240;236m            [48;2;0;0;0m[38;2;204;153;204mstring[48;2;0;0;0m[38;2;242;240;236m [48;2;0;0;0m[38;2;242;119;122mcomaStatus[48;2;0;0;0m[38;2;242;240;236m,[48;2;0;0;0m[38;2;242;240;236m [48;2;0;0;0m[38;2;204;153;204mstring[48;2;0;0;0m[38;2;242;240;236m [48;2;0;0;0m[38;2;242;119;122mcontamLine[48;2;0;0;0m[38;2;242;240;236m,[48;2;0;0;0m[38;2;242;240;236m
         535  [48;2;0;0;0m[38;2;242;240;236m            [48;2;0;0;0m[38;2;204;153;204mstring[48;2;0;0;0m[38;2;242;240;236m [48;2;0;0;0m[38;2;242;119;122mcorpseChoices[48;2;0;0;0m[38;2;242;240;236m [48;2;0;0;0m[38;2;211;208;200m=[48;2;0;0;0m[38;2;242;240;236m [48;2;0;0;0m[38;2;249;145;87mnull[48;2;0;0;0m[38;2;242;240;236m,[48;2;0;0;0m[38;2;242;240;236m [48;2;0;0;0m[38;2;204;153;204mstring[48;2;0;0;0m[38;2;242;240;236m [48;2;0;0;0m[38;2;242;119;122mfireChoices[48;2;0;0;0m[38;2;242;240;236m [48;2;0;0;0m[38;2;211;208;200m=[48;2;0;0;0m[38;2;242;240;236m [48;2;0;0;0m[38;2;249;145;87mnull[48;2;0;0;0m[38;2;242;240;236m)[48;2;0;0;0m[38;2;242;240;236m

    High total complexity (count = 114)

           1  [48;2;0;0;0m[38;2;204;153;204musing[48;2;0;0;0m[38;2;211;208;200m [48;2;0;0;0m[38;2;211;208;200mSystem[48;2;0;0;0m[38;2;211;208;200m;[48;2;0;0;0m[38;2;211;208;200m
           2  [48;2;0;0;0m[38;2;204;153;204musing[48;2;0;0;0m[38;2;211;208;200m [48;2;0;0;0m[38;2;211;208;200mSystem[48;2;0;0;0m[38;2;211;208;200m.[48;2;0;0;0m[38;2;211;208;200mCollections[48;2;0;0;0m[38;2;211;208;200m.[48;2;0;0;0m[38;2;211;208;200mGeneric[48;2;0;0;0m[38;2;211;208;200m;[48;2;0;0;0m[38;2;211;208;200m
           3  [48;2;0;0;0m[38;2;204;153;204musing[48;2;0;0;0m[38;2;211;208;200m [48;2;0;0;0m[38;2;211;208;200mSystem[48;2;0;0;0m[38;2;211;208;200m.[48;2;0;0;0m[38;2;211;208;200mText[48;2;0;0;0m[38;2;211;208;200m;[48;2;0;0;0m[38;2;211;208;200m
           4  [48;2;0;0;0m[38;2;204;153;204musing[48;2;0;0;0m[38;2;211;208;200m [48;2;0;0;0m[38;2;211;208;200mUnityEngine[48;2;0;0;0m[38;2;211;208;200m;[48;2;0;0;0m[38;2;211;208;200m
           5  [48;2;0;0;0m[38;2;211;208;200m
           6  [48;2;0;0;0m[38;2;204;153;204mnamespace[48;2;0;0;0m[38;2;211;208;200m [48;2;0;0;0m[38;2;211;208;200mAtomicWar[48;2;0;0;0m[38;2;211;208;200m.[48;2;0;0;0m[38;2;211;208;200m_Game[48;2;0;0;0m[38;2;211;208;200m.[48;2;0;0;0m[38;2;211;208;200mUI[48;2;0;0;0m[38;2;211;208;200m
              [hid 563 additional lines]

    Function with high complexity (count = 25): ApplySnapshot

          77  [48;2;0;0;0m[38;2;242;240;236m        [48;2;0;0;0m[38;2;204;153;204mpublic[48;2;0;0;0m[38;2;242;240;236m [48;2;0;0;0m[38;2;204;153;204mvoid[48;2;0;0;0m[38;2;242;240;236m [48;2;0;0;0m[38;2;102;153;204mApplySnapshot[48;2;0;0;0m[38;2;242;240;236m([48;2;0;0;0m[38;2;242;240;236mInternalHorrorSnapshot[48;2;0;0;0m[38;2;242;240;236m [48;2;0;0;0m[38;2;242;119;122msnap[48;2;0;0;0m[38;2;242;240;236m)[48;2;0;0;0m[38;2;242;240;236m
          78  [48;2;0;0;0m[38;2;242;240;236m        [48;2;0;0;0m[38;2;242;240;236m{[48;2;0;0;0m[38;2;242;240;236m
          79  [48;2;0;0;0m[38;2;242;240;236m            [48;2;0;0;0m[38;2;204;153;204mif[48;2;0;0;0m[38;2;242;240;236m [48;2;0;0;0m[38;2;242;240;236m([48;2;0;0;0m[38;2;242;119;122msnap[48;2;0;0;0m[38;2;242;240;236m [48;2;0;0;0m[38;2;211;208;200m==[48;2;0;0;0m[38;2;242;240;236m [48;2;0;0;0m[38;2;249;145;87mnull[48;2;0;0;0m[38;2;242;240;236m)[48;2;0;0;0m[38;2;242;240;236m
          80  [48;2;0;0;0m[38;2;242;240;236m            [48;2;0;0;0m[38;2;242;240;236m{[48;2;0;0;0m[38;2;242;240;236m
          81  [48;2;0;0;0m[38;2;242;240;236m                [48;2;0;0;0m[38;2;102;153;204mClear[48;2;0;0;0m[38;2;242;240;236m([48;2;0;0;0m[38;2;242;240;236m)[48;2;0;0;0m[38;2;242;240;236m;[48;2;0;0;0m[38;2;242;240;236m
          82  [48;2;0;0;0m[38;2;242;240;236m                [48;2;0;0;0m[38;2;204;153;204mreturn[48;2;0;0;0m[38;2;242;240;236m;[48;2;0;0;0m[38;2;242;240;236m
              [hid 91 additional lines]

    Function with high complexity (count = 20): BuildIconStrip

         509  [48;2;0;0;0m[38;2;242;240;236m        [48;2;0;0;0m[38;2;204;153;204mpublic[48;2;0;0;0m[38;2;242;240;236m [48;2;0;0;0m[38;2;204;153;204mstatic[48;2;0;0;0m[38;2;242;240;236m [48;2;0;0;0m[38;2;204;153;204mstring[48;2;0;0;0m[38;2;242;240;236m [48;2;0;0;0m[38;2;102;153;204mBuildIconStrip[48;2;0;0;0m[38;2;242;240;236m([48;2;0;0;0m[38;2;242;240;236m
         510  [48;2;0;0;0m[38;2;242;240;236m            [48;2;0;0;0m[38;2;204;153;204mint[48;2;0;0;0m[38;2;242;240;236m [48;2;0;0;0m[38;2;242;119;122mcorpses[48;2;0;0;0m[38;2;242;240;236m,[48;2;0;0;0m[38;2;242;240;236m [48;2;0;0;0m[38;2;204;153;204mint[48;2;0;0;0m[38;2;242;240;236m [48;2;0;0;0m[38;2;242;119;122mfires[48;2;0;0;0m[38;2;242;240;236m,[48;2;0;0;0m[38;2;242;240;236m [48;2;0;0;0m[38;2;204;153;204mint[48;2;0;0;0m[38;2;242;240;236m [48;2;0;0;0m[38;2;242;119;122mcomas[48;2;0;0;0m[38;2;242;240;236m,[48;2;0;0;0m[38;2;242;240;236m [48;2;0;0;0m[38;2;204;153;204mbool[48;2;0;0;0m[38;2;242;240;236m [48;2;0;0;0m[38;2;242;119;122mcomaUrgent[48;2;0;0;0m[38;2;242;240;236m,[48;2;0;0;0m[38;2;242;240;236m [48;2;0;0;0m[38;2;204;153;204mint[48;2;0;0;0m[38;2;242;240;236m [48;2;0;0;0m[38;2;242;119;122mcontaminated[48;2;0;0;0m[38;2;242;240;236m,[48;2;0;0;0m[38;2;242;240;236m
         511  [48;2;0;0;0m[38;2;242;240;236m            [48;2;0;0;0m[38;2;204;153;204mbool[48;2;0;0;0m[38;2;242;240;236m [48;2;0;0;0m[38;2;242;119;122mfirePing[48;2;0;0;0m[38;2;242;240;236m [48;2;0;0;0m[38;2;211;208;200m=[48;2;0;0;0m[38;2;242;240;236m [48;2;0;0;0m[38;2;249;145;87mfalse[48;2;0;0;0m[38;2;242;240;236m,[48;2;0;0;0m[38;2;242;240;236m [48;2;0;0;0m[38;2;204;153;204mbool[48;2;0;0;0m[38;2;242;240;236m [48;2;0;0;0m[38;2;242;119;122mcarePing[48;2;0;0;0m[38;2;242;240;236m [48;2;0;0;0m[38;2;211;208;200m=[48;2;0;0;0m[38;2;242;240;236m [48;2;0;0;0m[38;2;249;145;87mfalse[48;2;0;0;0m[38;2;242;240;236m)[48;2;0;0;0m[38;2;242;240;236m
         512  [48;2;0;0;0m[38;2;242;240;236m        [48;2;0;0;0m[38;2;242;240;236m{[48;2;0;0;0m[38;2;242;240;236m
         513  [48;2;0;0;0m[38;2;242;240;236m            [48;2;0;0;0m[38;2;204;153;204mvar[48;2;0;0;0m[38;2;242;240;236m [48;2;0;0;0m[38;2;242;119;122mparts[48;2;0;0;0m[38;2;242;240;236m [48;2;0;0;0m[38;2;211;208;200m=[48;2;0;0;0m[38;2;242;240;236m [48;2;0;0;0m[38;2;211;208;200mnew[48;2;0;0;0m[38;2;242;240;236m [48;2;0;0;0m[38;2;242;240;236mList[48;2;0;0;0m[38;2;242;240;236m<[48;2;0;0;0m[38;2;204;153;204mstring[48;2;0;0;0m[38;2;242;240;236m>[48;2;0;0;0m[38;2;242;240;236m([48;2;0;0;0m[38;2;249;145;87m5[48;2;0;0;0m[38;2;242;240;236m)[48;2;0;0;0m[38;2;242;240;236m;[48;2;0;0;0m[38;2;242;240;236m
         514  [48;2;0;0;0m[38;2;242;240;236m            [48;2;0;0;0m[38;2;204;153;204mif[48;2;0;0;0m[38;2;242;240;236m [48;2;0;0;0m[38;2;242;240;236m([48;2;0;0;0m[38;2;242;119;122mfires[48;2;0;0;0m[38;2;242;240;236m [48;2;0;0;0m[38;2;211;208;200m>[48;2;0;0;0m[38;2;242;240;236m [48;2;0;0;0m[38;2;249;145;87m0[48;2;0;0;0m[38;2;242;240;236m)[48;2;0;0;0m[38;2;242;240;236m
              [hid 15 additional lines]

    Function with high complexity (count = 18): BuildDetailSummary

         531  [48;2;0;0;0m[38;2;242;240;236m        [48;2;0;0;0m[38;2;204;153;204mpublic[48;2;0;0;0m[38;2;242;240;236m [48;2;0;0;0m[38;2;204;153;204mstatic[48;2;0;0;0m[38;2;242;240;236m [48;2;0;0;0m[38;2;204;153;204mstring[48;2;0;0;0m[38;2;242;240;236m [48;2;0;0;0m[38;2;102;153;204mBuildDetailSummary[48;2;0;0;0m[38;2;242;240;236m([48;2;0;0;0m[38;2;242;240;236m
         532  [48;2;0;0;0m[38;2;242;240;236m            [48;2;0;0;0m[38;2;204;153;204mstring[48;2;0;0;0m[38;2;242;240;236m [48;2;0;0;0m[38;2;242;119;122mcorpseStatus[48;2;0;0;0m[38;2;242;240;236m,[48;2;0;0;0m[38;2;242;240;236m [48;2;0;0;0m[38;2;204;153;204mstring[48;2;0;0;0m[38;2;242;240;236m [48;2;0;0;0m[38;2;242;119;122mcorpseDetail[48;2;0;0;0m[38;2;242;240;236m,[48;2;0;0;0m[38;2;242;240;236m
         533  [48;2;0;0;0m[38;2;242;240;236m            [48;2;0;0;0m[38;2;204;153;204mstring[48;2;0;0;0m[38;2;242;240;236m [48;2;0;0;0m[38;2;242;119;122mfireAlert[48;2;0;0;0m[38;2;242;240;236m,[48;2;0;0;0m[38;2;242;240;236m [48;2;0;0;0m[38;2;204;153;204mstring[48;2;0;0;0m[38;2;242;240;236m [48;2;0;0;0m[38;2;242;119;122mfireDetail[48;2;0;0;0m[38;2;242;240;236m,[48;2;0;0;0m[38;2;242;240;236m
         534  [48;2;0;0;0m[38;2;242;240;236m            [48;2;0;0;0m[38;2;204;153;204mstring[48;2;0;0;0m[38;2;242;240;236m [48;2;0;0;0m[38;2;242;119;122mcomaStatus[48;2;0;0;0m[38;2;242;240;236m,[48;2;0;0;0m[38;2;242;240;236m [48;2;0;0;0m[38;2;204;153;204mstring[48;2;0;0;0m[38;2;242;240;236m [48;2;0;0;0m[38;2;242;119;122mcontamLine[48;2;0;0;0m[38;2;242;240;236m,[48;2;0;0;0m[38;2;242;240;236m
         535  [48;2;0;0;0m[38;2;242;240;236m            [48;2;0;0;0m[38;2;204;153;204mstring[48;2;0;0;0m[38;2;242;240;236m [48;2;0;0;0m[38;2;242;119;122mcorpseChoices[48;2;0;0;0m[38;2;242;240;236m [48;2;0;0;0m[38;2;211;208;200m=[48;2;0;0;0m[38;2;242;240;236m [48;2;0;0;0m[38;2;249;145;87mnull[48;2;0;0;0m[38;2;242;240;236m,[48;2;0;0;0m[38;2;242;240;236m [48;2;0;0;0m[38;2;204;153;204mstring[48;2;0;0;0m[38;2;242;240;236m [48;2;0;0;0m[38;2;242;119;122mfireChoices[48;2;0;0;0m[38;2;242;240;236m [48;2;0;0;0m[38;2;211;208;200m=[48;2;0;0;0m[38;2;242;240;236m [48;2;0;0;0m[38;2;249;145;87mnull[48;2;0;0;0m[38;2;242;240;236m)[48;2;0;0;0m[38;2;242;240;236m
         536  [48;2;0;0;0m[38;2;242;240;236m        [48;2;0;0;0m[38;2;242;240;236m{[48;2;0;0;0m[38;2;242;240;236m
              [hid 30 additional lines]


Assets/_Game/UI/InventoryStripUI.cs
    High total complexity (count = 61)

           1  [48;2;0;0;0m[38;2;204;153;204musing[48;2;0;0;0m[38;2;211;208;200m [48;2;0;0;0m[38;2;211;208;200mSystem[48;2;0;0;0m[38;2;211;208;200m;[48;2;0;0;0m[38;2;211;208;200m
           2  [48;2;0;0;0m[38;2;204;153;204musing[48;2;0;0;0m[38;2;211;208;200m [48;2;0;0;0m[38;2;211;208;200mSystem[48;2;0;0;0m[38;2;211;208;200m.[48;2;0;0;0m[38;2;211;208;200mCollections[48;2;0;0;0m[38;2;211;208;200m.[48;2;0;0;0m[38;2;211;208;200mGeneric[48;2;0;0;0m[38;2;211;208;200m;[48;2;0;0;0m[38;2;211;208;200m
           3  [48;2;0;0;0m[38;2;204;153;204musing[48;2;0;0;0m[38;2;211;208;200m [48;2;0;0;0m[38;2;211;208;200mSystem[48;2;0;0;0m[38;2;211;208;200m.[48;2;0;0;0m[38;2;211;208;200mText[48;2;0;0;0m[38;2;211;208;200m;[48;2;0;0;0m[38;2;211;208;200m
           4  [48;2;0;0;0m[38;2;204;153;204musing[48;2;0;0;0m[38;2;211;208;200m [48;2;0;0;0m[38;2;211;208;200mUnityEngine[48;2;0;0;0m[38;2;211;208;200m;[48;2;0;0;0m[38;2;211;208;200m
           5  [48;2;0;0;0m[38;2;204;153;204musing[48;2;0;0;0m[38;2;211;208;200m [48;2;0;0;0m[38;2;211;208;200mAtomicWar[48;2;0;0;0m[38;2;211;208;200m.[48;2;0;0;0m[38;2;211;208;200m_Game[48;2;0;0;0m[38;2;211;208;200m.[48;2;0;0;0m[38;2;211;208;200mInventory[48;2;0;0;0m[38;2;211;208;200m;[48;2;0;0;0m[38;2;211;208;200m
           6  [48;2;0;0;0m[38;2;204;153;204musing[48;2;0;0;0m[38;2;211;208;200m [48;2;0;0;0m[38;2;211;208;200mAtomicWar[48;2;0;0;0m[38;2;211;208;200m.[48;2;0;0;0m[38;2;211;208;200m_Game[48;2;0;0;0m[38;2;211;208;200m.[48;2;0;0;0m[38;2;211;208;200mUtilities[48;2;0;0;0m[38;2;211;208;200m;[48;2;0;0;0m[38;2;211;208;200m
              [hid 305 additional lines]


Assets/_Game/UI/JournalBookUI.cs
    Function with high complexity (count = 23): Refresh

         128  [48;2;0;0;0m[38;2;242;240;236m        [48;2;0;0;0m[38;2;204;153;204mpublic[48;2;0;0;0m[38;2;242;240;236m [48;2;0;0;0m[38;2;204;153;204mvoid[48;2;0;0;0m[38;2;242;240;236m [48;2;0;0;0m[38;2;102;153;204mRefresh[48;2;0;0;0m[38;2;242;240;236m([48;2;0;0;0m[38;2;242;240;236m)[48;2;0;0;0m[38;2;242;240;236m
         129  [48;2;0;0;0m[38;2;242;240;236m        [48;2;0;0;0m[38;2;242;240;236m{[48;2;0;0;0m[38;2;242;240;236m
         130  [48;2;0;0;0m[38;2;242;240;236m            [48;2;0;0;0m[38;2;242;119;122mEntryCount[48;2;0;0;0m[38;2;242;240;236m [48;2;0;0;0m[38;2;211;208;200m=[48;2;0;0;0m[38;2;242;240;236m [48;2;0;0;0m[38;2;242;119;122m_entries[48;2;0;0;0m[38;2;242;240;236m.[48;2;0;0;0m[38;2;242;119;122mCount[48;2;0;0;0m[38;2;242;240;236m;[48;2;0;0;0m[38;2;242;240;236m
         131  [48;2;0;0;0m[38;2;242;240;236m            [48;2;0;0;0m[38;2;204;153;204mif[48;2;0;0;0m[38;2;242;240;236m [48;2;0;0;0m[38;2;242;240;236m([48;2;0;0;0m[38;2;242;119;122m_entries[48;2;0;0;0m[38;2;242;240;236m.[48;2;0;0;0m[38;2;242;119;122mCount[48;2;0;0;0m[38;2;242;240;236m [48;2;0;0;0m[38;2;211;208;200m==[48;2;0;0;0m[38;2;242;240;236m [48;2;0;0;0m[38;2;249;145;87m0[48;2;0;0;0m[38;2;242;240;236m)[48;2;0;0;0m[38;2;242;240;236m
         132  [48;2;0;0;0m[38;2;242;240;236m            [48;2;0;0;0m[38;2;242;240;236m{[48;2;0;0;0m[38;2;242;240;236m
         133  [48;2;0;0;0m[38;2;242;240;236m                [48;2;0;0;0m[38;2;242;119;122mLatestText[48;2;0;0;0m[38;2;242;240;236m [48;2;0;0;0m[38;2;211;208;200m=[48;2;0;0;0m[38;2;242;240;236m [48;2;0;0;0m[38;2;204;153;204mstring[48;2;0;0;0m[38;2;242;240;236m.[48;2;0;0;0m[38;2;242;119;122mEmpty[48;2;0;0;0m[38;2;242;240;236m;[48;2;0;0;0m[38;2;242;240;236m
              [hid 50 additional lines]


Assets/_Game/UI/MapKnowledgeHUD.cs
    Function with many returns (count = 6): GetTileLabel

          65  [48;2;0;0;0m[38;2;242;240;236m        [48;2;0;0;0m[38;2;204;153;204mpublic[48;2;0;0;0m[38;2;242;240;236m [48;2;0;0;0m[38;2;204;153;204mstring[48;2;0;0;0m[38;2;242;240;236m [48;2;0;0;0m[38;2;102;153;204mGetTileLabel[48;2;0;0;0m[38;2;242;240;236m([48;2;0;0;0m[38;2;204;153;204mstring[48;2;0;0;0m[38;2;242;240;236m [48;2;0;0;0m[38;2;242;119;122mlocationId[48;2;0;0;0m[38;2;242;240;236m,[48;2;0;0;0m[38;2;242;240;236m [48;2;0;0;0m[38;2;204;153;204mbool[48;2;0;0;0m[38;2;242;240;236m [48;2;0;0;0m[38;2;242;119;122mshowRawValues[48;2;0;0;0m[38;2;242;240;236m [48;2;0;0;0m[38;2;211;208;200m=[48;2;0;0;0m[38;2;242;240;236m [48;2;0;0;0m[38;2;249;145;87mfalse[48;2;0;0;0m[38;2;242;240;236m)[48;2;0;0;0m[38;2;242;240;236m
          66  [48;2;0;0;0m[38;2;242;240;236m        [48;2;0;0;0m[38;2;242;240;236m{[48;2;0;0;0m[38;2;242;240;236m
          67  [48;2;0;0;0m[38;2;242;240;236m            [48;2;0;0;0m[38;2;204;153;204mfor[48;2;0;0;0m[38;2;242;240;236m [48;2;0;0;0m[38;2;242;240;236m([48;2;0;0;0m[38;2;204;153;204mint[48;2;0;0;0m[38;2;242;240;236m [48;2;0;0;0m[38;2;242;119;122mi[48;2;0;0;0m[38;2;242;240;236m [48;2;0;0;0m[38;2;211;208;200m=[48;2;0;0;0m[38;2;242;240;236m [48;2;0;0;0m[38;2;249;145;87m0[48;2;0;0;0m[38;2;242;240;236m;[48;2;0;0;0m[38;2;242;240;236m [48;2;0;0;0m[38;2;242;119;122mi[48;2;0;0;0m[38;2;242;240;236m [48;2;0;0;0m[38;2;211;208;200m<[48;2;0;0;0m[38;2;242;240;236m [48;2;0;0;0m[38;2;242;119;122m_views[48;2;0;0;0m[38;2;242;240;236m.[48;2;0;0;0m[38;2;242;119;122mCount[48;2;0;0;0m[38;2;242;240;236m;[48;2;0;0;0m[38;2;242;240;236m [48;2;0;0;0m[38;2;242;119;122mi[48;2;0;0;0m[38;2;211;208;200m+[48;2;0;0;0m[38;2;211;208;200m+[48;2;0;0;0m[38;2;242;240;236m)[48;2;0;0;0m[38;2;242;240;236m
          68  [48;2;0;0;0m[38;2;242;240;236m            [48;2;0;0;0m[38;2;242;240;236m{[48;2;0;0;0m[38;2;242;240;236m
          69  [48;2;0;0;0m[38;2;242;240;236m                [48;2;0;0;0m[38;2;204;153;204mvar[48;2;0;0;0m[38;2;242;240;236m [48;2;0;0;0m[38;2;242;119;122mv[48;2;0;0;0m[38;2;242;240;236m [48;2;0;0;0m[38;2;211;208;200m=[48;2;0;0;0m[38;2;242;240;236m [48;2;0;0;0m[38;2;242;119;122m_views[48;2;0;0;0m[38;2;242;240;236m[[48;2;0;0;0m[38;2;242;119;122mi[48;2;0;0;0m[38;2;242;240;236m][48;2;0;0;0m[38;2;242;240;236m;[48;2;0;0;0m[38;2;242;240;236m
          70  [48;2;0;0;0m[38;2;242;240;236m                [48;2;0;0;0m[38;2;204;153;204mif[48;2;0;0;0m[38;2;242;240;236m [48;2;0;0;0m[38;2;242;240;236m([48;2;0;0;0m[38;2;242;119;122mv[48;2;0;0;0m[38;2;242;240;236m.[48;2;0;0;0m[38;2;242;119;122mLocationId[48;2;0;0;0m[38;2;242;240;236m [48;2;0;0;0m[38;2;211;208;200m!=[48;2;0;0;0m[38;2;242;240;236m [48;2;0;0;0m[38;2;242;119;122mlocationId[48;2;0;0;0m[38;2;242;240;236m)[48;2;0;0;0m[38;2;242;240;236m [48;2;0;0;0m[38;2;204;153;204mcontinue[48;2;0;0;0m[38;2;242;240;236m;[48;2;0;0;0m[38;2;242;240;236m
              [hid 13 additional lines]

    Function with high complexity (count = 20): GetTileLabel

          65  [48;2;0;0;0m[38;2;242;240;236m        [48;2;0;0;0m[38;2;204;153;204mpublic[48;2;0;0;0m[38;2;242;240;236m [48;2;0;0;0m[38;2;204;153;204mstring[48;2;0;0;0m[38;2;242;240;236m [48;2;0;0;0m[38;2;102;153;204mGetTileLabel[48;2;0;0;0m[38;2;242;240;236m([48;2;0;0;0m[38;2;204;153;204mstring[48;2;0;0;0m[38;2;242;240;236m [48;2;0;0;0m[38;2;242;119;122mlocationId[48;2;0;0;0m[38;2;242;240;236m,[48;2;0;0;0m[38;2;242;240;236m [48;2;0;0;0m[38;2;204;153;204mbool[48;2;0;0;0m[38;2;242;240;236m [48;2;0;0;0m[38;2;242;119;122mshowRawValues[48;2;0;0;0m[38;2;242;240;236m [48;2;0;0;0m[38;2;211;208;200m=[48;2;0;0;0m[38;2;242;240;236m [48;2;0;0;0m[38;2;249;145;87mfalse[48;2;0;0;0m[38;2;242;240;236m)[48;2;0;0;0m[38;2;242;240;236m
          66  [48;2;0;0;0m[38;2;242;240;236m        [48;2;0;0;0m[38;2;242;240;236m{[48;2;0;0;0m[38;2;242;240;236m
          67  [48;2;0;0;0m[38;2;242;240;236m            [48;2;0;0;0m[38;2;204;153;204mfor[48;2;0;0;0m[38;2;242;240;236m [48;2;0;0;0m[38;2;242;240;236m([48;2;0;0;0m[38;2;204;153;204mint[48;2;0;0;0m[38;2;242;240;236m [48;2;0;0;0m[38;2;242;119;122mi[48;2;0;0;0m[38;2;242;240;236m [48;2;0;0;0m[38;2;211;208;200m=[48;2;0;0;0m[38;2;242;240;236m [48;2;0;0;0m[38;2;249;145;87m0[48;2;0;0;0m[38;2;242;240;236m;[48;2;0;0;0m[38;2;242;240;236m [48;2;0;0;0m[38;2;242;119;122mi[48;2;0;0;0m[38;2;242;240;236m [48;2;0;0;0m[38;2;211;208;200m<[48;2;0;0;0m[38;2;242;240;236m [48;2;0;0;0m[38;2;242;119;122m_views[48;2;0;0;0m[38;2;242;240;236m.[48;2;0;0;0m[38;2;242;119;122mCount[48;2;0;0;0m[38;2;242;240;236m;[48;2;0;0;0m[38;2;242;240;236m [48;2;0;0;0m[38;2;242;119;122mi[48;2;0;0;0m[38;2;211;208;200m+[48;2;0;0;0m[38;2;211;208;200m+[48;2;0;0;0m[38;2;242;240;236m)[48;2;0;0;0m[38;2;242;240;236m
          68  [48;2;0;0;0m[38;2;242;240;236m            [48;2;0;0;0m[38;2;242;240;236m{[48;2;0;0;0m[38;2;242;240;236m
          69  [48;2;0;0;0m[38;2;242;240;236m                [48;2;0;0;0m[38;2;204;153;204mvar[48;2;0;0;0m[38;2;242;240;236m [48;2;0;0;0m[38;2;242;119;122mv[48;2;0;0;0m[38;2;242;240;236m [48;2;0;0;0m[38;2;211;208;200m=[48;2;0;0;0m[38;2;242;240;236m [48;2;0;0;0m[38;2;242;119;122m_views[48;2;0;0;0m[38;2;242;240;236m[[48;2;0;0;0m[38;2;242;119;122mi[48;2;0;0;0m[38;2;242;240;236m][48;2;0;0;0m[38;2;242;240;236m;[48;2;0;0;0m[38;2;242;240;236m
          70  [48;2;0;0;0m[38;2;242;240;236m                [48;2;0;0;0m[38;2;204;153;204mif[48;2;0;0;0m[38;2;242;240;236m [48;2;0;0;0m[38;2;242;240;236m([48;2;0;0;0m[38;2;242;119;122mv[48;2;0;0;0m[38;2;242;240;236m.[48;2;0;0;0m[38;2;242;119;122mLocationId[48;2;0;0;0m[38;2;242;240;236m [48;2;0;0;0m[38;2;211;208;200m!=[48;2;0;0;0m[38;2;242;240;236m [48;2;0;0;0m[38;2;242;119;122mlocationId[48;2;0;0;0m[38;2;242;240;236m)[48;2;0;0;0m[38;2;242;240;236m [48;2;0;0;0m[38;2;204;153;204mcontinue[48;2;0;0;0m[38;2;242;240;236m;[48;2;0;0;0m[38;2;242;240;236m
              [hid 13 additional lines]


Assets/_Game/UI/MapScreenUI.cs
    Function with many returns (count = 6): RequestExpedition

         130  [48;2;0;0;0m[38;2;242;240;236m        [48;2;0;0;0m[38;2;204;153;204mpublic[48;2;0;0;0m[38;2;242;240;236m [48;2;0;0;0m[38;2;204;153;204mbool[48;2;0;0;0m[38;2;242;240;236m [48;2;0;0;0m[38;2;102;153;204mRequestExpedition[48;2;0;0;0m[38;2;242;240;236m([48;2;0;0;0m[38;2;242;240;236mSurvivor[48;2;0;0;0m[38;2;242;240;236m [48;2;0;0;0m[38;2;242;119;122msurvivor[48;2;0;0;0m[38;2;242;240;236m)[48;2;0;0;0m[38;2;242;240;236m
         131  [48;2;0;0;0m[38;2;242;240;236m        [48;2;0;0;0m[38;2;242;240;236m{[48;2;0;0;0m[38;2;242;240;236m
         132  [48;2;0;0;0m[38;2;242;240;236m            [48;2;0;0;0m[38;2;204;153;204mif[48;2;0;0;0m[38;2;242;240;236m [48;2;0;0;0m[38;2;242;240;236m([48;2;0;0;0m[38;2;211;208;200m![48;2;0;0;0m[38;2;242;119;122mIsExpeditionUiEnabled[48;2;0;0;0m[38;2;242;240;236m)[48;2;0;0;0m[38;2;242;240;236m [48;2;0;0;0m[38;2;204;153;204mreturn[48;2;0;0;0m[38;2;242;240;236m [48;2;0;0;0m[38;2;249;145;87mfalse[48;2;0;0;0m[38;2;242;240;236m;[48;2;0;0;0m[38;2;242;240;236m
         133  [48;2;0;0;0m[38;2;242;240;236m            [48;2;0;0;0m[38;2;204;153;204mif[48;2;0;0;0m[38;2;242;240;236m [48;2;0;0;0m[38;2;242;240;236m([48;2;0;0;0m[38;2;242;119;122m_map[48;2;0;0;0m[38;2;242;240;236m [48;2;0;0;0m[38;2;211;208;200m==[48;2;0;0;0m[38;2;242;240;236m [48;2;0;0;0m[38;2;249;145;87mnull[48;2;0;0;0m[38;2;242;240;236m [48;2;0;0;0m[38;2;211;208;200m||[48;2;0;0;0m[38;2;242;240;236m [48;2;0;0;0m[38;2;242;119;122msurvivor[48;2;0;0;0m[38;2;242;240;236m [48;2;0;0;0m[38;2;211;208;200m==[48;2;0;0;0m[38;2;242;240;236m [48;2;0;0;0m[38;2;249;145;87mnull[48;2;0;0;0m[38;2;242;240;236m [48;2;0;0;0m[38;2;211;208;200m||[48;2;0;0;0m[38;2;242;240;236m [48;2;0;0;0m[38;2;211;208;200m![48;2;0;0;0m[38;2;242;119;122msurvivor[48;2;0;0;0m[38;2;242;240;236m.[48;2;0;0;0m[38;2;242;119;122mIsAlive[48;2;0;0;0m[38;2;242;240;236m)[48;2;0;0;0m[38;2;242;240;236m [48;2;0;0;0m[38;2;204;153;204mreturn[48;2;0;0;0m[38;2;242;240;236m [48;2;0;0;0m[38;2;249;145;87mfalse[48;2;0;0;0m[38;2;242;240;236m;[48;2;0;0;0m[38;2;242;240;236m
         134  [48;2;0;0;0m[38;2;242;240;236m            [48;2;0;0;0m[38;2;204;153;204mif[48;2;0;0;0m[38;2;242;240;236m [48;2;0;0;0m[38;2;242;240;236m([48;2;0;0;0m[38;2;204;153;204mstring[48;2;0;0;0m[38;2;242;240;236m.[48;2;0;0;0m[38;2;102;153;204mIsNullOrEmpty[48;2;0;0;0m[38;2;242;240;236m([48;2;0;0;0m[38;2;242;119;122mSelectedNodeId[48;2;0;0;0m[38;2;242;240;236m)[48;2;0;0;0m[38;2;242;240;236m)[48;2;0;0;0m[38;2;242;240;236m [48;2;0;0;0m[38;2;204;153;204mreturn[48;2;0;0;0m[38;2;242;240;236m [48;2;0;0;0m[38;2;249;145;87mfalse[48;2;0;0;0m[38;2;242;240;236m;[48;2;0;0;0m[38;2;242;240;236m
         135  [48;2;0;0;0m[38;2;242;240;236m            [48;2;0;0;0m[38;2;204;153;204mvar[48;2;0;0;0m[38;2;242;240;236m [48;2;0;0;0m[38;2;242;119;122mnode[48;2;0;0;0m[38;2;242;240;236m [48;2;0;0;0m[38;2;211;208;200m=[48;2;0;0;0m[38;2;242;240;236m [48;2;0;0;0m[38;2;242;119;122m_map[48;2;0;0;0m[38;2;242;240;236m.[48;2;0;0;0m[38;2;102;153;204mGetNode[48;2;0;0;0m[38;2;242;240;236m([48;2;0;0;0m[38;2;242;119;122mSelectedNodeId[48;2;0;0;0m[38;2;242;240;236m)[48;2;0;0;0m[38;2;242;240;236m;[48;2;0;0;0m[38;2;242;240;236m
              [hid 20 additional lines]

    High total complexity (count = 76)

           1  [48;2;0;0;0m[38;2;204;153;204musing[48;2;0;0;0m[38;2;211;208;200m [48;2;0;0;0m[38;2;211;208;200mSystem[48;2;0;0;0m[38;2;211;208;200m;[48;2;0;0;0m[38;2;211;208;200m
           2  [48;2;0;0;0m[38;2;204;153;204musing[48;2;0;0;0m[38;2;211;208;200m [48;2;0;0;0m[38;2;211;208;200mSystem[48;2;0;0;0m[38;2;211;208;200m.[48;2;0;0;0m[38;2;211;208;200mCollections[48;2;0;0;0m[38;2;211;208;200m.[48;2;0;0;0m[38;2;211;208;200mGeneric[48;2;0;0;0m[38;2;211;208;200m;[48;2;0;0;0m[38;2;211;208;200m
           3  [48;2;0;0;0m[38;2;204;153;204musing[48;2;0;0;0m[38;2;211;208;200m [48;2;0;0;0m[38;2;211;208;200mSystem[48;2;0;0;0m[38;2;211;208;200m.[48;2;0;0;0m[38;2;211;208;200mText[48;2;0;0;0m[38;2;211;208;200m;[48;2;0;0;0m[38;2;211;208;200m
           4  [48;2;0;0;0m[38;2;204;153;204musing[48;2;0;0;0m[38;2;211;208;200m [48;2;0;0;0m[38;2;211;208;200mUnityEngine[48;2;0;0;0m[38;2;211;208;200m;[48;2;0;0;0m[38;2;211;208;200m
           5  [48;2;0;0;0m[38;2;204;153;204musing[48;2;0;0;0m[38;2;211;208;200m [48;2;0;0;0m[38;2;211;208;200mAtomicWar[48;2;0;0;0m[38;2;211;208;200m.[48;2;0;0;0m[38;2;211;208;200m_Game[48;2;0;0;0m[38;2;211;208;200m.[48;2;0;0;0m[38;2;211;208;200mEnvironment[48;2;0;0;0m[38;2;211;208;200m;[48;2;0;0;0m[38;2;211;208;200m
           6  [48;2;0;0;0m[38;2;204;153;204musing[48;2;0;0;0m[38;2;211;208;200m [48;2;0;0;0m[38;2;211;208;200mAtomicWar[48;2;0;0;0m[38;2;211;208;200m.[48;2;0;0;0m[38;2;211;208;200m_Game[48;2;0;0;0m[38;2;211;208;200m.[48;2;0;0;0m[38;2;211;208;200mSurvivors[48;2;0;0;0m[38;2;211;208;200m;[48;2;0;0;0m[38;2;211;208;200m
              [hid 368 additional lines]

    Function with high complexity (count = 30): RebuildDetail

         277  [48;2;0;0;0m[38;2;242;240;236m        [48;2;0;0;0m[38;2;204;153;204mprivate[48;2;0;0;0m[38;2;242;240;236m [48;2;0;0;0m[38;2;204;153;204mvoid[48;2;0;0;0m[38;2;242;240;236m [48;2;0;0;0m[38;2;102;153;204mRebuildDetail[48;2;0;0;0m[38;2;242;240;236m([48;2;0;0;0m[38;2;242;240;236m)[48;2;0;0;0m[38;2;242;240;236m
         278  [48;2;0;0;0m[38;2;242;240;236m        [48;2;0;0;0m[38;2;242;240;236m{[48;2;0;0;0m[38;2;242;240;236m
         279  [48;2;0;0;0m[38;2;242;240;236m            [48;2;0;0;0m[38;2;204;153;204mif[48;2;0;0;0m[38;2;242;240;236m [48;2;0;0;0m[38;2;242;240;236m([48;2;0;0;0m[38;2;242;119;122m_map[48;2;0;0;0m[38;2;242;240;236m [48;2;0;0;0m[38;2;211;208;200m==[48;2;0;0;0m[38;2;242;240;236m [48;2;0;0;0m[38;2;249;145;87mnull[48;2;0;0;0m[38;2;242;240;236m [48;2;0;0;0m[38;2;211;208;200m||[48;2;0;0;0m[38;2;242;240;236m [48;2;0;0;0m[38;2;204;153;204mstring[48;2;0;0;0m[38;2;242;240;236m.[48;2;0;0;0m[38;2;102;153;204mIsNullOrEmpty[48;2;0;0;0m[38;2;242;240;236m([48;2;0;0;0m[38;2;242;119;122mSelectedNodeId[48;2;0;0;0m[38;2;242;240;236m)[48;2;0;0;0m[38;2;242;240;236m)[48;2;0;0;0m[38;2;242;240;236m
         280  [48;2;0;0;0m[38;2;242;240;236m            [48;2;0;0;0m[38;2;242;240;236m{[48;2;0;0;0m[38;2;242;240;236m
         281  [48;2;0;0;0m[38;2;242;240;236m                [48;2;0;0;0m[38;2;242;119;122mDetailSummary[48;2;0;0;0m[38;2;242;240;236m [48;2;0;0;0m[38;2;211;208;200m=[48;2;0;0;0m[38;2;242;240;236m [48;2;0;0;0m[38;2;211;208;200m"[48;2;0;0;0m[38;2;153;204;153mSelect a node for expedition pathing.[48;2;0;0;0m[38;2;211;208;200m"[48;2;0;0;0m[38;2;242;240;236m;[48;2;0;0;0m[38;2;242;240;236m
         282  [48;2;0;0;0m[38;2;242;240;236m                [48;2;0;0;0m[38;2;242;119;122mPathSummary[48;2;0;0;0m[38;2;242;240;236m [48;2;0;0;0m[38;2;211;208;200m=[48;2;0;0;0m[38;2;242;240;236m [48;2;0;0;0m[38;2;204;153;204mstring[48;2;0;0;0m[38;2;242;240;236m.[48;2;0;0;0m[38;2;242;119;122mEmpty[48;2;0;0;0m[38;2;242;240;236m;[48;2;0;0;0m[38;2;242;240;236m
              [hid 62 additional lines]


Assets/_Game/UI/MoralChronicleUI.cs
    Function with many parameters (count = 9): Show

         101  [48;2;0;0;0m[38;2;242;240;236m        [48;2;0;0;0m[38;2;204;153;204mpublic[48;2;0;0;0m[38;2;242;240;236m [48;2;0;0;0m[38;2;204;153;204mvoid[48;2;0;0;0m[38;2;242;240;236m [48;2;0;0;0m[38;2;102;153;204mShow[48;2;0;0;0m[38;2;242;240;236m([48;2;0;0;0m[38;2;242;240;236m
         102  [48;2;0;0;0m[38;2;242;240;236m            [48;2;0;0;0m[38;2;204;153;204mbool[48;2;0;0;0m[38;2;242;240;236m [48;2;0;0;0m[38;2;242;119;122misVictory[48;2;0;0;0m[38;2;242;240;236m,[48;2;0;0;0m[38;2;242;240;236m
         103  [48;2;0;0;0m[38;2;242;240;236m            [48;2;0;0;0m[38;2;204;153;204mstring[48;2;0;0;0m[38;2;242;240;236m [48;2;0;0;0m[38;2;242;119;122moutcomeLabel[48;2;0;0;0m[38;2;242;240;236m,[48;2;0;0;0m[38;2;242;240;236m
         104  [48;2;0;0;0m[38;2;242;240;236m            [48;2;0;0;0m[38;2;204;153;204mstring[48;2;0;0;0m[38;2;242;240;236m [48;2;0;0;0m[38;2;242;119;122moutcomeSummary[48;2;0;0;0m[38;2;242;240;236m,[48;2;0;0;0m[38;2;242;240;236m
         105  [48;2;0;0;0m[38;2;242;240;236m            [48;2;0;0;0m[38;2;204;153;204mstring[48;2;0;0;0m[38;2;242;240;236m [48;2;0;0;0m[38;2;242;119;122mgameModeLabel[48;2;0;0;0m[38;2;242;240;236m,[48;2;0;0;0m[38;2;242;240;236m
         106  [48;2;0;0;0m[38;2;242;240;236m            [48;2;0;0;0m[38;2;204;153;204mint[48;2;0;0;0m[38;2;242;240;236m [48;2;0;0;0m[38;2;242;119;122mdaysSurvived[48;2;0;0;0m[38;2;242;240;236m,[48;2;0;0;0m[38;2;242;240;236m
              [hid 4 additional lines]

    Function with high complexity (count = 23): Refresh

         223  [48;2;0;0;0m[38;2;242;240;236m        [48;2;0;0;0m[38;2;204;153;204mpublic[48;2;0;0;0m[38;2;242;240;236m [48;2;0;0;0m[38;2;204;153;204mvoid[48;2;0;0;0m[38;2;242;240;236m [48;2;0;0;0m[38;2;102;153;204mRefresh[48;2;0;0;0m[38;2;242;240;236m([48;2;0;0;0m[38;2;242;240;236m)[48;2;0;0;0m[38;2;242;240;236m
         224  [48;2;0;0;0m[38;2;242;240;236m        [48;2;0;0;0m[38;2;242;240;236m{[48;2;0;0;0m[38;2;242;240;236m
         225  [48;2;0;0;0m[38;2;242;240;236m            [48;2;0;0;0m[38;2;204;153;204mif[48;2;0;0;0m[38;2;242;240;236m [48;2;0;0;0m[38;2;242;240;236m([48;2;0;0;0m[38;2;211;208;200m![48;2;0;0;0m[38;2;242;119;122mIsVisible[48;2;0;0;0m[38;2;242;240;236m)[48;2;0;0;0m[38;2;242;240;236m
         226  [48;2;0;0;0m[38;2;242;240;236m            [48;2;0;0;0m[38;2;242;240;236m{[48;2;0;0;0m[38;2;242;240;236m
         227  [48;2;0;0;0m[38;2;242;240;236m                [48;2;0;0;0m[38;2;242;119;122mStatusLine[48;2;0;0;0m[38;2;242;240;236m [48;2;0;0;0m[38;2;211;208;200m=[48;2;0;0;0m[38;2;242;240;236m [48;2;0;0;0m[38;2;211;208;200m"[48;2;0;0;0m[38;2;153;204;153mCHRONICLE: —[48;2;0;0;0m[38;2;211;208;200m"[48;2;0;0;0m[38;2;242;240;236m;[48;2;0;0;0m[38;2;242;240;236m
         228  [48;2;0;0;0m[38;2;242;240;236m                [48;2;0;0;0m[38;2;242;119;122mDetailSummary[48;2;0;0;0m[38;2;242;240;236m [48;2;0;0;0m[38;2;211;208;200m=[48;2;0;0;0m[38;2;242;240;236m [48;2;0;0;0m[38;2;204;153;204mstring[48;2;0;0;0m[38;2;242;240;236m.[48;2;0;0;0m[38;2;242;119;122mEmpty[48;2;0;0;0m[38;2;242;240;236m;[48;2;0;0;0m[38;2;242;240;236m
              [hid 77 additional lines]


Assets/_Game/UI/NeedsBar.cs
    Function with many parameters (count = 6): SetNeeds

          87  [48;2;0;0;0m[38;2;242;240;236m        [48;2;0;0;0m[38;2;204;153;204mpublic[48;2;0;0;0m[38;2;242;240;236m [48;2;0;0;0m[38;2;204;153;204mvoid[48;2;0;0;0m[38;2;242;240;236m [48;2;0;0;0m[38;2;102;153;204mSetNeeds[48;2;0;0;0m[38;2;242;240;236m([48;2;0;0;0m[38;2;242;240;236m
          88  [48;2;0;0;0m[38;2;242;240;236m            [48;2;0;0;0m[38;2;242;240;236mNeeds[48;2;0;0;0m[38;2;242;240;236m [48;2;0;0;0m[38;2;242;119;122mneeds[48;2;0;0;0m[38;2;242;240;236m,[48;2;0;0;0m[38;2;242;240;236m
          89  [48;2;0;0;0m[38;2;242;240;236m            [48;2;0;0;0m[38;2;204;153;204mfloat[48;2;0;0;0m[38;2;242;240;236m [48;2;0;0;0m[38;2;242;119;122mhealth[48;2;0;0;0m[38;2;242;240;236m,[48;2;0;0;0m[38;2;242;240;236m
          90  [48;2;0;0;0m[38;2;242;240;236m            [48;2;0;0;0m[38;2;204;153;204mfloat[48;2;0;0;0m[38;2;242;240;236m [48;2;0;0;0m[38;2;242;119;122mradiation[48;2;0;0;0m[38;2;242;240;236m,[48;2;0;0;0m[38;2;242;240;236m
          91  [48;2;0;0;0m[38;2;242;240;236m            [48;2;0;0;0m[38;2;242;240;236mSurvivor[48;2;0;0;0m[38;2;242;240;236m [48;2;0;0;0m[38;2;242;119;122msurvivor[48;2;0;0;0m[38;2;242;240;236m,[48;2;0;0;0m[38;2;242;240;236m
          92  [48;2;0;0;0m[38;2;242;240;236m            [48;2;0;0;0m[38;2;242;240;236mPersonalQuestSystem[48;2;0;0;0m[38;2;242;240;236m [48;2;0;0;0m[38;2;242;119;122mpersonalQuests[48;2;0;0;0m[38;2;242;240;236m,[48;2;0;0;0m[38;2;242;240;236m
              [hid 1 additional lines]


Assets/_Game/UI/PowerGridHUD.cs
    Function with high complexity (count = 28): Refresh

          57  [48;2;0;0;0m[38;2;242;240;236m        [48;2;0;0;0m[38;2;204;153;204mpublic[48;2;0;0;0m[38;2;242;240;236m [48;2;0;0;0m[38;2;204;153;204mvoid[48;2;0;0;0m[38;2;242;240;236m [48;2;0;0;0m[38;2;102;153;204mRefresh[48;2;0;0;0m[38;2;242;240;236m([48;2;0;0;0m[38;2;242;240;236m)[48;2;0;0;0m[38;2;242;240;236m
          58  [48;2;0;0;0m[38;2;242;240;236m        [48;2;0;0;0m[38;2;242;240;236m{[48;2;0;0;0m[38;2;242;240;236m
          59  [48;2;0;0;0m[38;2;242;240;236m            [48;2;0;0;0m[38;2;204;153;204mif[48;2;0;0;0m[38;2;242;240;236m [48;2;0;0;0m[38;2;242;240;236m([48;2;0;0;0m[38;2;242;119;122m_network[48;2;0;0;0m[38;2;242;240;236m [48;2;0;0;0m[38;2;211;208;200m==[48;2;0;0;0m[38;2;242;240;236m [48;2;0;0;0m[38;2;249;145;87mnull[48;2;0;0;0m[38;2;242;240;236m)[48;2;0;0;0m[38;2;242;240;236m
          60  [48;2;0;0;0m[38;2;242;240;236m            [48;2;0;0;0m[38;2;242;240;236m{[48;2;0;0;0m[38;2;242;240;236m
          61  [48;2;0;0;0m[38;2;242;240;236m                [48;2;0;0;0m[38;2;242;119;122mTotalGeneration[48;2;0;0;0m[38;2;242;240;236m [48;2;0;0;0m[38;2;211;208;200m=[48;2;0;0;0m[38;2;242;240;236m [48;2;0;0;0m[38;2;242;119;122mTotalDraw[48;2;0;0;0m[38;2;242;240;236m [48;2;0;0;0m[38;2;211;208;200m=[48;2;0;0;0m[38;2;242;240;236m [48;2;0;0;0m[38;2;242;119;122mRequestedDraw[48;2;0;0;0m[38;2;242;240;236m [48;2;0;0;0m[38;2;211;208;200m=[48;2;0;0;0m[38;2;242;240;236m [48;2;0;0;0m[38;2;249;145;87m0[48;2;0;0;0m[38;2;204;153;204mf[48;2;0;0;0m[38;2;242;240;236m;[48;2;0;0;0m[38;2;242;240;236m
          62  [48;2;0;0;0m[38;2;242;240;236m                [48;2;0;0;0m[38;2;242;119;122mIsBlackout[48;2;0;0;0m[38;2;242;240;236m [48;2;0;0;0m[38;2;211;208;200m=[48;2;0;0;0m[38;2;242;240;236m [48;2;0;0;0m[38;2;242;119;122mIsLoadShedding[48;2;0;0;0m[38;2;242;240;236m [48;2;0;0;0m[38;2;211;208;200m=[48;2;0;0;0m[38;2;242;240;236m [48;2;0;0;0m[38;2;249;145;87mfalse[48;2;0;0;0m[38;2;242;240;236m;[48;2;0;0;0m[38;2;242;240;236m
              [hid 58 additional lines]


Assets/_Game/UI/RadioInterceptHUD.cs
    Function with many returns (count = 6): KindTag

         599  [48;2;0;0;0m[38;2;242;240;236m        [48;2;0;0;0m[38;2;204;153;204mprivate[48;2;0;0;0m[38;2;242;240;236m [48;2;0;0;0m[38;2;204;153;204mstatic[48;2;0;0;0m[38;2;242;240;236m [48;2;0;0;0m[38;2;204;153;204mstring[48;2;0;0;0m[38;2;242;240;236m [48;2;0;0;0m[38;2;102;153;204mKindTag[48;2;0;0;0m[38;2;242;240;236m([48;2;0;0;0m[38;2;204;153;204mstring[48;2;0;0;0m[38;2;242;240;236m [48;2;0;0;0m[38;2;242;119;122mkind[48;2;0;0;0m[38;2;242;240;236m)[48;2;0;0;0m[38;2;242;240;236m
         600  [48;2;0;0;0m[38;2;242;240;236m        [48;2;0;0;0m[38;2;242;240;236m{[48;2;0;0;0m[38;2;242;240;236m
         601  [48;2;0;0;0m[38;2;242;240;236m            [48;2;0;0;0m[38;2;204;153;204mif[48;2;0;0;0m[38;2;242;240;236m [48;2;0;0;0m[38;2;242;240;236m([48;2;0;0;0m[38;2;204;153;204mstring[48;2;0;0;0m[38;2;242;240;236m.[48;2;0;0;0m[38;2;102;153;204mIsNullOrEmpty[48;2;0;0;0m[38;2;242;240;236m([48;2;0;0;0m[38;2;242;119;122mkind[48;2;0;0;0m[38;2;242;240;236m)[48;2;0;0;0m[38;2;242;240;236m)[48;2;0;0;0m[38;2;242;240;236m [48;2;0;0;0m[38;2;204;153;204mreturn[48;2;0;0;0m[38;2;242;240;236m [48;2;0;0;0m[38;2;211;208;200m"[48;2;0;0;0m[38;2;153;204;153m—[48;2;0;0;0m[38;2;211;208;200m"[48;2;0;0;0m[38;2;242;240;236m;[48;2;0;0;0m[38;2;242;240;236m
         602  [48;2;0;0;0m[38;2;242;240;236m            [48;2;0;0;0m[38;2;204;153;204mswitch[48;2;0;0;0m[38;2;242;240;236m [48;2;0;0;0m[38;2;242;240;236m([48;2;0;0;0m[38;2;242;119;122mkind[48;2;0;0;0m[38;2;242;240;236m)[48;2;0;0;0m[38;2;242;240;236m
         603  [48;2;0;0;0m[38;2;242;240;236m            [48;2;0;0;0m[38;2;242;240;236m{[48;2;0;0;0m[38;2;242;240;236m
         604  [48;2;0;0;0m[38;2;242;240;236m                [48;2;0;0;0m[38;2;204;153;204mcase[48;2;0;0;0m[38;2;242;240;236m [48;2;0;0;0m[38;2;211;208;200m"[48;2;0;0;0m[38;2;153;204;153mSuccession[48;2;0;0;0m[38;2;211;208;200m"[48;2;0;0;0m[38;2;242;240;236m:[48;2;0;0;0m[38;2;242;240;236m [48;2;0;0;0m[38;2;204;153;204mreturn[48;2;0;0;0m[38;2;242;240;236m [48;2;0;0;0m[38;2;211;208;200m"[48;2;0;0;0m[38;2;153;204;153mBAND[48;2;0;0;0m[38;2;211;208;200m"[48;2;0;0;0m[38;2;242;240;236m;[48;2;0;0;0m[38;2;242;240;236m
              [hid 6 additional lines]

    High total complexity (count = 108)

           1  [48;2;0;0;0m[38;2;204;153;204musing[48;2;0;0;0m[38;2;211;208;200m [48;2;0;0;0m[38;2;211;208;200mSystem[48;2;0;0;0m[38;2;211;208;200m;[48;2;0;0;0m[38;2;211;208;200m
           2  [48;2;0;0;0m[38;2;204;153;204musing[48;2;0;0;0m[38;2;211;208;200m [48;2;0;0;0m[38;2;211;208;200mSystem[48;2;0;0;0m[38;2;211;208;200m.[48;2;0;0;0m[38;2;211;208;200mCollections[48;2;0;0;0m[38;2;211;208;200m.[48;2;0;0;0m[38;2;211;208;200mGeneric[48;2;0;0;0m[38;2;211;208;200m;[48;2;0;0;0m[38;2;211;208;200m
           3  [48;2;0;0;0m[38;2;204;153;204musing[48;2;0;0;0m[38;2;211;208;200m [48;2;0;0;0m[38;2;211;208;200mSystem[48;2;0;0;0m[38;2;211;208;200m.[48;2;0;0;0m[38;2;211;208;200mText[48;2;0;0;0m[38;2;211;208;200m;[48;2;0;0;0m[38;2;211;208;200m
           4  [48;2;0;0;0m[38;2;204;153;204musing[48;2;0;0;0m[38;2;211;208;200m [48;2;0;0;0m[38;2;211;208;200mUnityEngine[48;2;0;0;0m[38;2;211;208;200m;[48;2;0;0;0m[38;2;211;208;200m
           5  [48;2;0;0;0m[38;2;204;153;204musing[48;2;0;0;0m[38;2;211;208;200m [48;2;0;0;0m[38;2;211;208;200mAtomicWar[48;2;0;0;0m[38;2;211;208;200m.[48;2;0;0;0m[38;2;211;208;200m_Game[48;2;0;0;0m[38;2;211;208;200m.[48;2;0;0;0m[38;2;211;208;200mEconomy[48;2;0;0;0m[38;2;211;208;200m;[48;2;0;0;0m[38;2;211;208;200m
           6  [48;2;0;0;0m[38;2;211;208;200m
              [hid 607 additional lines]

    Function with high complexity (count = 26): Refresh

         481  [48;2;0;0;0m[38;2;242;240;236m        [48;2;0;0;0m[38;2;204;153;204mpublic[48;2;0;0;0m[38;2;242;240;236m [48;2;0;0;0m[38;2;204;153;204mvoid[48;2;0;0;0m[38;2;242;240;236m [48;2;0;0;0m[38;2;102;153;204mRefresh[48;2;0;0;0m[38;2;242;240;236m([48;2;0;0;0m[38;2;242;240;236m)[48;2;0;0;0m[38;2;242;240;236m
         482  [48;2;0;0;0m[38;2;242;240;236m        [48;2;0;0;0m[38;2;242;240;236m{[48;2;0;0;0m[38;2;242;240;236m
         483  [48;2;0;0;0m[38;2;242;240;236m            [48;2;0;0;0m[38;2;242;119;122mLineCount[48;2;0;0;0m[38;2;242;240;236m [48;2;0;0;0m[38;2;211;208;200m=[48;2;0;0;0m[38;2;242;240;236m [48;2;0;0;0m[38;2;242;119;122m_lines[48;2;0;0;0m[38;2;242;240;236m.[48;2;0;0;0m[38;2;242;119;122mCount[48;2;0;0;0m[38;2;242;240;236m;[48;2;0;0;0m[38;2;242;240;236m
         484  [48;2;0;0;0m[38;2;242;240;236m            [48;2;0;0;0m[38;2;204;153;204mvar[48;2;0;0;0m[38;2;242;240;236m [48;2;0;0;0m[38;2;242;119;122mfiltered[48;2;0;0;0m[38;2;242;240;236m [48;2;0;0;0m[38;2;211;208;200m=[48;2;0;0;0m[38;2;242;240;236m [48;2;0;0;0m[38;2;102;153;204mGetFilteredLines[48;2;0;0;0m[38;2;242;240;236m([48;2;0;0;0m[38;2;242;240;236m)[48;2;0;0;0m[38;2;242;240;236m;[48;2;0;0;0m[38;2;242;240;236m
         485  [48;2;0;0;0m[38;2;242;240;236m            [48;2;0;0;0m[38;2;242;119;122mFilteredLineCount[48;2;0;0;0m[38;2;242;240;236m [48;2;0;0;0m[38;2;211;208;200m=[48;2;0;0;0m[38;2;242;240;236m [48;2;0;0;0m[38;2;242;119;122mfiltered[48;2;0;0;0m[38;2;242;240;236m.[48;2;0;0;0m[38;2;242;119;122mCount[48;2;0;0;0m[38;2;242;240;236m;[48;2;0;0;0m[38;2;242;240;236m
         486  [48;2;0;0;0m[38;2;242;240;236m
              [hid 73 additional lines]


Assets/_Game/UI/RadioVoStubFactory.cs
    Function with many parameters (count = 6): FillTone

          86  [48;2;0;0;0m[38;2;242;240;236m        [48;2;0;0;0m[38;2;204;153;204mprivate[48;2;0;0;0m[38;2;242;240;236m [48;2;0;0;0m[38;2;204;153;204mstatic[48;2;0;0;0m[38;2;242;240;236m [48;2;0;0;0m[38;2;204;153;204mvoid[48;2;0;0;0m[38;2;242;240;236m [48;2;0;0;0m[38;2;102;153;204mFillTone[48;2;0;0;0m[38;2;242;240;236m([48;2;0;0;0m[38;2;204;153;204mfloat[48;2;0;0;0m[38;2;242;240;236m[[48;2;0;0;0m[38;2;242;240;236m][48;2;0;0;0m[38;2;242;240;236m [48;2;0;0;0m[38;2;242;119;122mdata[48;2;0;0;0m[38;2;242;240;236m,[48;2;0;0;0m[38;2;242;240;236m [48;2;0;0;0m[38;2;204;153;204mint[48;2;0;0;0m[38;2;242;240;236m [48;2;0;0;0m[38;2;242;119;122moffset[48;2;0;0;0m[38;2;242;240;236m,[48;2;0;0;0m[38;2;242;240;236m [48;2;0;0;0m[38;2;204;153;204mint[48;2;0;0;0m[38;2;242;240;236m [48;2;0;0;0m[38;2;242;119;122mcount[48;2;0;0;0m[38;2;242;240;236m,[48;2;0;0;0m[38;2;242;240;236m [48;2;0;0;0m[38;2;204;153;204mfloat[48;2;0;0;0m[38;2;242;240;236m [48;2;0;0;0m[38;2;242;119;122mfreq[48;2;0;0;0m[38;2;242;240;236m,[48;2;0;0;0m[38;2;242;240;236m [48;2;0;0;0m[38;2;204;153;204mfloat[48;2;0;0;0m[38;2;242;240;236m [48;2;0;0;0m[38;2;242;119;122mdur[48;2;0;0;0m[38;2;242;240;236m,[48;2;0;0;0m[38;2;242;240;236m [48;2;0;0;0m[38;2;204;153;204mfloat[48;2;0;0;0m[38;2;242;240;236m [48;2;0;0;0m[38;2;242;119;122mvol[48;2;0;0;0m[38;2;242;240;236m)[48;2;0;0;0m[38;2;242;240;236m


export_code.py
    Found 33 lines of identical code in 2 locations (mass = 221)

           1  [48;2;0;0;0m[38;2;204;153;204mimport[48;2;0;0;0m[38;2;211;208;200m [48;2;0;0;0m[38;2;211;208;200mos[48;2;0;0;0m[38;2;211;208;200m
           2  [48;2;0;0;0m[38;2;211;208;200m
           3  [48;2;0;0;0m[38;2;204;153;204mdef[48;2;0;0;0m[38;2;211;208;200m [48;2;0;0;0m[38;2;102;153;204mexport_unity_codebase[48;2;0;0;0m[38;2;211;208;200m([48;2;0;0;0m[38;2;242;119;122massets_folder_path[48;2;0;0;0m[38;2;211;208;200m,[48;2;0;0;0m[38;2;211;208;200m [48;2;0;0;0m[38;2;242;119;122moutput_filename[48;2;0;0;0m[38;2;211;208;200m=[48;2;0;0;0m[38;2;211;208;200m"[48;2;0;0;0m[38;2;153;204;153munity_codebase.txt[48;2;0;0;0m[38;2;211;208;200m"[48;2;0;0;0m[38;2;211;208;200m)[48;2;0;0;0m[38;2;211;208;200m:[48;2;0;0;0m[38;2;211;208;200m
           4  [48;2;0;0;0m[38;2;211;208;200m    [48;2;0;0;0m[38;2;116;115;105m"""[48;2;0;0;0m[38;2;116;115;105m
           5  [48;2;0;0;0m[38;2;116;115;105m    Recursively scans your Unity Assets folder and concatenates all .cs files
           6  [48;2;0;0;0m[38;2;116;115;105m    into a single text file with clear file path headers.
              [hid 27 additional lines]
        also found at .mimocode/export_code.py


